年,月,日,時,分,縣市,區,死,受傷,2-30,天候,光線,道路類別,速限,道路型態,事故位置,路面鋪裝,路面狀態,路面缺陷,障礙物,視距,號誌種類,號誌動作,分向設施,快車道或一般車道間,快慢車道間,路面邊線,事故類型及型態,主要肇因,受傷程度,主要傷處,保護裝備,行動電話,當事者區分,車輛用途,當事者行動狀態,駕駛資格情形,駕駛執照種類,飲酒情形,車輛撞擊部位最初,車輛撞擊部位其他,肇事因素個別,肇事因素主要,肇事逃逸,職業,旅次目的,車種,GPS緯度,GPS經度,事故類別
2022,10,4,21,45,臺中市,西區,0,0,0,,,,50,,,,,,,,,,,,,,,23,,,,,B03,,,1,,1,,,23,,1,21,,B03,120.669792,24.143996,3
2022,10,4,21,54,臺中市,西屯區,0,1,0,8,3,5,50,4,1,1,5,4,5,7,1,1,10,5,5,2,17,23,2,9,1,1,C03,7,9,1,10,2,12,,23,23,1,22,8,C03,120.619861,24.182759,2
2022,10,4,21,58,臺中市,東區,0,0,0,8,,,50,,,,,,,,,,,,,,,1,,,,,B03,,,1,9,2,,,1,43,1,5,,B03,120.690173,24.13141,3
2022,10,4,21,59,臺中市,北屯區,0,1,0,8,3,5,50,4,2,1,5,4,5,7,2,1,5,4,4,1,10,26,2,9,1,1,C03,7,9,1,10,2,11,,26,26,1,22,8,C03,120.688493,24.181908,2
2022,10,4,22,0,臺中市,南區,0,1,0,8,3,5,50,4,2,1,5,4,5,7,2,1,5,2,5,2,18,23,2,9,1,1,C03,7,9,1,10,2,12,,23,23,1,18,8,C03,120.684769,24.130826,2
2022,10,4,22,3,臺中市,南屯區,0,1,0,8,3,5,50,4,1,1,5,4,5,7,2,1,3,4,5,2,16,25,3,10,1,1,B12,7,5,1,8,8,2,,25,25,2,22,8,B12,120.649938,24.140002,2
2022,10,4,22,29,臺中市,南屯區,0,0,0,8,,,50,,,,,,,,,,,,,,,23,,,,,B03,,,1,,2,,,23,,1,5,,B03,120.630996,24.150953,3
2022,10,4,22,33,臺中市,西屯區,0,2,0,8,3,5,50,14,9,1,5,4,5,7,4,4,1,4,5,2,13,16,2,9,1,1,C03,7,9,1,10,2,11,,16,16,1,22,8,C03,120.64651,24.169687,2
2022,10,4,22,44,臺中市,西屯區,0,1,0,8,1,5,30,14,9,1,5,4,5,7,4,4,10,5,5,2,17,23,2,9,1,1,C03,7,9,1,10,2,11,,23,23,1,22,8,C03,120.642889,24.181422,2
2022,10,4,23,7,臺中市,西區,0,1,0,8,1,5,50,14,9,1,5,4,5,7,4,4,10,5,5,2,17,26,3,10,1,1,B01,7,11,1,4,2,4,,26,26,1,22,9,B01,120.661546,24.146809,2
2022,10,4,23,15,臺中市,沙鹿區,0,1,0,8,3,5,60,4,2,1,5,4,5,7,1,2,1,2,1,1,17,26,3,10,1,1,B03,7,9,1,8,2,8,,26,26,1,4,8,B03,120.574102,24.229887,2
2022,10,4,23,17,臺中市,北屯區,0,1,0,8,3,5,50,14,9,1,5,4,5,7,4,4,4,4,5,2,17,23,2,7,3,4,C03,7,9,1,10,9,12,,23,23,2,21,8,C03,120.745455,24.188473,2
2022,10,4,23,57,臺中市,南區,0,0,0,8,,,50,,,,,,,,,,,,,,,42,,,,,B03,,,1,,2,,,42,,1,22,,B03,120.658228,24.117583,3
2022,10,5,1,6,臺中市,南屯區,0,0,0,,,,40,,,,,,,,,,,,,,,12,,,,,B03,,,1,,1,,,12,,1,4,,B03,120.623073,24.147061,3
2022,10,5,2,0,臺中市,烏日區,0,1,0,8,3,5,30,3,8,1,5,4,5,7,4,4,1,4,1,2,13,23,2,9,1,1,C03,7,9,1,10,2,11,,23,23,1,22,8,C03,120.648585,24.108325,2
2022,10,5,5,56,臺中市,石岡區,0,2,0,8,2,5,70,4,1,1,5,4,5,7,2,1,1,5,5,2,15,25,2,9,1,1,C03,7,9,1,10,2,11,,25,25,1,19,8,C03,120.77392,24.27491,2
2022,10,5,6,47,臺中市,南區,0,0,0,,,,50,,,,,,,,,,,,,,,19,,,,,B12,,,1,,2,,,19,,1,22,,B12,120.665643,24.125961,3
2022,10,5,7,23,臺中市,大甲區,0,1,0,8,1,5,30,14,9,1,5,4,5,7,4,4,10,5,5,2,11,42,3,10,1,1,C03,7,9,2,18,2,11,13,42,42,1,9,8,C03,120.63252,24.35645,2
2022,10,5,7,28,臺中市,沙鹿區,0,1,0,8,1,5,40,3,8,1,5,4,5,7,1,1,1,1,4,2,13,16,2,9,1,1,C03,7,9,1,10,2,11,,16,16,1,4,9,C03,120.561616,24.208109,2
2022,10,5,7,30,臺中市,東區,0,0,0,,,,50,,,,,,,,,,,,,,,16,,,,,B03,,,1,,2,,,16,,1,22,,B03,120.700141,24.132513,3
2022,10,5,7,30,臺中市,大甲區,0,0,0,8,1,5,50,3,1,1,5,4,5,7,4,4,5,4,5,2,16,18,3,10,1,1,B03,7,3,1,6,1,6,,18,17,1,22,9,B03,120.6247,24.351931,3
2022,10,5,7,31,臺中市,東區,0,0,0,8,,,50,,,,,,,,,,,,,,,16,,,,,B03,,,1,,2,,,16,,1,3,,B03,120.706915,24.144427,3
2022,10,5,7,34,臺中市,南區,0,2,0,8,1,5,50,4,8,1,5,4,5,7,4,4,9,4,4,2,12,43,2,9,1,1,C03,7,9,1,10,2,14,,43,43,1,5,1,C03,120.66158,24.109946,2
2022,10,5,7,35,臺中市,沙鹿區,0,1,0,8,1,5,50,3,9,1,5,4,5,7,1,1,4,3,4,1,16,25,3,10,1,1,B03,7,9,1,8,2,8,,25,25,1,22,8,B03,120.564503,24.238547,2
2022,10,5,7,36,臺中市,大雅區,0,1,0,8,1,5,50,14,8,1,5,4,5,7,4,4,1,4,4,1,16,7,3,10,1,1,B03,7,8,1,8,2,2,,7,7,1,22,9,B03,120.649046,24.217765,2
2022,10,5,7,39,臺中市,梧棲區,0,0,0,8,,,40,,,,,,,,,,,,,,,23,,,,,A11,,,1,,2,,,23,23,1,10,,A11,120.537689,24.249197,3
2022,10,5,7,40,臺中市,神岡區,0,0,0,8,,,30,,,,,,,,,,,,,,,5,,,,,C03,,,1,,2,,,5,,1,21,,C03,120.687063,24.246661,4
2022,10,5,7,44,臺中市,西區,0,1,0,8,1,5,50,14,9,1,5,4,5,7,4,4,5,5,5,2,2,23,3,10,3,4,B03,7,9,1,8,2,2,,23,23,1,22,5,B03,120.674358,24.13876,2
2022,10,5,7,47,臺中市,東區,0,2,0,8,1,5,50,4,1,1,5,4,5,7,2,1,5,5,5,2,16,10,2,9,1,1,C03,7,11,1,10,2,11,,10,10,1,20,5,C03,120.685537,24.134024,2
2022,10,5,7,50,臺中市,清水區,0,0,0,8,,,50,,,,,,,,,,,,,,,23,,,,,B03,,,1,,2,,,23,,1,21,,B03,120.548348,24.264276,3
2022,10,5,7,50,臺中市,梧棲區,0,0,0,8,,,80,,,,,,,,,,,,,,,16,,,,,B03,,,1,,2,,,16,,1,5,,B03,120.528391,24.231771,3
2022,10,5,7,51,臺中市,北區,0,2,0,8,1,5,50,3,1,1,5,4,5,7,1,1,10,5,5,2,17,25,2,9,1,1,C03,7,9,1,10,2,12,,25,25,1,22,9,C03,120.685056,24.157693,2
2022,10,5,8,0,臺中市,北屯區,0,2,0,8,1,5,50,4,1,1,5,4,5,7,1,1,10,5,5,2,16,16,2,9,1,1,C03,7,6,1,10,2,14,,16,16,1,5,8,C03,120.735971,24.175533,2
2022,10,5,8,7,臺中市,西區,0,1,0,8,1,5,30,14,9,1,5,4,5,7,4,4,10,5,5,2,13,16,2,8,1,1,C03,7,9,1,10,1,11,,16,16,1,4,8,C03,120.66445,24.152687,2
2022,10,5,8,11,臺中市,南屯區,0,0,0,8,,,50,,,,,,,,,,,,,,,23,,,,,C03,,,1,,2,,,23,,1,22,,C03,120.609536,24.149929,3
2022,10,5,8,16,臺中市,西屯區,0,0,0,8,,,50,,,,,,,,,,,,,,,43,,,,,,,,,,,,,43,,1,,,,120.623564,24.184786,3
2022,10,5,8,20,臺中市,梧棲區,0,0,0,8,,,30,,,,,,,,,,,,,,,6,,,,,C03,,,1,,1,,,6,,1,11,,C03,120.535718,24.244472,3
2022,10,5,8,21,臺中市,北屯區,0,1,0,8,1,5,50,4,1,1,5,4,5,7,4,4,10,5,5,2,16,6,3,10,1,1,C03,7,5,1,10,2,12,,6,6,1,21,8,C03,120.681629,24.189317,2
2022,10,5,8,23,臺中市,南屯區,0,0,0,,,,50,,,,,,,,,,,,,,,23,,,,,C03,,,1,,2,,,23,,1,22,,C03,120.638911,24.14189,3
2022,10,5,8,24,臺中市,南屯區,0,2,0,8,1,5,50,4,1,1,5,4,5,7,4,4,10,5,5,2,15,6,2,9,1,1,C03,7,9,6,10,4,12,,14,6,1,5,1,C03,120.645428,24.139353,2
2022,10,5,8,31,臺中市,北區,0,2,0,8,1,5,50,14,9,1,5,4,5,7,4,4,5,5,4,2,16,19,2,9,1,1,C03,7,1,1,10,2,14,,19,19,1,5,8,C03,120.692483,24.151715,2
2022,10,5,8,35,臺中市,西區,0,1,0,8,1,5,40,14,8,1,5,4,5,7,4,4,1,2,1,2,17,42,2,9,3,4,C03,7,15,1,10,1,12,,42,42,1,22,5,C03,120.663356,24.154769,2
2022,10,5,8,38,臺中市,北區,0,0,0,8,,,50,,,,,,,,,,,,,,,12,,,,,B03,,,1,,1,,,12,,1,5,,B03,120.674113,24.155605,3
2022,10,5,8,48,臺中市,大雅區,0,1,0,8,1,5,30,15,9,1,5,4,5,7,4,4,10,5,5,1,17,23,2,9,1,1,C03,7,9,1,10,2,11,,23,23,1,22,9,C03,120.630048,24.210294,2
2022,10,5,8,51,臺中市,西屯區,0,0,0,8,,,50,,,,,,,,,,,,,,,42,,,,,B12,,,1,,2,,,42,,1,22,,B12,120.634645,24.175428,3
2022,10,5,8,55,臺中市,后里區,0,0,0,8,2,5,30,13,9,1,5,4,5,7,4,4,10,5,5,2,14,42,,,,,G03,,,8,,2,,,42,42,1,22,,G03,120.72661,24.314484,3
2022,10,5,9,2,臺中市,后里區,0,1,0,8,1,5,50,4,1,1,5,4,5,7,1,1,4,4,5,1,16,23,3,10,1,1,C03,7,9,1,10,2,12,,23,23,1,4,8,C03,120.711438,24.304511,2
2022,10,5,9,16,臺中市,清水區,0,0,0,8,1,5,50,14,7,1,5,4,5,7,1,1,1,4,4,2,13,23,,,,,B03,,,1,,2,,,23,,1,5,,B03,120.572348,24.262195,3
2022,10,5,9,19,臺中市,北屯區,0,0,0,8,,,50,,,,,,,,,,,,,,,25,,,,,B03,,,6,,2,,,25,,1,5,,B03,120.721036,24.174835,3
2022,10,5,9,26,臺中市,潭子區,0,3,0,8,1,5,60,3,2,1,5,4,5,7,1,1,1,4,4,1,12,17,2,9,1,1,C03,7,9,1,10,2,14,,17,17,1,22,8,C03,120.709041,24.233195,2
2022,10,5,9,27,臺中市,西屯區,0,2,0,8,1,5,50,3,8,1,5,4,5,7,1,1,5,4,5,2,16,6,2,8,3,4,C03,7,6,1,10,2,12,,6,6,1,22,8,C03,120.632579,24.182826,2
2022,10,5,9,30,臺中市,西區,0,2,0,8,1,5,50,4,1,1,5,4,5,7,1,1,10,5,5,2,16,6,2,7,1,1,C03,7,5,1,10,2,11,,6,6,1,5,8,C03,120.67016,24.139509,2
2022,10,5,10,12,臺中市,南區,0,2,0,8,1,5,50,4,1,1,5,4,5,7,1,1,9,4,4,2,16,25,2,9,1,1,C03,7,9,1,10,2,11,,25,25,1,5,1,C03,120.669975,24.122469,2
2022,10,5,10,13,臺中市,北區,0,1,0,8,1,5,50,4,1,1,5,4,5,7,1,1,5,4,5,2,13,23,3,10,1,1,C03,7,9,1,10,2,11,,23,23,1,5,8,C03,120.677303,24.151254,2
2022,10,5,10,18,臺中市,沙鹿區,0,1,0,8,1,5,50,4,1,1,5,4,5,7,1,1,10,5,5,2,16,25,2,9,1,1,C03,7,9,1,10,2,11,,44,25,1,18,9,C03,120.578696,24.221269,2
2022,10,5,10,19,臺中市,北屯區,0,0,0,8,,,50,,,,,,,,,,,,,,,16,,,,,C03,,,1,,1,,,16,16,1,5,,C03,120.688772,24.171959,3
2022,10,5,10,39,臺中市,東區,0,1,0,8,1,5,50,3,1,1,5,4,5,7,4,4,5,4,5,2,16,7,2,9,1,1,C03,7,7,1,10,2,14,,7,7,1,5,8,C03,120.682733,24.134978,2
2022,10,5,10,48,臺中市,梧棲區,0,2,0,8,1,5,50,3,1,1,5,4,5,7,1,1,10,5,5,2,16,6,2,3,2,1,B03,7,6,1,8,2,5,,6,6,1,20,8,B03,120.540258,24.24844,2
2022,10,5,10,49,臺中市,西區,0,1,0,8,1,5,30,4,1,1,5,4,5,7,4,4,10,5,5,2,15,6,3,10,1,1,C03,7,9,1,10,2,12,,6,6,1,22,8,C03,120.660495,24.135828,2
2022,10,5,10,50,臺中市,南屯區,0,0,0,,,,50,,,,,,,,,,,,,,,23,,,,,A12,,,1,,2,,,23,,1,22,,A12,120.633875,24.13663,3
2022,10,5,10,50,臺中市,沙鹿區,0,0,0,,,,50,,,,,,,,,,,,,,,7,,,,,A12,,,1,,2,,,44,44,1,10,,A12,120.569476,24.238769,3
2022,10,5,10,51,臺中市,北區,0,0,0,8,,,50,,,,,,,,,,,,,,,26,,,,,C03,,,1,,1,,,26,,1,22,,C03,120.689875,24.158181,3
2022,10,5,11,25,臺中市,西屯區,0,0,0,8,,,40,,,,,,,,,,,,,,,12,,,,,B03,,,1,,1,,,12,,1,22,,B03,120.634371,24.165,3
2022,10,5,11,37,臺中市,北屯區,0,0,0,8,,,70,,,,,,,,,,,,,,,7,,,,,A41,,,1,,2,,,7,,1,5,,A41,120.702833,24.200976,3
2022,10,5,11,40,臺中市,大肚區,0,0,0,,,,50,,,,,,,,,,,,,,,23,,,,,A12,,,1,,2,,,23,,1,21,,A12,120.556276,24.128194,3
2022,10,5,11,47,臺中市,西區,0,1,0,8,1,5,50,4,1,1,5,4,5,7,1,1,5,5,5,2,12,9,3,10,3,4,B03,7,6,1,8,2,2,,9,9,1,21,8,B03,120.655144,24.146707,2
2022,10,5,11,47,臺中市,太平區,0,1,0,8,1,5,50,14,8,1,5,4,5,7,4,4,5,4,4,1,13,23,2,9,1,1,C03,7,9,1,10,2,11,,23,23,1,22,5,C03,120.728987,24.15003,2
2022,10,5,11,52,臺中市,太平區,0,1,0,8,1,5,50,3,1,1,5,4,5,7,1,1,10,5,5,2,16,6,3,10,1,1,B02,7,5,1,8,2,1,,6,6,1,22,5,B02,120.733285,24.118437,2
2022,10,5,11,58,臺中市,太平區,0,0,0,8,,,50,,,,,,,,,,,,,,,23,,,,,B03,,,1,,2,,,23,,1,4,,B03,120.720921,24.120317,3
2022,10,5,12,2,臺中市,新社區,0,1,0,8,1,5,50,14,9,1,5,4,5,7,4,4,4,5,5,1,17,19,2,7,2,1,C03,7,1,3,18,2,14,,19,19,1,22,7,C03,120.807668,24.253313,2
2022,10,5,12,8,臺中市,北區,0,1,0,8,1,5,50,4,1,1,5,4,5,7,1,1,10,5,5,2,18,42,2,9,1,1,C03,7,12,1,10,2,14,,42,42,1,22,9,C03,120.670818,24.173253,2
2022,10,5,12,10,臺中市,大里區,0,4,0,8,1,5,60,3,1,1,5,4,5,7,1,1,10,5,5,2,16,21,2,9,1,1,C03,7,9,1,10,6,11,,21,21,1,9,8,C03,120.687554,24.086311,2
2022,10,5,12,13,臺中市,南區,0,1,0,8,1,5,50,4,1,1,5,4,5,7,2,1,1,5,1,2,16,26,3,10,1,1,B03,7,6,1,8,2,5,,26,26,1,20,5,B03,120.683805,24.123754,2
2022,10,5,12,16,臺中市,大雅區,0,0,0,8,,,50,,,,,,,,,,,,,,,4,,,,,C03,,,1,,2,,,4,,1,22,,C03,120.653607,24.223808,3
2022,10,5,12,17,臺中市,大雅區,0,1,0,8,1,5,50,3,1,1,5,4,5,7,2,1,1,4,5,1,13,23,2,8,1,1,C03,7,5,1,10,2,13,,23,23,1,22,9,C03,120.647364,24.221044,2
2022,10,5,12,18,臺中市,南屯區,0,0,0,,,,40,,,,,,,,,,,,,,,12,,,,,B03,,,1,,1,,,12,,1,22,,B03,120.60887,24.13855,3
2022,10,5,12,20,臺中市,梧棲區,0,1,0,8,1,5,70,14,7,1,5,4,5,7,1,1,1,4,1,1,13,23,3,10,1,1,B12,7,9,1,8,2,1,,23,23,1,12,8,B12,120.540258,24.24844,2
2022,10,5,12,21,臺中市,太平區,0,1,0,8,1,5,50,14,9,1,5,4,5,7,4,4,5,4,5,2,16,19,2,9,1,1,C03,7,1,1,10,2,14,,19,19,1,22,5,C03,120.715842,24.159381,2
2022,10,5,12,45,臺中市,沙鹿區,0,0,0,8,1,6,50,13,9,1,5,4,5,7,4,4,5,4,5,2,11,43,,,,,B03,,,3,,2,,,43,,1,22,,B03,120.575601,24.230925,3
2022,10,5,12,47,臺中市,外埔區,0,1,0,8,1,5,30,11,9,1,5,4,5,1,4,4,10,5,5,1,10,5,2,8,1,1,C03,7,9,6,18,2,11,,5,23,1,5,8,C03,120.619918,24.332048,2
2022,10,5,13,0,臺中市,南屯區,0,3,0,8,1,5,50,4,1,1,5,4,5,7,2,1,10,5,5,2,16,6,2,8,1,1,C03,7,5,1,10,2,11,,6,6,1,22,9,C03,120.609722,24.138611,2
2022,10,5,13,0,臺中市,沙鹿區,0,0,0,8,,,50,,,,,,,,,,,,,,,23,,,,,B12,,,1,,2,,,23,,1,4,,B12,120.558825,24.234814,3
2022,10,5,13,15,臺中市,清水區,0,2,0,8,1,5,50,4,1,1,5,4,5,7,1,1,10,5,5,2,16,25,2,8,1,1,C03,7,9,1,10,2,13,,25,25,1,21,8,C03,120.572651,24.262344,2
2022,10,5,13,16,臺中市,北區,0,0,0,8,,,50,,,,,,,,,,,,,,,12,,,,,B12,,,6,,1,,,12,12,1,5,,B12,120.694364,24.15754,3
2022,10,5,13,25,臺中市,東區,0,0,0,,,,30,,,,,,,,,,,,,,,23,,,,,B03,,,1,,9,,,23,,2,5,,B03,120.703625,24.130393,3
2022,10,5,13,27,臺中市,太平區,0,0,0,8,,,30,,,,,,,,,,,,,,,23,,,,,B12,,,1,,1,,,23,,1,21,,B12,120.71756,24.144941,3
2022,10,5,13,31,臺中市,西區,0,0,0,8,1,5,50,14,9,1,5,4,5,7,4,4,1,5,5,2,13,23,,,,,B03,,,1,,1,,,23,23,1,21,,B03,120.65726,24.153126,3
2022,10,5,13,34,臺中市,南區,0,0,0,8,,,50,,,,,,,,,,,,,,,23,,,,,C03,,,1,,2,,,23,,1,5,,C03,120.67916,24.119091,3
2022,10,5,13,35,臺中市,沙鹿區,0,1,0,8,1,5,30,14,9,1,5,4,5,7,4,4,10,5,5,2,10,42,3,10,1,1,C03,7,9,1,10,2,11,,42,42,1,18,8,C03,120.548837,24.21634,2
2022,10,5,14,2,臺中市,北屯區,0,2,0,8,1,5,50,14,9,1,5,4,5,7,4,4,5,5,5,2,16,26,2,8,1,1,C03,7,11,1,10,2,11,,26,26,1,5,8,C03,120.690465,24.182908,2
2022,10,5,14,7,臺中市,梧棲區,0,0,0,8,,,70,,,,,,,,,,,,,,,6,,,,,B12,,,1,,1,,,6,,1,9,,B12,120.554233,24.248228,3
2022,10,5,14,8,臺中市,神岡區,0,0,0,8,,,40,,,,,,,,,,,,,,,42,,,,,B03,,,1,,1,,,42,42,1,22,,B03,120.691446,24.248245,3
2022,10,5,14,10,臺中市,北屯區,0,0,0,8,,,50,,,,,,,,,,,,,,,12,,,,,B03,,,1,,2,,,12,,1,22,,B03,120.719727,24.179554,3
2022,10,5,14,15,臺中市,西屯區,0,0,0,8,,,1,,,,,,,,,,,,,,,12,,,,,B12,,,1,,1,,,12,,1,22,,B12,120.637417,24.173794,3
2022,10,5,14,30,臺中市,龍井區,0,1,0,8,1,5,40,3,1,1,5,4,5,7,4,4,5,5,5,1,16,6,3,10,1,1,B03,7,5,1,8,2,5,,6,23,1,22,9,B03,120.5853,24.185144,2
2022,10,5,14,32,臺中市,清水區,0,0,0,8,,,60,,,,,,,,,,,,,,,7,,,,,B02,,,1,,2,,,7,,1,21,,B02,120.549115,24.281433,3
2022,10,5,14,33,臺中市,北區,0,0,0,,,,40,,,,,,,,,,,,,,,23,,,,,B03,,,1,,2,,,23,,1,5,,B03,120.693296,24.154312,3
2022,10,5,14,50,臺中市,北屯區,0,0,0,8,,,50,,,,,,,,,,,,,,,16,,,,,B03,,,1,,1,,,16,,1,5,,B03,120.717091,24.175475,3
2022,10,5,14,51,臺中市,西屯區,0,1,0,8,1,5,30,3,1,1,5,4,5,7,4,4,10,5,5,2,16,6,2,9,1,1,C03,7,6,1,10,2,11,,6,6,1,22,8,C03,120.66086,24.202144,2
2022,10,5,14,56,臺中市,豐原區,0,0,0,8,,,50,,,,,,,,,,,,,,,12,,,,,B12,,,1,,2,,,12,,1,22,,B12,120.742099,24.263467,3
2022,10,5,15,1,臺中市,中區,0,0,0,8,,,50,,,,,,,,,,,,,,,23,,,,,B03,,,1,,2,,,23,,1,22,,B03,120.681692,24.139033,3
2022,10,5,15,1,臺中市,北屯區,0,2,0,8,1,5,50,4,1,1,5,4,5,7,1,1,10,5,5,2,15,25,2,9,1,1,C03,7,9,1,10,2,11,,25,25,1,19,8,C03,120.714448,24.173819,2
2022,10,5,15,2,臺中市,東區,0,0,0,8,,,50,,,,,,,,,,,,,,,23,,,,,B03,,,1,,2,,,23,,1,22,,B03,120.686237,24.144447,3
2022,10,5,15,3,臺中市,西屯區,0,0,0,8,,,30,,,,,,,,,,,,,,,17,,,,,B12,,,1,,1,,,17,,1,22,,B12,120.645493,24.18047,3
2022,10,5,15,25,臺中市,西區,0,0,0,,,,50,,,,,,,,,,,,,,,16,,,,,B03,,,1,,1,,,16,,1,22,,B03,120.670484,24.152219,3
2022,10,5,15,30,臺中市,西屯區,0,0,0,8,,,50,,,,,,,,,,,,,,,17,,,,,A32,,,1,,1,,,17,,1,22,,A32,120.654943,24.200663,3
2022,10,5,15,30,臺中市,龍井區,0,2,0,8,1,5,50,4,1,1,5,4,5,7,4,4,5,4,5,1,16,16,2,9,1,1,C03,7,9,1,10,2,12,,16,16,1,22,9,C03,120.589458,24.180797,2
2022,10,5,15,35,臺中市,清水區,0,0,0,8,,,40,,,,,,,,,,,,,,,23,,,,,B03,,,1,,2,,,23,,1,22,,B03,120.572949,24.263795,3
2022,10,5,15,45,臺中市,沙鹿區,0,1,0,8,1,5,50,3,1,1,5,4,5,7,4,4,8,5,5,2,3,23,3,10,1,1,C03,7,9,1,10,2,13,,23,23,1,2,9,C03,120.612821,24.242445,2
2022,10,5,15,50,臺中市,南屯區,0,0,0,8,,,50,,,,,,,,,,,,,,,23,,,,,B03,,,1,,1,,,23,,1,22,,B03,120.651505,24.152425,3
2022,10,5,15,59,臺中市,西屯區,0,1,0,8,1,5,40,14,8,1,5,4,5,7,4,4,5,4,4,2,14,12,3,10,1,1,B03,7,2,1,8,2,7,,12,12,1,22,8,B03,120.587668,24.167366,2
2022,10,5,16,0,臺中市,西屯區,0,0,0,8,,,50,,,,,,,,,,,,,,,16,,,,,B03,,,1,,1,,,16,,1,22,,B03,120.634563,24.164314,3
2022,10,5,16,3,臺中市,西區,0,1,0,8,1,5,50,4,1,1,5,4,5,7,2,1,10,5,5,2,16,7,2,9,1,1,C03,7,8,1,10,2,12,,7,7,1,20,8,C03,120.669414,24.138753,2
2022,10,5,16,7,臺中市,北區,0,1,0,8,1,5,50,14,7,1,5,4,5,7,4,4,9,4,4,2,17,42,3,10,1,1,C03,7,11,1,10,11,15,,42,42,1,22,8,C03,120.682789,24.148371,2
2022,10,5,16,7,臺中市,南屯區,0,1,0,8,1,5,50,14,8,1,5,4,5,7,4,4,5,4,4,2,16,10,3,10,1,1,B03,7,11,1,8,2,2,,10,10,1,22,8,B03,120.63485,24.149841,2
2022,10,5,16,11,臺中市,梧棲區,0,0,0,8,,,30,,,,,,,,,,,,,,,12,,,,,A12,,,1,,2,,,12,,1,12,,A12,120.522611,24.224608,3
2022,10,5,16,15,臺中市,東區,0,1,0,8,1,5,50,5,1,1,5,4,5,7,1,1,10,5,5,2,16,42,2,9,1,1,B03,7,5,1,8,2,5,,42,42,1,22,8,B03,120.699351,24.146853,2
2022,10,5,16,25,臺中市,西屯區,0,0,0,8,,,50,,,,,,,,,,,,,,,12,,,,,B12,,,1,,1,,,12,,1,22,,B12,120.608759,24.15742,3
2022,10,5,16,31,臺中市,西屯區,0,2,0,8,1,5,50,4,1,1,5,4,5,7,1,1,10,5,5,2,16,25,2,9,1,1,C03,7,9,1,10,2,11,,25,25,1,22,8,C03,120.634618,24.164868,2
2022,10,5,16,53,臺中市,西屯區,0,1,0,8,2,5,30,14,9,1,5,4,5,7,4,4,10,5,5,2,12,23,3,10,1,1,C03,7,4,1,10,2,11,,23,23,1,22,8,C03,120.645424,24.175257,2
2022,10,5,16,53,臺中市,清水區,0,0,0,8,,,50,,,,,,,,,,,,,,,10,,,,,B03,,,1,,2,,,10,,1,20,,B03,120.574888,24.282518,3
2022,10,5,16,54,臺中市,清水區,0,1,0,8,1,5,50,5,2,1,5,4,5,7,1,1,5,5,5,1,13,23,2,8,1,1,B03,7,9,1,7,2,8,,23,16,1,20,5,B03,120.575391,24.278511,2
2022,10,5,16,55,臺中市,西屯區,0,0,0,8,1,5,40,14,8,1,5,4,5,7,4,4,1,4,4,2,14,12,3,10,1,1,B12,7,2,1,8,2,6,,12,12,1,22,8,B12,120.657693,24.176012,3
2022,10,5,17,10,臺中市,西屯區,0,0,0,8,,,50,,,,,,,,,,,,,,,23,,,,,C03,,,1,,1,,,23,,1,22,,C03,120.618443,24.188047,3
2022,10,5,17,12,臺中市,東區,0,3,0,8,1,5,50,14,7,1,5,4,5,7,4,4,5,4,5,2,16,23,2,9,1,1,C03,7,9,1,10,2,11,,23,23,1,22,8,C03,120.691507,24.142973,2
2022,10,5,17,14,臺中市,梧棲區,0,0,0,,,,40,,,,,,,,,,,,,,,16,,,,,B03,,,1,,2,,,16,,1,4,,B03,120.537634,24.249178,3
2022,10,5,17,15,臺中市,南屯區,0,0,0,8,,,50,,,,,,,,,,,,,,,23,,,,,B03,,,1,,1,,,23,,1,22,,B03,120.625001,24.14522,3
2022,10,5,17,18,臺中市,沙鹿區,0,2,0,8,1,5,15,14,9,1,5,4,5,7,4,4,5,5,5,2,12,1,2,7,1,1,C03,7,9,1,10,2,12,,1,1,1,11,1,C03,120.555212,24.23173,2
2022,10,5,17,19,臺中市,南區,0,0,0,,,,50,,,,,,,,,,,,,,,42,,,,,C03,,,1,,2,,,42,,1,22,,C03,120.664603,24.127792,3
2022,10,5,17,19,臺中市,神岡區,0,2,0,8,1,5,50,15,9,1,5,4,5,7,4,4,5,5,5,1,18,42,2,9,1,1,C03,7,15,1,10,2,15,,42,42,1,22,8,C03,120.696403,24.25183,2
2022,10,5,17,20,臺中市,大甲區,0,1,0,8,1,5,30,4,1,1,5,4,5,7,1,1,10,5,5,2,15,6,2,8,1,1,C03,7,9,3,18,2,11,,6,6,1,22,9,C03,120.633729,24.361061,2
2022,10,5,17,20,臺中市,神岡區,0,0,0,8,,,50,,,,,,,,,,,,,,,23,,,,,B03,,,1,,1,,,23,,1,22,,B03,120.657258,24.278283,3
2022,10,5,17,29,臺中市,西屯區,0,0,0,8,,,50,,,,,,,,,,,,,,,23,,,,,B01,,,1,,1,,,23,,1,22,,B01,120.667476,24.177261,3