年,月,日,時,分,縣市,區,死,受傷,2-30,天候,光線,道路類別,速限,道路型態,事故位置,路面鋪裝,路面狀態,路面缺陷,障礙物,視距,號誌種類,號誌動作,分向設施,快車道或一般車道間,快慢車道間,路面邊線,事故類型及型態,主要肇因,受傷程度,主要傷處,保護裝備,行動電話,當事者區分,車輛用途,當事者行動狀態,駕駛資格情形,駕駛執照種類,飲酒情形,車輛撞擊部位最初,車輛撞擊部位其他,肇事因素個別,肇事因素主要,肇事逃逸,職業,旅次目的,車種,GPS緯度,GPS經度,事故類別
2022,10,5,17,29,臺中市,豐原區,0,2,0,8,1,5,50,3,2,1,5,4,5,7,4,4,5,5,4,2,16,6,2,9,1,1,C03,7,5,1,10,2,11,14,6,6,1,21,8,C03,120.719864,24.253543,2
2022,10,5,17,31,臺中市,大甲區,0,0,0,,,,70,,,,,,,,,,,,,,,42,,,,,B03,,,1,,1,,,42,42,1,21,,B03,120.648106,24.395918,3
2022,10,5,17,39,臺中市,北區,0,1,0,8,2,5,40,4,1,1,5,4,5,7,4,4,10,5,5,2,29,23,2,9,3,4,C03,7,9,1,10,2,12,,23,23,1,5,8,C03,120.677627,24.15819,2
2022,10,5,17,40,臺中市,梧棲區,0,0,0,8,2,5,70,4,1,1,5,4,5,7,1,1,10,5,5,2,17,23,3,10,1,1,B03,7,9,1,8,7,1,,23,23,1,5,8,B03,120.554054,24.248055,3
2022,10,5,17,43,臺中市,西屯區,0,0,0,8,,,50,,,,,,,,,,,,,,,43,,,,,C03,,,1,,2,,,43,,1,22,,C03,120.66378,24.172371,3
2022,10,5,17,49,臺中市,北屯區,0,1,0,8,3,5,50,14,9,1,5,4,5,7,4,4,1,4,5,1,12,7,3,10,1,1,C03,7,8,1,10,2,11,,7,7,1,22,8,C03,120.686512,24.193214,2
2022,10,5,17,50,臺中市,西屯區,0,1,0,8,3,5,40,14,7,1,5,4,5,7,4,4,5,5,4,2,17,40,3,10,1,1,B03,7,15,1,8,2,4,,40,40,1,22,8,B03,120.651844,24.160051,2
2022,10,5,17,53,臺中市,太平區,0,1,0,8,2,5,50,14,9,1,5,4,5,7,4,4,9,5,5,1,12,1,3,10,3,4,B12,7,4,1,8,2,2,,1,1,1,5,8,B12,120.72632,24.119744,2
2022,10,5,17,55,臺中市,北屯區,0,1,0,8,3,5,50,4,1,1,5,4,5,7,1,1,3,4,5,2,18,44,2,9,1,1,C03,7,9,1,10,2,14,,44,44,1,22,8,C03,120.661819,24.189421,2
2022,10,5,17,56,臺中市,梧棲區,0,0,0,,,,50,,,,,,,,,,,,,,,23,,,,,B02,,,1,,2,,,23,,1,4,,B02,120.558065,24.242027,3
2022,10,5,18,10,臺中市,西屯區,0,0,0,8,,,50,,,,,,,,,,,,,,,23,,,,,B03,,,1,,2,,,23,,1,22,,B03,120.621419,24.18231,3
2022,10,5,18,11,臺中市,西屯區,0,1,0,8,3,5,50,3,2,1,5,4,5,7,4,4,5,2,5,2,17,23,3,10,1,1,B03,7,9,1,8,2,8,,23,23,1,22,8,B03,120.653488,24.16518,2
2022,10,5,18,13,臺中市,梧棲區,0,2,0,8,3,5,30,4,1,1,5,4,5,7,4,4,10,5,5,2,15,6,3,10,1,1,C03,7,9,1,10,2,12,,6,6,1,9,8,C03,120.5578,24.241973,2
2022,10,5,18,17,臺中市,西屯區,0,2,0,8,3,5,50,4,18,1,5,4,5,7,1,1,10,5,5,2,3,15,2,9,3,4,C03,7,9,1,10,2,11,,15,15,1,22,8,C03,120.643946,24.178271,2
2022,10,5,18,18,臺中市,西屯區,0,0,0,8,,,50,,,,,,,,,,,,,,,23,,,,,B03,,,1,,1,,,23,23,1,22,,B03,120.655627,24.169255,3
2022,10,5,18,19,臺中市,潭子區,0,3,0,8,4,5,50,4,2,1,5,4,5,7,1,1,3,4,4,1,12,7,2,9,1,1,C03,7,8,1,10,2,11,,7,7,1,22,8,C03,120.703827,24.215963,2
2022,10,5,18,20,臺中市,西屯區,0,2,0,8,3,5,50,4,1,1,5,4,5,7,2,1,10,5,5,2,13,16,2,8,1,1,C03,7,12,1,10,2,12,,44,16,1,22,8,C03,120.634816,24.165627,2
2022,10,5,18,23,臺中市,西區,0,1,0,8,3,5,50,4,1,1,5,4,5,7,1,1,5,5,5,2,16,25,3,10,3,4,B03,7,5,1,8,2,1,,25,25,1,21,8,B03,120.671999,24.13511,2
2022,10,5,18,30,臺中市,沙鹿區,0,0,0,8,,,70,,,,,,,,,,,,,,,23,,,,,B03,,,1,,1,,,23,,1,9,,B03,120.622922,24.242401,3
2022,10,5,18,35,臺中市,大雅區,0,0,0,8,,,50,,,,,,,,,,,,,,,6,,,,,B03,,,1,,2,,,6,,1,22,,B03,120.6307,24.24069,3
2022,10,5,18,38,臺中市,北屯區,0,0,0,8,,,50,,,,,,,,,,,,,,,23,,,,,B03,,,1,,1,,,23,,1,21,,B03,120.720659,24.174559,3
2022,10,5,18,38,臺中市,西屯區,0,0,0,8,,,80,,,,,,,,,,,,,,,23,,,,,B03,,,1,,1,,,23,,1,22,,B03,120.630131,24.165752,3
2022,10,5,18,39,臺中市,西區,0,2,0,8,3,5,50,4,2,1,5,4,5,7,1,1,5,4,4,2,13,16,2,9,1,1,C03,7,14,1,10,2,11,,16,16,1,4,1,C03,120.665354,24.150671,2
2022,10,5,18,42,臺中市,潭子區,0,1,0,8,3,5,60,4,1,1,5,4,5,7,1,1,1,3,4,1,16,25,3,10,1,1,C03,7,9,2,18,2,11,,25,25,1,22,8,C03,120.705815,24.218158,2
2022,10,5,18,44,臺中市,北屯區,0,0,0,,,,50,,,,,,,,,,,,,,,6,,,,,B03,,,1,,2,,,6,,1,22,,B03,120.721681,24.175141,3
2022,10,5,19,13,臺中市,太平區,0,0,0,8,,,40,,,,,,,,,,,,,,,12,,,,,B12,,,1,,2,,,12,,1,9,,B12,120.702331,24.148221,3
2022,10,5,19,14,臺中市,西屯區,0,2,0,8,3,5,50,3,1,1,5,4,5,7,4,4,10,5,5,2,16,6,2,9,1,1,C03,7,5,1,10,2,11,,6,6,1,22,8,C03,120.615179,24.182353,2
2022,10,5,19,31,臺中市,西區,0,1,0,8,3,5,50,4,1,1,5,4,5,7,4,4,5,5,5,2,3,15,3,10,3,4,B03,7,5,1,8,2,1,,15,15,1,21,8,B03,120.663552,24.153447,2
2022,10,5,19,32,臺中市,大肚區,0,1,0,8,4,5,40,14,9,1,5,4,5,7,1,1,5,4,5,1,13,6,2,7,1,1,C03,7,9,1,10,2,11,,23,6,1,22,9,C03,120.582635,24.168562,2
2022,10,5,19,32,臺中市,大甲區,0,1,0,8,3,5,50,14,9,1,5,4,5,7,4,4,4,5,5,1,3,51,3,10,1,1,C03,7,9,1,10,2,11,,23,51,1,21,8,C03,120.655541,24.38146,2
2022,10,5,19,37,臺中市,沙鹿區,0,2,0,8,3,5,30,14,20,4,5,4,5,7,4,4,1,4,1,1,9,42,2,9,1,1,C03,7,9,1,10,2,11,,42,42,1,18,8,C03,120.578748,24.22231,2
2022,10,5,19,48,臺中市,西屯區,0,0,0,8,3,5,30,14,9,1,5,4,5,7,4,4,10,5,5,2,11,17,3,10,1,1,B03,7,9,1,8,2,7,,17,17,1,22,8,B03,120.647637,24.175875,3
2022,10,5,19,51,臺中市,北區,0,1,0,8,3,5,50,14,7,1,5,4,5,7,4,4,2,4,4,2,13,16,3,10,1,1,B12,7,9,1,8,2,8,,16,16,1,22,8,B12,120.681531,24.163315,2
2022,10,5,20,22,臺中市,太平區,0,1,0,8,3,5,50,14,8,1,5,4,5,7,4,4,5,4,4,1,11,4,3,10,1,1,C03,7,9,1,10,2,13,,4,4,1,22,5,C03,120.703043,24.155824,2
2022,10,5,20,53,臺中市,北區,0,1,0,8,4,5,50,5,1,1,5,4,5,7,1,1,10,5,5,2,17,43,3,10,3,4,C03,7,5,1,10,2,15,,43,43,1,5,8,C03,120.676764,24.163126,2
2022,10,5,21,0,臺中市,西屯區,0,0,0,8,,,50,,,,,,,,,,,,,,,23,,,,,B12,,,1,,1,,,23,,1,22,,B12,120.606903,24.169188,3
2022,10,5,21,3,臺中市,西屯區,0,1,0,8,3,5,50,3,1,1,5,4,5,7,1,1,10,5,5,2,16,6,3,10,1,1,B03,7,5,1,8,2,8,,6,6,1,22,8,B03,120.628401,24.183941,2
2022,10,5,21,8,臺中市,北區,0,1,0,8,3,5,30,4,1,1,5,4,5,7,4,4,10,5,5,2,16,6,3,10,1,1,B03,7,9,1,8,2,1,,14,6,1,22,8,B03,120.679275,24.15297,2
2022,10,5,21,15,臺中市,北屯區,0,1,0,8,3,5,50,4,1,1,5,4,5,7,1,1,1,2,4,2,12,6,3,10,1,1,B11,7,6,1,8,2,2,,6,6,1,22,8,B11,120.68579,24.177418,2
2022,10,5,21,20,臺中市,西屯區,0,2,0,8,1,5,30,14,9,1,5,4,5,7,4,4,10,5,5,2,10,23,2,9,1,1,C03,7,9,1,10,2,11,,23,23,1,22,8,C03,120.666954,24.176324,2
2022,10,5,21,25,臺中市,北區,0,1,0,8,1,5,50,3,1,1,5,4,5,7,4,4,2,4,5,2,17,6,3,10,1,1,B03,7,9,1,8,2,4,,6,6,1,22,9,B03,120.691711,24.159433,2
2022,10,5,21,33,臺中市,梧棲區,0,0,0,,,,40,,,,,,,,,,,,,,,6,,,,,B12,,,1,,2,,,6,,1,4,,B12,120.529309,24.242784,3
2022,10,5,21,49,臺中市,太平區,0,0,0,8,,,50,,,,,,,,,,,,,,,6,,,,,C03,,,1,,2,,,23,6,1,21,,C03,120.728608,24.150138,3
2022,10,5,22,1,臺中市,西區,0,0,0,8,,,50,,,,,,,,,,,,,,,4,,,,,B03,,,1,8,2,,,4,4,1,5,,B03,120.671813,24.144999,3
2022,10,5,22,2,臺中市,西屯區,0,0,0,8,,,50,,,,,,,,,,,,,,,23,,,,,C03,,,1,,1,,,23,,1,22,,C03,120.642803,24.164547,3
2022,10,5,22,3,臺中市,西屯區,0,1,0,8,3,5,50,14,9,1,5,4,5,7,4,4,5,2,5,2,16,26,3,10,1,1,B03,7,11,1,8,2,4,,26,26,1,22,8,B03,120.655275,24.159031,2
2022,10,5,22,21,臺中市,西屯區,0,0,0,8,,,50,,,,,,,,,,,,,,,7,,,,,B02,,,1,,9,,,7,,1,22,,B02,120.632111,24.174257,3
2022,10,5,22,30,臺中市,豐原區,0,3,0,8,3,5,50,14,9,1,5,4,5,7,4,4,5,5,5,2,2,23,2,9,1,1,C03,7,9,1,10,2,11,,23,23,1,5,3,C03,120.716166,24.231633,2
2022,10,5,22,45,臺中市,太平區,0,0,0,8,,,50,,,,,,,,,,,,,,,19,,,,,B03,,,1,,2,,,19,,1,21,,B03,120.73355,24.118671,3
2022,10,6,0,5,臺中市,北屯區,0,1,0,8,1,5,50,4,1,1,5,4,5,7,1,1,10,5,5,2,9,15,3,10,1,1,B03,7,5,1,8,2,8,,15,15,1,21,8,B03,120.695071,24.183245,2
2022,10,6,0,13,臺中市,新社區,0,1,0,8,3,5,40,14,9,1,5,4,5,7,4,4,10,5,5,1,12,23,2,9,1,1,C03,7,9,1,10,2,11,,23,23,1,7,8,C03,120.80521,24.22534,2
2022,10,6,0,16,臺中市,西屯區,0,2,0,8,3,5,50,4,1,1,5,4,5,7,2,1,10,5,5,2,16,25,2,9,1,1,C03,7,9,1,10,2,14,,25,43,1,22,8,C03,120.660102,24.164309,2
2022,10,6,0,53,臺中市,北屯區,0,1,0,8,3,5,50,4,1,1,5,4,5,7,2,1,10,5,5,2,16,6,3,10,1,1,B03,7,6,1,8,6,2,,6,6,1,21,8,B03,120.717415,24.167465,2
2022,10,6,1,25,臺中市,太平區,0,1,0,8,3,5,50,4,2,1,5,4,5,7,3,1,5,4,4,1,13,8,2,9,1,1,C03,7,5,3,18,2,13,,8,8,1,22,8,C03,120.727499,24.150044,2
2022,10,6,5,26,臺中市,中區,0,0,0,8,,,50,,,,,,,,,,,,,,,16,,,,,B03,,,1,,1,,,16,,1,5,,B03,120.682863,24.143654,3
2022,10,6,5,32,臺中市,太平區,0,1,0,8,2,5,50,4,2,1,5,4,5,7,1,1,5,4,4,2,18,42,2,9,1,1,C03,7,9,1,10,2,12,,42,42,1,21,8,C03,120.724025,24.111108,2
2022,10,6,6,0,臺中市,清水區,0,0,0,,,,50,,,,,,,,,,,,,,,6,,,,,B03,,,1,,5,,,6,,1,21,,B03,120.549406,24.264537,3
2022,10,6,6,37,臺中市,東區,0,1,0,8,1,5,50,4,1,1,5,4,5,7,4,4,10,5,5,2,29,23,2,8,1,1,C03,7,9,1,10,2,12,,23,23,1,21,8,C03,120.691698,24.130326,2
2022,10,6,6,40,臺中市,沙鹿區,0,2,0,8,1,5,50,3,9,1,5,4,5,7,4,4,4,4,5,2,11,6,2,8,1,1,C03,7,5,1,10,2,12,,6,6,1,3,7,C03,120.556819,24.232583,2
2022,10,6,6,59,臺中市,東區,0,0,0,8,1,5,50,4,2,1,5,4,5,7,4,4,5,5,5,2,14,12,3,10,1,1,A12,7,2,1,3,2,7,,12,12,1,21,8,A12,120.709303,24.145061,3
2022,10,6,7,7,臺中市,大甲區,0,1,0,8,1,5,30,14,9,1,5,4,5,7,4,4,10,5,5,2,17,19,3,10,1,1,B03,7,1,1,8,2,1,,19,19,1,21,1,B03,120.61463,24.35742,2
2022,10,6,7,14,臺中市,大甲區,0,1,0,8,1,5,50,14,8,1,5,4,5,7,4,4,9,4,4,1,11,42,2,9,1,1,C03,7,9,2,18,2,11,,42,42,1,16,8,C03,120.63528,24.35794,2
2022,10,6,7,20,臺中市,和平區,0,3,0,8,1,5,50,14,9,1,5,4,1,7,4,4,4,5,5,1,10,14,3,10,1,1,B03,7,9,1,8,2,8,,14,14,1,22,8,B03,120.958301,24.168463,2
2022,10,6,7,21,臺中市,北屯區,0,0,0,8,,,50,,,,,,,,,,,,,,,23,,,,,C03,,,1,,1,,,23,,1,22,,C03,120.686312,24.181048,3
2022,10,6,7,22,臺中市,太平區,0,1,0,8,1,5,50,3,2,1,5,4,5,7,3,1,5,4,5,1,27,44,2,9,1,1,C03,7,9,1,10,2,11,,44,44,1,22,5,C03,120.703891,24.114401,2
2022,10,6,7,24,臺中市,太平區,0,1,0,8,1,5,50,4,1,1,5,4,5,7,1,1,5,2,5,1,17,26,3,10,1,1,C03,7,5,1,10,2,15,,26,26,1,21,8,C03,120.725868,24.133994,2
2022,10,6,7,26,臺中市,北區,0,0,0,8,,,50,,,,,,,,,,,,,,,23,,,,,C03,,,1,,11,,,23,,1,6,,C03,120.677717,24.153815,3
2022,10,6,7,28,臺中市,南屯區,0,1,0,8,1,5,50,14,9,1,5,4,5,7,1,1,5,4,5,2,12,26,3,10,1,1,B03,7,6,1,8,2,2,,26,26,1,22,8,B03,120.614271,24.139173,2
2022,10,6,7,30,臺中市,南區,0,0,0,8,,,40,,,,,,,,,,,,,,,19,,,,,B03,,,1,,2,,,19,,1,5,,B03,120.657889,24.111541,3
2022,10,6,7,33,臺中市,神岡區,0,1,0,8,1,5,50,3,1,1,5,4,5,7,4,4,10,5,5,2,16,6,2,9,1,1,F03,7,1,8,20,2,16,,6,6,1,22,1,F03,120.699005,24.259801,2
2022,10,6,7,38,臺中市,神岡區,0,2,0,8,1,5,30,11,9,1,5,4,5,7,4,4,10,5,5,2,14,12,3,10,1,1,B03,7,2,1,8,2,3,,12,12,1,22,9,B03,120.70591,24.261298,2
2022,10,6,7,44,臺中市,南屯區,0,1,0,8,1,5,50,3,1,1,5,4,5,7,4,4,3,4,5,2,17,6,3,10,1,1,B03,7,6,1,8,2,2,,6,6,1,22,8,B03,120.646852,24.141773,2
2022,10,6,7,45,臺中市,西區,0,1,0,8,1,5,30,4,1,1,5,4,5,7,4,4,10,5,5,2,15,6,3,10,1,1,C03,7,9,1,10,2,14,,6,6,1,22,9,C03,120.660954,24.146714,2
2022,10,6,7,45,臺中市,北屯區,0,0,0,8,,,50,,,,,,,,,,,,,,,23,,,,,B12,,,1,,1,,,23,,1,5,,B12,120.680537,24.200824,3
2022,10,6,7,46,臺中市,太平區,0,0,0,8,,,50,,,,,,,,,,,,,,,16,,,,,C03,,,1,,2,,,16,,1,21,,C03,120.721642,24.14396,3
2022,10,6,7,48,臺中市,大甲區,0,0,0,8,,,40,,,,,,,,,,,,,,,44,,,,,B03,,,1,,1,,,44,,1,22,,B03,120.620343,24.341945,3
2022,10,6,7,50,臺中市,北屯區,0,0,0,8,,,50,,,,,,,,,,,,,,,23,,,,,B03,,,1,,1,,,23,,1,5,,B03,120.711681,24.17861,3
2022,10,6,7,50,臺中市,太平區,0,0,0,8,,,50,,,,,,,,,,,,,,,6,,,,,B03,,,1,,2,,,6,,1,22,,B03,120.738324,24.157094,3
2022,10,6,7,58,臺中市,北屯區,0,1,0,8,1,5,50,3,1,1,5,4,5,7,1,1,10,5,5,2,16,26,3,10,1,1,B03,7,8,1,8,1,6,,26,26,1,22,8,B03,120.766284,24.197175,2
2022,10,6,7,58,臺中市,大甲區,0,1,0,8,1,5,50,14,9,1,5,4,5,7,4,4,9,5,5,2,16,6,3,10,1,1,C03,7,5,1,10,2,14,,6,6,1,9,1,C03,120.63907,24.36333,2
2022,10,6,8,5,臺中市,霧峰區,0,0,0,8,,,50,,,,,,,,,,,,,,,23,,,,,C03,,,1,,2,,,23,,1,4,,C03,120.710202,24.074309,3
2022,10,6,8,7,臺中市,中區,0,1,0,8,1,5,50,14,9,1,5,4,5,7,1,1,2,4,5,2,18,42,2,9,3,4,C03,7,9,1,10,2,12,,42,42,1,22,5,C03,120.684864,24.137703,2
2022,10,6,8,7,臺中市,南屯區,0,0,0,8,,,60,,,,,,,,,,,,,,,43,,,,,B03,,,1,,11,,,43,,1,22,,B03,120.637505,24.119839,3
2022,10,6,8,13,臺中市,北屯區,0,1,0,8,1,5,50,14,9,1,5,4,5,7,4,4,1,4,5,2,13,16,2,9,1,1,C01,7,8,1,9,2,11,12,16,16,1,5,8,C01,120.677515,24.200696,2
2022,10,6,8,21,臺中市,西屯區,0,1,0,8,1,5,50,14,7,1,5,4,5,7,4,4,8,4,4,1,16,26,3,10,1,4,C03,7,11,1,10,2,14,,26,26,1,4,8,C03,120.62189,24.173755,2
2022,10,6,8,24,臺中市,西區,0,0,0,,,,50,,,,,,,,,,,,,,,18,,,,,B03,,,1,,2,,,18,,1,22,,B03,120.665847,24.137717,3
2022,10,6,8,24,臺中市,西區,0,0,0,8,,,40,,,,,,,,,,,,,,,16,,,,,C03,,,1,,1,,,16,,1,4,,C03,120.672782,24.14838,3
2022,10,6,8,28,臺中市,南區,0,0,0,8,,,50,,,,,,,,,,,,,,,23,,,,,B03,,,1,,2,,,23,,1,18,,B03,120.65342,24.122688,3
2022,10,6,8,29,臺中市,大雅區,0,1,0,8,1,5,50,14,9,1,5,4,5,7,4,4,9,4,5,2,16,23,2,9,1,1,C03,7,9,6,10,2,14,,23,23,1,22,9,C03,120.648112,24.215619,2
2022,10,6,8,43,臺中市,北區,0,0,0,8,,,50,,,,,,,,,,,,,,,23,,,,,B03,,,1,,1,,,23,,1,20,,B03,120.668516,24.156661,3
2022,10,6,8,55,臺中市,神岡區,0,2,0,8,1,5,50,5,1,1,5,4,5,7,1,1,10,5,5,2,16,19,2,9,1,1,C03,7,1,1,10,2,11,,19,19,1,22,9,C03,120.694371,24.232709,2
2022,10,6,9,3,臺中市,西屯區,0,0,0,8,,,50,,,,,,,,,,,,,,,16,,,,,B03,,,1,,1,,,16,,1,4,,B03,120.63537,24.163853,3
2022,10,6,9,5,臺中市,南區,0,1,0,8,1,5,50,3,1,1,5,4,1,7,4,4,1,5,5,2,16,16,2,7,1,1,C03,7,9,1,10,2,14,,16,16,1,22,8,C03,120.665786,24.119255,2
2022,10,6,9,10,臺中市,霧峰區,0,0,0,8,,,40,,,,,,,,,,,,,,,23,,,,,B03,,,1,,2,,,23,,1,20,,B03,120.6604,24.071782,3
2022,10,6,9,15,臺中市,中區,0,2,0,8,1,5,50,4,1,1,5,4,5,7,1,1,10,5,5,2,13,16,2,9,1,1,C03,7,9,1,10,1,11,,16,16,1,22,9,C03,120.680272,24.143142,2
2022,10,6,9,15,臺中市,北屯區,0,0,0,8,,,50,,,,,,,,,,,,,,,23,,,,,A02,,,1,,1,,,23,,1,10,,A02,120.7397,24.17896,3
2022,10,6,9,41,臺中市,太平區,0,1,0,8,1,5,30,4,1,1,5,4,5,7,4,4,10,5,5,2,15,6,3,10,1,1,B12,7,9,1,8,2,2,,6,6,1,22,5,B12,120.71408,24.117952,2
2022,10,6,9,47,臺中市,北屯區,0,0,0,8,,,50,,,,,,,,,,,,,,,40,,,,,B11,,,1,,1,,,40,,1,5,,B11,120.698198,24.18435,3
2022,10,6,9,51,臺中市,豐原區,0,0,0,8,,,50,,,,,,,,,,,,,,,18,,,,,B03,,,1,,2,,,18,,1,22,,B03,120.730063,24.244019,3
2022,10,6,10,6,臺中市,北屯區,0,0,0,8,,,50,,,,,,,,,,,,,,,23,,,,,B03,,,1,,1,,,23,,1,22,,B03,120.700965,24.183775,3
2022,10,6,10,13,臺中市,梧棲區,0,0,0,8,,,60,,,,,,,,,,,,,,,16,,,,,B03,,,1,,2,,,16,16,1,9,,B03,120.53912,24.256453,3
2022,10,6,10,17,臺中市,太平區,0,1,0,8,1,5,50,14,13,1,5,4,5,7,4,4,5,4,5,1,17,4,2,8,1,1,C03,7,9,1,10,2,15,,4,4,1,22,5,C03,120.720872,24.120523,2
2022,10,6,10,29,臺中市,西屯區,0,2,0,8,1,5,50,3,1,1,5,4,5,7,1,1,10,5,5,2,16,43,2,9,1,1,C03,7,9,1,10,2,11,,43,43,1,22,8,C03,120.649701,24.171413,2
2022,10,6,10,29,臺中市,太平區,0,1,0,8,1,5,30,14,9,1,5,4,5,7,4,4,10,5,5,2,18,43,2,9,1,1,C03,7,9,1,10,2,14,,43,43,1,19,8,C03,120.732498,24.108796,2
2022,10,6,10,45,臺中市,沙鹿區,0,0,0,8,1,5,50,3,9,1,5,4,5,7,1,1,1,3,4,1,13,23,,,,,B03,,,1,,2,,,23,23,1,4,,B03,120.56524,24.232606,3
2022,10,6,10,51,臺中市,西區,0,1,0,8,1,5,50,3,1,1,5,4,5,7,4,4,10,5,5,2,16,7,2,9,2,1,C03,7,7,1,10,2,13,,7,7,1,22,8,C03,120.665626,24.138616,2
2022,10,6,11,0,臺中市,西區,0,0,0,8,,,60,,,,,,,,,,,,,,,23,,,,,B03,,,1,,1,,,23,,1,22,,B03,120.659962,24.156998,3
2022,10,6,11,5,臺中市,梧棲區,0,0,0,8,,,50,,,,,,,,,,,,,,,26,,,,,B12,,,1,,1,,,26,26,1,9,,B12,120.537551,24.254286,3
2022,10,6,11,7,臺中市,南區,0,1,0,8,1,5,50,3,1,1,5,4,5,7,1,1,10,5,5,2,16,6,3,10,1,1,B03,7,6,1,8,2,5,,6,6,1,22,8,B03,120.653333,24.126724,2
2022,10,6,11,8,臺中市,北屯區,0,0,0,8,,,50,,,,,,,,,,,,,,,12,,,,,B03,,,1,,1,,,23,12,1,22,,B03,120.672375,24.177553,3
2022,10,6,11,17,臺中市,西區,0,1,0,8,1,5,50,4,1,1,5,4,5,7,1,1,5,5,5,2,17,23,2,9,3,4,C03,7,9,1,10,2,14,,23,23,1,21,8,C03,120.651292,24.146749,2
2022,10,6,11,19,臺中市,龍井區,0,2,0,8,1,5,50,4,1,1,5,4,5,7,2,1,10,5,5,2,15,25,2,9,1,1,C03,7,9,3,18,2,11,,25,25,1,20,7,C03,120.581682,24.175657,2
2022,10,6,11,20,臺中市,西區,0,1,0,8,1,5,50,14,8,1,5,4,5,7,4,4,1,4,4,2,18,43,2,9,1,1,C03,7,9,1,10,2,14,,43,43,1,20,8,C03,120.665539,24.153525,2
2022,10,6,11,22,臺中市,清水區,0,1,0,8,1,5,50,4,1,1,5,4,5,7,1,1,10,5,5,2,16,9,3,10,1,1,B03,7,6,1,8,2,5,,9,9,1,21,8,B03,120.57347,24.262842,2
2022,10,6,11,35,臺中市,北區,0,2,0,8,1,5,50,3,1,1,5,4,5,7,4,4,10,5,5,2,16,6,2,9,1,1,C03,7,6,1,10,2,12,,6,6,1,5,8,C03,120.679278,24.172115,2
2022,10,6,11,41,臺中市,南區,0,2,0,8,1,5,50,4,2,1,5,4,5,7,2,1,5,4,4,2,12,7,2,9,1,1,C03,7,7,1,10,2,13,,7,7,1,20,5,C03,120.680972,24.130683,2
2022,10,6,11,45,臺中市,北屯區,0,1,0,8,1,5,50,4,1,1,5,4,5,7,4,4,10,5,5,2,17,43,,,,,,,,,,,,,43,43,2,,,,120.709696,24.165386,2
2022,10,6,11,46,臺中市,西區,0,0,0,8,,,50,,,,,,,,,,,,,,,12,,,,,B03,,,1,,2,,,12,,1,22,,B03,120.649907,24.146193,3
2022,10,6,11,46,臺中市,北屯區,0,1,0,8,1,5,50,4,1,1,5,4,5,7,2,1,10,5,5,2,15,25,3,10,1,1,B03,7,9,1,2,2,2,6,25,25,1,5,8,B03,120.679208,24.17412,2
2022,10,6,11,47,臺中市,東勢區,0,0,0,,,,50,,,,,,,,,,,,,,,4,,,,,C03,,,1,,2,,,4,,1,22,,C03,120.829766,24.253359,3
2022,10,6,11,52,臺中市,北屯區,0,0,0,8,,,50,,,,,,,,,,,,,,,23,,,,,B12,,,1,,1,,,38,23,1,22,,B12,120.719795,24.176557,3
2022,10,6,11,52,臺中市,沙鹿區,0,0,0,8,,,50,,,,,,,,,,,,,,,22,,,,,B03,,,1,,2,,,22,,1,5,,B03,120.571816,24.24226,3
2022,10,6,12,7,臺中市,南區,0,1,0,8,1,5,50,14,9,1,5,4,5,7,4,4,1,4,5,2,17,23,3,10,1,1,C03,7,9,1,10,2,11,,23,23,1,22,8,C03,120.649788,24.121172,2
2022,10,6,12,9,臺中市,西區,0,1,0,8,1,5,50,4,1,1,5,4,5,7,4,4,10,5,5,2,16,17,3,10,1,1,B03,7,9,1,8,2,4,,17,17,1,22,8,B03,120.663124,24.153679,2
2022,10,6,12,11,臺中市,南區,0,2,0,8,1,5,40,7,8,1,5,4,5,7,4,4,2,2,2,2,17,23,2,8,1,1,C03,7,9,1,10,2,11,,23,23,1,5,8,C03,120.678718,24.119054,2
2022,10,6,12,26,臺中市,北屯區,0,2,0,8,1,5,50,4,1,1,5,4,5,7,4,4,10,5,5,2,15,6,2,9,1,1,C03,7,9,1,10,2,11,,6,6,1,22,8,C03,120.714738,24.170143,2
2022,10,6,12,28,臺中市,北屯區,0,0,0,8,,,50,,,,,,,,,,,,,,,6,,,,,B03,,,1,8,1,,,6,6,1,21,,B03,120.702967,24.178229,3
2022,10,6,12,30,臺中市,西屯區,0,0,0,8,,,50,,,,,,,,,,,,,,,42,,,,,B11,,,1,,9,,,42,42,2,22,,B11,120.61417,24.175893,3
2022,10,6,12,33,臺中市,北區,0,1,0,8,1,5,50,3,1,1,5,4,5,7,4,4,5,5,5,2,9,23,3,10,1,1,C03,7,6,1,10,2,11,,23,23,1,5,8,C03,120.670527,24.171657,2
2022,10,6,12,38,臺中市,沙鹿區,0,0,0,8,,,50,,,,,,,,,,,,,,,16,,,,,B03,,,1,,1,,,16,16,1,5,,B03,120.598572,24.252925,3
2022,10,6,12,38,臺中市,大甲區,0,1,0,8,1,5,40,12,9,1,2,4,5,7,4,4,5,5,5,1,17,43,2,9,1,1,C03,7,9,2,18,2,14,13,43,43,1,16,8,C03,120.627696,24.34059,2
2022,10,6,13,6,臺中市,西屯區,0,0,0,8,,,40,,,,,,,,,,,,,,,23,,,,,C03,,,1,,1,,,23,,1,4,,C03,120.64466,24.165117,3