年,月,日,時,分,縣市,區,死,受傷,2-30,天候,光線,道路類別,速限,道路型態,事故位置,路面鋪裝,路面狀態,路面缺陷,障礙物,視距,號誌種類,號誌動作,分向設施,快車道或一般車道間,快慢車道間,路面邊線,事故類型及型態,主要肇因,受傷程度,主要傷處,保護裝備,行動電話,當事者區分,車輛用途,當事者行動狀態,駕駛資格情形,駕駛執照種類,飲酒情形,車輛撞擊部位最初,車輛撞擊部位其他,肇事因素個別,肇事因素主要,肇事逃逸,職業,旅次目的,車種,GPS緯度,GPS經度,事故類別
2022,10,6,13,10,臺中市,大雅區,0,2,0,8,1,5,50,14,9,1,5,4,5,7,4,4,5,5,5,1,11,4,2,9,1,1,C03,7,9,1,10,2,14,,4,4,1,22,9,C03,120.64847,24.22634,2
2022,10,6,13,11,臺中市,西區,0,0,0,,,,50,,,,,,,,,,,,,,,12,,,,,B03,,,1,,1,,,12,,1,21,,B03,120.658053,24.156038,3
2022,10,6,13,13,臺中市,北區,0,0,0,8,,,40,,,,,,,,,,,,,,,23,,,,,B03,,,1,,9,,,23,,1,22,,B03,120.673635,24.165981,3
2022,10,6,13,16,臺中市,西區,0,1,0,8,1,5,50,3,1,1,5,4,5,7,4,4,10,5,5,2,12,6,3,10,1,1,C03,7,6,4,11,2,13,,6,6,1,22,9,C03,120.676185,24.13842,2
2022,10,6,13,30,臺中市,西區,0,2,0,8,1,5,50,4,1,1,5,4,5,7,4,4,5,5,5,1,15,14,2,9,1,1,C03,7,9,7,19,2,11,,6,14,1,21,8,C03,120.663123,24.145527,2
2022,10,6,13,46,臺中市,北區,0,1,0,8,1,5,50,14,7,1,5,4,5,7,4,4,1,4,5,2,12,7,2,9,1,1,C03,7,7,1,10,2,14,,7,7,1,5,7,C03,120.676917,24.155373,2
2022,10,6,14,15,臺中市,清水區,0,1,0,8,1,5,50,4,1,1,5,4,5,7,4,4,10,5,5,2,17,6,2,9,1,1,C03,7,9,1,10,2,12,,6,6,1,5,5,C03,120.56598,24.2716,2
2022,10,6,14,16,臺中市,東區,0,1,0,8,1,5,50,4,1,1,5,4,5,7,2,1,5,5,5,2,15,25,3,10,1,1,B03,7,9,1,8,2,8,,25,25,1,2,5,B03,120.684243,24.126375,2
2022,10,6,14,37,臺中市,北屯區,0,0,0,8,,,50,,,,,,,,,,,,,,,43,,,,,,,,,,,,,43,43,1,,,,120.706803,24.185812,3
2022,10,6,14,57,臺中市,梧棲區,0,0,0,,,,50,,,,,,,,,,,,,,,42,,,,,B03,,,1,,2,,,42,,1,4,,B03,120.558469,24.25681,3
2022,10,6,15,5,臺中市,東區,0,0,0,8,1,5,50,14,9,1,5,4,5,7,4,4,5,5,5,2,14,12,3,10,1,1,B12,7,2,1,8,2,3,,12,12,1,5,8,B12,120.688615,24.125013,3
2022,10,6,15,10,臺中市,清水區,0,0,0,8,,,30,,,,,,,,,,,,,,,23,,,,,B12,,,1,,2,,,23,,1,5,,B12,120.583019,24.289161,3
2022,10,6,15,17,臺中市,潭子區,0,0,0,8,,,30,,,,,,,,,,,,,,,17,,,,,B03,,,1,,2,,,17,,1,22,,B03,120.68735,24.231762,3
2022,10,6,15,24,臺中市,西屯區,0,3,0,8,1,5,40,4,1,1,5,4,5,7,2,1,10,5,5,2,3,52,2,9,3,5,H01,8,16,8,20,10,16,,52,52,1,22,8,H01,120.616554,24.182425,2
2022,10,6,15,25,臺中市,西屯區,0,1,0,8,1,5,50,4,1,1,5,4,5,7,1,1,10,5,5,2,16,6,3,10,1,1,B03,7,6,1,8,2,2,,6,6,1,4,8,B03,120.655793,24.199576,2
2022,10,6,15,29,臺中市,北區,0,0,0,8,,,50,,,,,,,,,,,,,,,6,,,,,B03,,,1,,1,,,6,,1,22,,B03,120.675574,24.14859,3
2022,10,6,15,30,臺中市,西區,0,1,0,8,1,5,50,4,1,1,5,4,5,7,4,4,9,5,5,1,15,6,3,10,1,1,B03,7,9,1,8,2,4,,6,6,1,21,8,B03,120.668389,24.149444,2
2022,10,6,15,30,臺中市,北區,0,0,0,,,,40,,,,,,,,,,,,,,,23,,,,,B03,,,1,,11,,,23,,1,5,,B03,120.680595,24.150877,4
2022,10,6,15,38,臺中市,神岡區,0,2,0,8,1,5,30,5,1,1,5,4,5,7,1,1,10,5,5,2,15,25,2,9,1,1,C03,7,9,1,10,2,11,,25,25,1,22,9,C03,120.677616,24.265006,2
2022,10,6,15,39,臺中市,南屯區,0,0,0,8,,,50,,,,,,,,,,,,,,,9,,,,,B03,,,1,,1,,,9,9,1,22,,B03,120.654579,24.129191,3
2022,10,6,15,41,臺中市,北區,0,1,0,8,1,5,50,4,1,1,5,4,5,7,1,1,5,4,5,2,16,6,3,10,1,1,B03,7,5,1,8,2,1,,6,6,1,21,8,B03,120.672088,24.166873,2
2022,10,6,15,53,臺中市,北區,0,1,0,8,1,5,50,4,4,1,5,4,5,7,1,1,1,2,5,2,13,16,2,9,1,1,C03,7,15,1,10,9,11,,16,16,2,22,9,C03,120.6711,24.173698,2
2022,10,6,15,56,臺中市,北區,0,1,0,8,1,5,40,14,8,1,5,4,5,7,4,4,2,4,4,2,16,23,2,9,1,1,B03,7,9,1,8,2,5,,23,23,1,22,8,B03,120.685033,24.157349,2
2022,10,6,15,57,臺中市,豐原區,0,0,0,8,,,30,,,,,,,,,,,,,,,43,,,,,C03,,,1,,2,,,43,,1,22,,C03,120.726639,24.24617,4
2022,10,6,16,3,臺中市,烏日區,0,0,0,8,3,5,50,14,9,1,5,4,5,7,4,4,5,4,4,1,13,23,3,10,3,4,B03,7,9,1,8,2,1,,23,23,1,21,9,B03,120.625032,24.105852,3
2022,10,6,16,4,臺中市,北區,0,1,0,8,1,5,50,3,1,1,5,4,5,7,2,1,10,5,5,2,17,7,2,9,1,1,C03,7,10,1,10,1,14,,7,7,1,22,9,C03,120.694418,24.159898,2
2022,10,6,16,11,臺中市,東區,0,0,0,8,,,50,,,,,,,,,,,,,,,6,,,,,B03,,,1,,2,,,6,,1,22,,B03,120.699443,24.135157,3
2022,10,6,16,25,臺中市,西屯區,0,0,0,8,,,50,,,,,,,,,,,,,,,23,,,,,B03,,,1,,1,,,23,,1,22,,B03,120.616908,24.182846,3
2022,10,6,16,26,臺中市,梧棲區,0,0,0,,,,40,,,,,,,,,,,,,,,19,,,,,A05,,,1,,2,,,19,,1,4,,A05,120.533572,24.256952,3
2022,10,6,16,30,臺中市,龍井區,0,1,0,8,1,5,70,14,7,1,5,4,5,7,4,4,1,4,4,1,12,7,2,9,1,1,C03,7,7,1,10,2,14,,7,7,1,5,1,C03,120.540645,24.212891,2
2022,10,6,16,30,臺中市,沙鹿區,0,1,0,8,1,5,50,4,1,1,5,4,5,7,4,4,10,5,5,2,16,6,3,10,1,1,B11,7,5,1,8,2,8,,6,6,1,9,3,B11,120.562733,24.209333,2
2022,10,6,16,40,臺中市,大雅區,0,1,0,8,1,5,30,4,1,1,5,4,5,7,4,4,10,5,5,1,15,6,3,10,1,1,B03,7,9,1,8,2,1,,6,6,1,22,9,B03,120.66159,24.22653,2
2022,10,6,16,40,臺中市,后里區,0,2,0,8,1,5,40,14,8,1,5,4,5,7,1,1,1,4,1,1,20,23,2,9,1,1,C03,7,9,1,10,2,11,14,23,23,1,21,1,C03,120.676946,24.295041,2
2022,10,6,16,41,臺中市,大甲區,0,1,0,8,1,5,30,3,1,1,5,4,5,7,4,4,10,5,5,2,16,6,3,10,1,1,B03,7,5,1,8,2,8,,6,6,1,22,9,B03,120.613991,24.357085,2
2022,10,6,16,44,臺中市,新社區,0,1,0,8,1,5,50,14,9,1,5,4,5,7,4,4,5,5,4,2,12,23,2,9,1,1,C03,7,9,1,10,2,14,,23,23,1,22,8,C03,120.807273,24.239566,2
2022,10,6,16,45,臺中市,沙鹿區,0,1,0,8,1,5,40,3,2,1,5,4,5,7,4,4,10,5,5,2,17,23,2,9,1,1,C03,7,9,1,10,2,12,,23,23,1,19,8,C03,120.574841,24.228458,2
2022,10,6,16,52,臺中市,梧棲區,0,2,0,8,1,5,50,4,2,1,5,4,5,7,1,1,5,4,4,2,16,7,2,9,1,1,C03,7,10,1,10,2,13,,7,7,1,4,8,C03,120.532172,24.258627,2
2022,10,6,16,54,臺中市,南區,0,1,0,8,1,5,50,3,1,1,5,4,5,7,4,4,10,5,5,2,16,6,3,10,1,1,B03,7,6,1,8,2,6,,6,6,1,5,8,B03,120.65907,24.125426,2
2022,10,6,16,55,臺中市,南屯區,0,0,0,8,,,50,,,,,,,,,,,,,,,43,,,,,B12,,,1,,3,,,43,,1,22,,B12,120.595516,24.156574,3
2022,10,6,16,57,臺中市,北區,0,1,0,8,1,5,50,4,2,1,5,4,5,1,1,1,5,4,5,2,12,17,3,10,1,1,B03,7,9,1,8,2,2,,44,17,1,21,8,B03,120.682583,24.153366,2
2022,10,6,17,1,臺中市,西區,0,0,0,8,1,5,50,4,2,1,5,4,5,7,1,1,1,5,5,2,13,16,,,,,B03,,,1,,1,,,16,,1,21,,B03,120.662668,24.155536,3
2022,10,6,17,2,臺中市,西區,0,1,0,8,1,5,50,4,1,1,5,4,5,7,1,1,10,5,5,2,16,6,3,10,1,1,B03,7,5,1,8,2,1,,6,6,1,5,1,B03,120.669798,24.149599,2
2022,10,6,17,4,臺中市,西屯區,0,1,0,8,1,5,40,14,8,1,5,4,5,7,4,4,10,5,5,2,17,23,2,9,1,1,C03,7,9,1,10,2,11,,23,23,1,4,8,C03,120.5879,24.185352,2
2022,10,6,17,5,臺中市,西區,0,3,0,8,1,5,50,3,2,1,5,4,5,7,4,4,5,5,5,1,16,8,2,9,1,1,F01,7,5,8,20,1,16,,8,8,1,15,8,F01,120.675492,24.133622,2
2022,10,6,17,9,臺中市,北屯區,0,0,0,8,,,50,,,,,,,,,,,,,,,7,,,,,B03,,,1,,1,,,7,,1,22,,B03,120.693789,24.163839,3
2022,10,6,17,12,臺中市,大里區,0,2,0,8,1,5,30,3,1,1,5,4,5,7,4,4,5,4,5,1,16,6,2,9,1,1,C03,7,1,1,10,2,14,,6,6,1,11,1,C03,120.68619,24.093045,2
2022,10,6,17,12,臺中市,梧棲區,0,1,0,8,1,5,50,14,9,1,5,4,5,7,4,4,9,4,5,1,16,6,3,10,1,1,B03,7,11,1,8,2,2,,6,6,1,11,1,B03,120.533818,24.2326,2
2022,10,6,17,16,臺中市,梧棲區,0,0,0,,,,50,,,,,,,,,,,,,,,16,,,,,B03,,,1,,1,,,16,,1,4,,B03,120.534128,24.246545,3
2022,10,6,17,17,臺中市,太平區,0,1,0,8,3,5,50,4,1,1,5,4,5,7,4,4,10,5,5,2,8,42,3,10,1,1,C03,7,1,1,10,2,11,,42,42,1,5,7,C03,120.721024,24.104991,2
2022,10,6,17,20,臺中市,大雅區,0,0,0,8,,,50,,,,,,,,,,,,,,,23,,,,,C03,,,1,,9,,,23,,2,22,,C03,120.65515,24.237133,3
2022,10,6,17,20,臺中市,大雅區,0,1,0,8,1,5,50,5,1,1,5,4,5,7,1,1,5,4,5,2,16,26,2,9,1,1,C03,7,9,1,10,2,14,,26,26,1,22,8,C03,120.63026,24.241064,2
2022,10,6,17,20,臺中市,北區,0,1,0,8,1,5,30,3,1,1,5,4,5,7,4,4,10,5,5,2,12,17,3,10,1,1,C03,7,5,1,10,2,13,,17,17,1,21,8,C03,120.676724,24.148799,2
2022,10,6,17,24,臺中市,東區,0,0,0,8,,,50,,,,,,,,,,,,,,,6,,,,,B03,,,1,8,2,,,6,6,1,21,,B03,120.691315,24.133514,3
2022,10,6,17,25,臺中市,南區,0,0,0,8,,,50,,,,,,,,,,,,,,,23,,,,,B03,,,1,,2,,,23,,1,22,,B03,120.671034,24.119158,3
2022,10,6,17,25,臺中市,北屯區,0,0,0,8,,,50,,,,,,,,,,,,,,,43,,,,,B02,,,1,,1,,,43,,1,21,,B02,120.702165,24.169903,3
2022,10,6,17,26,臺中市,太平區,0,0,0,8,,,80,,,,,,,,,,,,,,,16,,,,,B03,,,1,,1,,,16,,1,5,,B03,120.715178,24.150934,3
2022,10,6,17,33,臺中市,西屯區,0,1,0,8,1,5,50,14,9,1,5,4,5,7,4,4,5,4,5,2,2,23,3,10,3,4,B03,7,9,1,10,2,5,,23,23,1,22,8,B03,120.62056,24.18716,2
2022,10,6,17,34,臺中市,南區,0,0,0,8,,,30,,,,,,,,,,,,,,,44,,,,,B03,,,1,,11,,,44,,1,4,,B03,120.683333,24.133805,3
2022,10,6,17,40,臺中市,西區,0,1,0,8,1,5,50,4,1,1,5,4,5,7,1,1,5,2,4,1,16,6,3,10,1,1,B03,7,6,1,8,2,2,,6,6,1,21,8,B03,120.649871,24.144947,2
2022,10,6,17,40,臺中市,沙鹿區,0,1,0,8,1,5,50,4,1,1,5,4,5,7,3,1,10,5,5,2,15,6,3,10,1,1,B03,7,9,1,8,2,1,,6,6,1,3,1,B03,120.561864,24.236848,2
2022,10,6,17,43,臺中市,西屯區,0,1,0,8,1,5,40,14,8,1,5,4,5,7,4,4,1,4,1,2,16,19,3,10,1,1,B03,7,1,1,8,2,5,,19,19,1,22,8,B03,120.642223,24.166606,2
2022,10,6,17,45,臺中市,西區,0,2,0,8,3,5,50,3,1,1,5,4,5,7,4,4,10,5,5,2,17,42,3,10,1,1,C03,7,14,1,10,2,13,,42,42,1,4,1,C03,120.661684,24.135837,2
2022,10,6,17,45,臺中市,龍井區,0,0,0,,,,60,,,,,,,,,,,,,,,19,,,,,B03,,,1,,1,,,19,,1,22,,B03,120.573662,24.185722,3
2022,10,6,17,47,臺中市,南區,0,0,0,8,,,50,,,,,,,,,,,,,,,19,,,,,C03,,,1,,1,,,19,,1,22,,C03,120.657269,24.116791,3
2022,10,6,17,50,臺中市,北區,0,2,0,8,3,5,50,5,9,1,5,4,5,7,2,1,1,4,5,2,16,23,3,10,1,1,B03,7,1,1,8,2,1,,23,23,1,22,8,B03,120.67373,24.174001,2
2022,10,6,17,55,臺中市,梧棲區,0,1,0,8,3,5,60,14,8,1,5,4,5,7,4,4,9,4,4,1,17,16,2,9,1,1,C03,7,9,1,10,2,15,,16,16,1,4,8,C03,120.5346,24.245651,2
2022,10,6,18,5,臺中市,南區,0,1,0,8,3,5,50,5,1,1,5,4,5,7,1,1,10,5,5,2,16,44,2,9,1,1,C03,7,9,1,10,2,14,,42,44,1,5,8,C03,120.659724,24.118757,2
2022,10,6,18,10,臺中市,太平區,0,0,0,8,,,50,,,,,,,,,,,,,,,23,,,,,B03,,,1,,2,,,23,,1,9,,B03,120.723202,24.111893,3
2022,10,6,18,15,臺中市,南區,0,1,0,8,3,5,50,14,7,1,5,4,5,7,4,4,1,4,4,2,18,23,2,9,1,1,C04,7,9,1,10,2,14,,23,23,1,5,8,C04,120.664456,24.125342,2
2022,10,6,18,15,臺中市,南屯區,0,0,0,8,,,50,,,,,,,,,,,,,,,16,,,,,C03,,,1,,1,,,16,,1,22,,C03,120.646568,24.141898,3
2022,10,6,18,16,臺中市,梧棲區,0,1,0,8,3,5,40,4,1,1,5,4,5,7,3,1,10,5,5,2,16,6,3,10,1,1,C03,7,6,1,10,2,13,,6,6,1,10,8,C03,120.534607,24.250356,2
2022,10,6,18,17,臺中市,西區,0,2,0,8,3,5,50,14,9,1,5,4,5,7,1,1,1,5,5,2,13,23,2,9,3,4,C03,7,9,2,18,2,11,,23,23,1,21,8,C03,120.665845,24.140343,2
2022,10,6,18,20,臺中市,北屯區,0,0,0,8,,,80,,,,,,,,,,,,,,,16,,,,,B03,,,1,,1,,,16,,1,21,,B03,120.720789,24.169357,3
2022,10,6,18,25,臺中市,南區,0,1,0,8,3,5,50,14,7,1,5,4,4,7,4,4,5,5,4,2,17,23,3,10,1,1,C03,7,9,1,10,2,11,,23,23,1,22,8,C03,120.658527,24.113082,2
2022,10,6,18,28,臺中市,東區,0,2,0,8,2,5,50,4,1,1,5,4,1,7,4,4,10,5,5,2,16,6,2,9,1,1,C03,7,5,1,10,2,12,,6,6,1,21,8,C03,120.687504,24.141479,2
2022,10,6,18,33,臺中市,北區,0,1,0,8,3,5,50,14,9,1,5,4,5,7,1,1,1,4,5,2,13,16,2,9,1,1,C03,7,9,1,10,2,15,,16,16,1,21,8,C03,120.672214,24.162161,2
2022,10,6,18,33,臺中市,梧棲區,0,0,0,,,,40,,,,,,,,,,,,,,,6,,,,,B03,,,1,,2,,,6,6,1,4,,B03,120.532978,24.252129,3
2022,10,6,18,35,臺中市,西屯區,0,0,0,8,,,50,,,,,,,,,,,,,,,7,,,,,B03,,,1,,1,,,7,,1,22,,B03,120.625051,24.185035,3
2022,10,6,18,38,臺中市,北區,0,1,0,8,3,5,50,4,1,1,5,4,5,7,1,1,5,5,5,2,15,25,3,10,1,1,B03,7,9,1,8,2,2,,25,25,1,22,8,B03,120.694313,24.15685,2
2022,10,6,18,42,臺中市,西屯區,0,0,0,8,,,70,,,,,,,,,,,,,,,16,,,,,B03,,,1,,2,,,16,,1,22,,B03,120.642255,24.166681,3
2022,10,6,18,43,臺中市,龍井區,0,3,0,8,3,5,40,3,1,1,5,4,5,7,4,4,10,5,5,1,17,43,2,1,3,4,C03,7,21,1,10,11,11,,43,43,1,22,9,C03,120.550206,24.190973,2
2022,10,6,18,45,臺中市,北屯區,0,0,0,8,,,50,,,,,,,,,,,,,,,18,,,,,B03,,,1,,2,,,18,,1,21,,B03,120.736589,24.159444,3
2022,10,6,18,46,臺中市,大雅區,0,0,0,8,3,5,50,4,2,1,5,4,5,7,1,1,3,4,5,1,13,23,3,10,1,1,C03,7,9,1,10,2,12,,23,23,1,22,8,C03,120.64659,24.222703,3
2022,10,6,18,46,臺中市,北區,0,0,0,8,,,50,,,,,,,,,,,,,,,19,,,,,C03,,,1,,2,,,19,,1,21,,C03,120.679927,24.157257,3
2022,10,6,18,46,臺中市,大甲區,0,1,0,8,3,5,60,15,22,1,5,4,5,7,3,1,10,5,5,2,16,6,3,10,1,1,B03,7,1,1,8,2,1,,6,6,1,22,9,B03,120.615358,24.350426,2
2022,10,6,18,51,臺中市,大甲區,0,1,0,8,3,5,50,4,1,1,5,4,5,7,1,1,10,5,5,2,16,6,2,8,1,1,C03,7,9,1,10,2,11,,6,6,1,22,9,C03,120.617242,24.346946,2
2022,10,6,18,52,臺中市,太平區,0,0,0,8,,,30,,,,,,,,,,,,,,,6,,,,,B03,,,1,,2,,,6,,1,9,,B03,120.764342,24.1098,3
2022,10,6,19,15,臺中市,西屯區,0,0,0,,,,50,,,,,,,,,,,,,,,23,,,,,B03,,,1,,1,,,23,,1,22,,B03,120.624638,24.179078,3
2022,10,6,19,42,臺中市,南區,0,0,0,8,3,5,40,14,8,1,5,4,5,7,4,4,1,4,4,2,13,16,3,10,1,1,C03,7,9,1,10,2,11,,16,16,1,5,8,C03,120.661173,24.122498,3
2022,10,6,19,45,臺中市,龍井區,0,1,0,8,3,5,40,15,8,1,5,4,5,7,4,4,7,4,4,2,12,23,3,10,1,1,C03,7,9,1,10,2,11,,23,23,1,22,9,C03,120.573875,24.185557,2
2022,10,6,19,53,臺中市,沙鹿區,0,1,0,8,3,5,40,14,8,1,5,4,5,7,4,4,1,4,3,1,17,40,3,10,2,1,B03,7,13,1,8,2,4,,40,40,1,1,5,B03,120.580517,24.215257,2
2022,10,6,20,0,臺中市,南屯區,0,0,0,8,,,40,,,,,,,,,,,,,,,16,,,,,B12,,,1,,2,,,16,,1,22,,B12,120.622767,24.141936,3
2022,10,6,20,0,臺中市,大甲區,0,2,0,8,3,5,50,4,1,1,5,4,5,7,1,1,10,5,5,1,11,6,2,9,1,1,C03,7,5,1,10,2,11,,6,6,1,22,8,C03,120.624952,24.347659,2
2022,10,6,20,5,臺中市,石岡區,0,1,0,8,3,7,40,4,1,1,5,4,5,7,1,1,10,5,5,2,12,23,3,10,1,2,C03,7,9,1,10,2,11,,23,23,1,21,8,C03,120.816168,24.260186,2
2022,10,6,20,19,臺中市,西區,0,1,0,8,3,5,50,14,9,1,5,4,5,7,4,4,5,2,5,2,17,23,2,9,1,1,C03,7,9,1,10,1,11,,23,23,1,5,1,C03,120.660047,24.149871,2
2022,10,6,20,20,臺中市,大雅區,0,1,0,8,3,5,30,3,1,1,5,4,5,7,4,4,5,5,5,1,16,6,3,10,1,1,B03,7,5,1,8,2,5,,6,6,1,22,8,B03,120.64843,24.226291,2
2022,10,6,20,37,臺中市,東區,0,0,0,8,,,50,,,,,,,,,,,,,,,6,,,,,B03,,,1,7,2,,,6,6,1,21,,B03,120.706344,24.136717,3
2022,10,6,20,51,臺中市,大甲區,0,1,0,8,3,5,50,4,1,1,5,4,5,7,1,1,10,5,5,1,17,6,3,10,1,1,B03,7,5,1,8,2,5,,6,6,1,22,1,B03,120.641583,24.404479,2
2022,10,6,20,55,臺中市,南區,0,1,0,8,3,5,50,4,1,1,5,4,5,7,4,4,10,5,5,2,15,6,2,9,1,1,C03,7,9,1,10,2,12,,6,6,1,22,8,C03,120.664449,24.119093,2
2022,10,6,20,58,臺中市,龍井區,0,1,0,8,3,5,40,4,1,1,5,4,5,7,2,1,1,3,1,1,14,12,3,10,1,1,B12,7,2,1,1,2,6,,12,12,1,22,9,B12,120.58326,24.187035,2
2022,10,6,21,0,臺中市,大雅區,0,0,0,8,,,50,,,,,,,,,,,,,,,1,,,,,C03,,,1,,2,,,1,,1,21,,C03,120.65462,24.234326,3
2022,10,6,21,40,臺中市,后里區,0,1,0,8,3,5,50,4,1,1,5,4,5,7,1,1,10,5,5,2,23,42,2,1,1,1,B03,7,5,1,8,2,8,,42,42,1,5,8,B03,120.72203,24.307815,2
2022,10,6,21,47,臺中市,西屯區,0,0,0,8,,,50,,,,,,,,,,,,,,,23,,,,,C03,,,1,,2,,,23,,1,22,,C03,120.648478,24.162493,3
2022,10,6,22,42,臺中市,西區,0,0,0,8,,,30,,,,,,,,,,,,,,,4,,,,,B03,,,1,,1,,,4,,1,21,,B03,120.655555,24.152328,3
2022,10,6,22,50,臺中市,太平區,0,1,0,8,3,5,40,4,1,1,5,4,5,7,1,1,10,5,5,2,16,6,3,10,1,1,B03,7,5,1,8,2,1,,6,6,1,21,8,B03,120.71524,24.108143,2
2022,10,6,22,58,臺中市,太平區,0,1,0,8,3,5,50,4,2,1,5,4,5,7,1,1,5,5,4,1,17,25,3,10,1,1,C03,7,5,1,10,2,15,,25,25,1,5,8,C03,120.718468,24.153748,2
2022,10,6,23,11,臺中市,東區,0,1,0,8,3,5,40,14,8,1,5,4,5,7,4,4,9,5,4,2,17,23,2,5,1,1,C03,7,9,1,10,2,11,,23,23,1,5,8,C03,120.705759,24.132743,2
2022,10,7,4,18,臺中市,西區,0,0,0,8,,,50,,,,,,,,,,,,,,,23,,,,,B03,,,1,,9,,,23,,1,21,,B03,120.665896,24.135311,3
2022,10,7,5,46,臺中市,中區,0,0,0,8,,,50,,,,,,,,,,,,,,,6,,,,,B03,,,1,8,2,,,6,6,1,5,,B03,120.68375,24.140064,3
2022,10,7,5,53,臺中市,豐原區,0,2,0,8,2,5,30,5,1,1,5,4,5,7,3,1,10,5,5,2,15,6,2,7,1,1,C03,7,9,1,10,2,13,,6,6,1,21,8,C03,120.719488,24.237611,2
2022,10,7,6,42,臺中市,南區,0,2,0,8,1,5,50,3,1,1,5,4,5,7,1,1,10,5,5,2,17,7,2,9,1,1,C03,7,8,1,10,2,12,,7,7,1,6,8,C03,120.684897,24.129013,2
2022,10,7,7,0,臺中市,大里區,0,0,0,8,,,50,,,,,,,,,,,,,,,44,,,,,B12,,,1,,9,,,44,,1,22,,B12,120.683889,24.113795,3
2022,10,7,7,1,臺中市,潭子區,0,2,0,8,1,5,40,14,7,1,5,4,5,7,4,4,5,3,4,2,16,26,3,10,1,1,B03,7,11,1,4,2,4,,26,26,1,22,8,B03,120.685213,24.209844,2
2022,10,7,7,16,臺中市,烏日區,0,1,0,8,1,5,40,3,1,1,5,4,5,7,1,1,10,5,5,2,16,9,3,10,1,1,B03,7,6,1,8,2,2,6,9,9,1,21,1,B03,120.647972,24.091972,2
2022,10,7,7,18,臺中市,梧棲區,0,2,0,8,1,5,50,3,1,1,5,4,5,7,1,1,10,5,5,2,16,25,2,9,3,4,C03,7,5,1,10,2,14,,25,25,1,22,8,C03,120.544313,24.247152,2
2022,10,7,7,28,臺中市,后里區,0,2,0,8,1,5,50,4,1,1,5,4,3,7,1,1,10,5,5,2,17,12,2,9,1,1,C03,7,5,3,18,2,11,,26,12,1,4,1,C03,120.689085,24.314338,2
2022,10,7,7,30,臺中市,沙鹿區,0,0,0,8,,,50,,,,,,,,,,,,,,,16,,,,,C03,,,1,,2,,,16,,1,5,,C03,120.564691,24.23969,3
2022,10,7,7,31,臺中市,清水區,0,0,0,8,,,40,,,,,,,,,,,,,,,19,,,,,B12,,,1,,2,,,19,,1,5,,B12,120.560369,24.277332,3
2022,10,7,7,37,臺中市,大里區,0,1,0,8,1,5,50,4,2,1,5,4,5,7,2,1,5,4,5,1,16,6,3,10,3,4,C03,7,6,1,10,2,11,,6,6,1,22,9,C03,120.689579,24.106326,2
2022,10,7,7,43,臺中市,北屯區,0,1,0,8,1,5,50,4,1,1,5,4,5,7,2,1,10,5,4,2,16,8,3,10,1,1,C03,7,5,1,10,2,14,,8,8,1,21,8,C03,120.722497,24.172535,2
2022,10,7,7,44,臺中市,東區,0,1,0,7,1,5,50,3,1,1,5,4,5,7,4,4,5,4,5,2,16,8,3,10,1,1,B03,7,5,1,8,2,6,,8,8,1,21,8,B03,120.69426,24.132973,2
2022,10,7,7,45,臺中市,大雅區,0,1,0,8,1,5,50,14,9,1,5,4,5,7,4,4,10,5,5,2,17,26,2,9,1,1,C03,7,9,1,10,2,12,,26,26,1,22,9,C03,120.64398,24.22089,2
2022,10,7,7,50,臺中市,東區,0,0,0,8,,,50,,,,,,,,,,,,,,,16,,,,,C03,,,1,,1,,,16,,2,22,,C03,120.690226,24.131923,3
2022,10,7,7,50,臺中市,南屯區,0,0,0,8,,,50,,,,,,,,,,,,,,,26,,,,,B03,,,1,,1,,,26,26,1,22,,B03,120.622997,24.149835,3
2022,10,7,8,0,臺中市,梧棲區,0,0,0,8,,,70,,,,,,,,,,,,,,,7,,,,,B03,,,1,,2,,,7,,1,22,,B03,120.555563,24.242756,3
2022,10,7,8,5,臺中市,大雅區,0,2,0,8,1,5,50,3,1,1,5,4,5,7,1,1,10,5,5,2,15,25,2,9,1,1,C03,7,9,1,10,2,11,,25,25,1,22,9,C03,120.64763,24.22047,2
2022,10,7,8,20,臺中市,霧峰區,0,1,0,8,1,5,60,14,7,1,5,4,5,7,4,4,1,4,5,1,16,19,3,10,1,1,B03,7,1,1,8,2,8,,19,19,1,20,8,B03,120.697078,24.070806,2
2022,10,7,8,30,臺中市,東區,0,2,0,8,1,5,50,4,1,1,5,4,5,7,2,1,5,4,4,2,15,25,2,9,1,1,C03,7,9,1,10,2,12,,25,25,1,5,5,C03,120.709155,24.144469,2
2022,10,7,8,32,臺中市,西區,0,0,0,8,,,50,,,,,,,,,,,,,,,16,,,,,B03,,,1,,1,,,16,,1,21,,B03,120.666077,24.140343,3
2022,10,7,8,36,臺中市,西區,0,3,0,8,1,5,50,14,9,1,5,4,5,7,4,4,10,5,5,2,16,6,2,9,1,1,C04,7,5,1,10,2,12,,6,6,1,22,9,C04,120.658323,24.133546,2
2022,10,7,8,36,臺中市,北屯區,0,0,0,8,,,50,,,,,,,,,,,,,,,23,,,,,B03,,,1,,1,,,23,,1,21,,B03,120.707752,24.182167,3