年,月,日,時,分,縣市,區,死,受傷,2-30,天候,光線,道路類別,速限,道路型態,事故位置,路面鋪裝,路面狀態,路面缺陷,障礙物,視距,號誌種類,號誌動作,分向設施,快車道或一般車道間,快慢車道間,路面邊線,事故類型及型態,主要肇因,受傷程度,主要傷處,保護裝備,行動電話,當事者區分,車輛用途,當事者行動狀態,駕駛資格情形,駕駛執照種類,飲酒情形,車輛撞擊部位最初,車輛撞擊部位其他,肇事因素個別,肇事因素主要,肇事逃逸,職業,旅次目的,車種,GPS緯度,GPS經度,事故類別
2022,10,7,18,3,臺中市,梧棲區,0,1,0,8,3,5,40,4,1,1,5,4,5,7,1,1,10,5,5,2,16,23,2,9,1,1,C03,7,9,1,10,2,11,,23,23,1,11,1,C03,120.533596,24.243237,2
2022,10,7,18,5,臺中市,南屯區,0,1,0,8,3,5,50,4,1,1,5,4,5,7,2,1,10,5,5,2,15,25,3,10,1,1,C03,7,9,1,10,2,11,,25,25,1,22,9,C03,120.647,24.143525,2
2022,10,7,18,9,臺中市,西屯區,0,0,0,8,,,50,,,,,,,,,,,,,,,23,,,,,C03,,,1,,1,,,23,,1,4,,C03,120.649781,24.163066,3
2022,10,7,18,10,臺中市,北區,0,0,0,8,,,50,,,,,,,,,,,,,,,23,,,,,B02,,,1,,2,,,23,,1,21,,B02,120.682538,24.146562,3
2022,10,7,18,11,臺中市,后里區,0,1,0,8,3,5,50,14,9,1,5,4,5,7,4,4,1,5,5,1,12,17,3,10,1,1,B03,7,9,1,8,2,2,,17,17,1,3,1,B03,120.723421,24.324938,2
2022,10,7,18,12,臺中市,北區,0,0,0,8,,,50,,,,,,,,,,,,,,,19,,,,,B02,,,1,,2,,,19,,1,21,,B02,120.682538,24.146562,3
2022,10,7,18,13,臺中市,東區,0,1,0,8,3,5,30,3,1,1,5,4,5,6,4,4,10,5,5,2,16,6,3,10,1,1,F02,7,9,8,20,2,16,,14,6,1,22,8,F02,120.704171,24.127273,2
2022,10,7,18,13,臺中市,大甲區,0,0,0,8,3,5,50,14,9,1,5,4,5,7,2,1,4,1,5,1,13,23,3,10,1,1,C03,7,9,1,10,1,11,,23,23,1,20,1,C03,120.617772,24.346512,3
2022,10,7,18,14,臺中市,西區,0,0,0,,,,50,,,,,,,,,,,,,,,17,,,,,B03,,,1,,1,,,17,,1,20,,B03,120.660826,24.140335,3
2022,10,7,18,18,臺中市,北屯區,0,0,0,8,,,50,,,,,,,,,,,,,,,16,,,,,B03,,,1,,1,,,16,,1,21,,B03,120.690446,24.176991,3
2022,10,7,18,20,臺中市,東區,0,0,0,,,,50,,,,,,,,,,,,,,,23,,,,,B03,,,,,1,,,23,,1,22,,B03,120.708319,24.143963,3
2022,10,7,18,20,臺中市,南屯區,0,0,0,8,,,50,,,,,,,,,,,,,,,6,,,,,B03,,,1,,1,,,6,,1,22,,B03,120.640305,24.141526,3
2022,10,7,18,25,臺中市,北屯區,0,1,0,8,3,5,50,4,1,1,5,4,5,7,2,1,10,5,5,2,16,19,2,9,1,1,C03,7,1,1,10,2,14,,19,19,1,22,8,C03,120.689806,24.18057,2
2022,10,7,18,25,臺中市,沙鹿區,0,0,0,,,,50,,,,,,,,,,,,,,,19,,,,,C03,,,1,,2,,,19,,1,22,,C03,120.564377,24.242838,3
2022,10,7,18,26,臺中市,東區,0,1,0,8,3,5,50,5,1,1,5,4,5,7,1,1,10,5,5,2,13,16,3,10,1,1,B03,7,9,1,8,9,1,,16,16,2,22,8,B03,120.701008,24.144601,2
2022,10,7,18,26,臺中市,北屯區,0,1,0,8,3,5,50,14,7,1,5,4,5,7,4,4,9,5,4,2,16,7,3,10,1,1,B03,7,7,1,8,2,8,,7,7,1,21,8,B03,120.662368,24.187348,2
2022,10,7,18,34,臺中市,太平區,0,1,0,8,3,5,50,3,1,1,5,4,5,7,4,4,10,5,5,2,16,6,2,8,1,1,C03,7,5,1,10,2,11,,6,6,1,3,1,C03,120.720089,24.114212,2
2022,10,7,18,35,臺中市,中區,0,2,0,8,1,5,50,4,2,1,5,4,5,7,2,1,5,4,5,2,13,23,2,9,1,1,C03,7,9,1,10,2,11,,23,23,1,5,5,C03,120.683751,24.138904,2
2022,10,7,18,35,臺中市,沙鹿區,0,1,0,8,3,5,50,3,1,1,5,4,5,7,4,4,10,5,5,2,14,12,2,9,1,1,C03,7,14,1,10,2,11,,44,12,1,21,8,C03,120.556473,24.221613,2
2022,10,7,18,36,臺中市,沙鹿區,0,0,0,8,,,50,,,,,,,,,,,,,,,23,,,,,C03,,,1,,2,,,23,,1,22,,C03,120.569008,24.221403,3
2022,10,7,18,36,臺中市,沙鹿區,0,0,0,8,,,60,,,,,,,,,,,,,,,23,,,,,B12,,,1,,2,,,23,,1,21,,B12,120.580758,24.201702,3
2022,10,7,18,40,臺中市,潭子區,0,0,0,8,,,50,,,,,,,,,,,,,,,23,,,,,B03,,,1,,2,,,23,23,1,22,,B03,120.694339,24.217869,3
2022,10,7,18,40,臺中市,南區,0,0,0,,,,50,,,,,,,,,,,,,,,23,,,,,B03,,,1,,2,,,23,,1,22,,B03,120.660508,24.115492,3
2022,10,7,18,40,臺中市,太平區,0,0,0,8,,,30,,,,,,,,,,,,,,,12,,,,,B03,,,1,,9,,,12,,1,9,,B03,120.702591,24.147355,3
2022,10,7,18,42,臺中市,南屯區,0,1,0,8,3,5,50,4,1,1,5,4,5,7,2,1,10,5,5,2,16,6,3,10,1,1,B03,7,5,1,8,2,2,6,6,6,1,5,8,B03,120.620854,24.13999,2
2022,10,7,18,50,臺中市,西屯區,0,0,0,8,,,50,,,,,,,,,,,,,,,7,,,,,A41,,,1,,2,,,7,,1,22,,A41,120.633418,24.182575,3
2022,10,7,18,55,臺中市,北區,0,0,0,,,,50,,,,,,,,,,,,,,,23,,,,,B12,,,1,,1,,,23,,1,22,,B12,120.676355,24.155565,3
2022,10,7,18,55,臺中市,南區,0,0,0,,,,40,,,,,,,,,,,,,,,23,,,,,C03,,,1,,9,,,23,,2,5,,C03,120.683724,24.124926,3
2022,10,7,18,56,臺中市,西屯區,0,2,0,8,1,5,30,4,1,1,5,4,5,7,4,4,5,5,5,2,16,6,2,8,3,4,C03,7,5,1,10,2,11,,6,6,1,22,8,C03,120.650401,24.167131,2
2022,10,7,18,59,臺中市,西區,0,0,0,8,,,50,,,,,,,,,,,,,,,12,,,,,B03,,,1,,1,,,12,,1,21,,B03,120.666257,24.146923,3
2022,10,7,19,6,臺中市,豐原區,0,0,0,8,,,50,,,,,,,,,,,,,,,16,,,,,B03,,,1,,2,,,16,,1,21,,B03,120.758071,24.275941,3
2022,10,7,19,8,臺中市,南屯區,0,0,0,8,,,50,,,,,,,,,,,,,,,23,,,,,B03,,,1,8,1,,,23,23,1,11,,B03,120.622753,24.147079,3
2022,10,7,19,11,臺中市,西區,0,2,0,8,3,5,50,5,1,1,5,4,5,7,4,4,10,5,5,2,1,51,2,9,1,1,H01,8,16,8,20,2,16,,51,51,1,20,8,H01,120.671205,24.149879,2
2022,10,7,19,13,臺中市,北屯區,0,1,0,8,3,5,50,3,1,1,5,4,5,7,4,4,1,4,5,2,16,6,3,10,1,1,B03,7,6,1,8,2,2,,6,6,1,21,8,B03,120.66235,24.18718,2
2022,10,7,19,28,臺中市,沙鹿區,0,1,0,7,3,5,50,14,9,1,5,4,5,7,4,4,8,3,5,1,18,42,2,9,3,4,C03,7,9,1,10,2,14,,42,42,1,22,8,C03,120.555558,24.232016,2
2022,10,7,19,31,臺中市,南屯區,0,0,0,8,,,50,,,,,,,,,,,,,,,17,,,,,B03,,,1,,1,,,17,,1,22,,B03,120.648428,24.136878,3
2022,10,7,19,31,臺中市,后里區,0,1,0,8,3,5,60,3,1,1,5,4,5,7,1,1,10,5,5,2,13,23,3,10,1,1,B03,7,9,1,7,2,1,,23,23,1,20,8,B03,120.722305,24.308898,2
2022,10,7,19,41,臺中市,西區,0,0,0,,,,50,,,,,,,,,,,,,,,42,,,,,B11,,,1,,1,,,42,,1,5,,B11,120.665893,24.137178,3
2022,10,7,19,45,臺中市,北屯區,0,0,0,,,,50,,,,,,,,,,,,,,,7,,,,,B03,,,1,,1,,,7,,1,21,,B03,120.686478,24.192833,3
2022,10,7,19,45,臺中市,西屯區,0,1,0,8,3,5,50,3,1,1,5,4,5,7,4,4,10,5,5,2,16,19,3,10,3,4,B03,7,1,1,8,2,1,,19,19,1,22,8,B03,120.637438,24.17834,2
2022,10,7,19,50,臺中市,東區,0,0,0,8,,,50,,,,,,,,,,,,,,,42,,,,,B03,,,1,,2,,,42,,1,22,,B03,120.703655,24.134075,3
2022,10,7,20,0,臺中市,西區,0,0,0,,,,50,,,,,,,,,,,,,,,26,,,,,B03,,,1,,1,,,26,,1,20,,B03,120.67556,24.141676,3
2022,10,7,20,11,臺中市,外埔區,0,2,0,8,3,5,50,14,9,1,5,4,5,7,4,4,9,4,5,1,13,42,3,10,1,1,C03,7,12,1,10,2,15,,42,42,1,22,9,C03,120.641866,24.338062,2
2022,10,7,20,16,臺中市,西屯區,0,0,0,8,,,40,,,,,,,,,,,,,,,23,,,,,B03,,,1,,1,,,23,23,1,22,,B03,120.64958,24.172738,3
2022,10,7,20,36,臺中市,豐原區,0,2,0,8,3,5,50,14,7,1,5,4,5,7,4,4,5,5,4,2,16,19,2,8,1,1,C03,7,1,1,10,2,14,,19,19,1,21,8,C03,120.712905,24.248977,2
2022,10,7,20,40,臺中市,北區,0,0,0,8,,,50,,,,,,,,,,,,,,,23,,,,,C03,,,1,,2,,,23,,1,21,,C03,120.680971,24.166685,3
2022,10,7,20,56,臺中市,東勢區,0,0,0,8,,,50,,,,,,,,,,,,,,,6,,,,,B03,,,1,,2,,,6,,1,5,,B03,120.780664,24.285903,3
2022,10,7,21,0,臺中市,清水區,0,0,0,8,,,60,,,,,,,,,,,,,,,7,,,,,B03,,,1,,2,,,7,,1,21,,B03,120.54624,24.277619,3
2022,10,7,21,1,臺中市,西屯區,0,0,0,8,,,50,,,,,,,,,,,,,,,12,,,,,B03,,,1,,1,,,12,,1,22,,B03,120.643376,24.183031,3
2022,10,7,21,2,臺中市,太平區,0,0,0,8,,,30,,,,,,,,,,,,,,,44,,,,,B03,,,1,,11,,,44,,1,21,,B03,120.70156,24.149431,3
2022,10,7,21,17,臺中市,南屯區,0,0,0,8,4,5,50,3,1,1,5,4,5,7,4,4,5,5,5,2,16,6,3,10,1,1,C03,7,5,1,10,2,11,,6,6,1,22,8,C03,120.634329,24.152473,3
2022,10,7,21,27,臺中市,清水區,0,1,0,8,3,5,50,4,1,1,5,4,5,7,2,1,1,4,4,2,16,6,3,10,1,1,B03,7,5,1,8,2,6,,6,6,1,21,8,B03,120.575374,24.268685,2
2022,10,7,21,37,臺中市,西屯區,0,2,0,8,3,5,50,3,2,1,5,4,5,7,4,4,5,4,5,2,10,4,2,9,3,4,C03,7,9,1,10,2,11,,4,4,1,22,8,C03,120.650203,24.176633,2
2022,10,7,21,42,臺中市,梧棲區,0,2,0,8,3,5,30,14,9,1,5,4,5,7,4,4,10,5,5,2,17,23,2,9,1,1,C03,7,9,1,10,2,11,,23,23,1,9,8,C03,120.521406,24.245391,2
2022,10,7,22,0,臺中市,大肚區,0,0,0,8,,,40,,,,,,,,,,,,,,,23,,,,,B03,,,1,,2,,,23,,1,22,,B03,120.582092,24.169362,3
2022,10,7,22,5,臺中市,南屯區,0,0,0,8,,,50,,,,,,,,,,,,,,,43,,,,,B03,,,1,,1,,,43,,1,22,,B03,120.633681,24.152381,3
2022,10,7,22,14,臺中市,北屯區,0,0,0,8,,,50,,,,,,,,,,,,,,,23,,,,,B02,,,1,,2,,,23,,1,21,,B02,120.672933,24.200868,3
2022,10,7,22,17,臺中市,西屯區,0,1,0,8,1,5,50,14,8,1,5,4,5,7,4,4,5,5,5,2,16,23,3,10,3,4,B03,7,9,1,8,2,5,,23,23,1,22,8,B03,120.658501,24.164793,2
2022,10,7,22,20,臺中市,西屯區,0,0,0,8,,,30,,,,,,,,,,,,,,,17,,,,,B03,,,2,,1,,,17,,1,12,,B03,120.613585,24.173346,3
2022,10,7,23,14,臺中市,沙鹿區,0,2,0,8,3,5,50,4,1,1,5,4,5,7,3,1,10,5,5,2,16,6,2,9,3,4,C03,7,5,1,10,2,12,,6,6,1,22,9,C03,120.562084,24.245176,2
2022,10,7,23,20,臺中市,清水區,0,1,0,8,3,5,50,3,1,1,5,4,5,7,4,4,8,3,5,1,16,6,3,10,1,1,B03,7,5,1,8,2,8,,6,6,1,21,8,B03,120.571857,24.262649,2
2022,10,7,23,36,臺中市,北區,0,1,0,8,3,5,50,4,7,1,5,4,5,7,1,1,8,4,4,2,18,43,2,9,1,1,C03,7,9,1,10,2,15,,43,43,1,5,8,C03,120.675981,24.151542,2
2022,10,8,0,28,臺中市,西區,0,0,0,8,,,50,,,,,,,,,,,,,,,10,,,,,B03,,,1,,2,,,10,10,1,4,,B03,120.672257,24.136286,3
2022,10,8,0,37,臺中市,北區,0,1,0,7,3,5,50,14,7,1,5,4,5,7,4,4,5,4,4,2,16,23,2,9,1,1,C03,7,5,1,10,2,12,,6,23,1,5,8,C03,120.689605,24.157437,2
2022,10,8,0,52,臺中市,大安區,0,1,0,8,3,5,60,4,1,1,5,4,5,7,3,1,10,5,5,2,13,16,3,10,1,1,C03,7,9,1,10,2,11,,16,16,1,5,6,C03,120.60332,24.394628,2
2022,10,8,0,54,臺中市,北區,0,1,0,8,3,5,40,14,8,1,5,4,5,7,4,4,1,4,4,2,16,7,3,10,1,1,C03,7,8,1,10,2,12,,7,7,1,22,8,C03,120.694345,24.153539,2
2022,10,8,0,57,臺中市,南屯區,0,0,0,8,3,5,40,14,9,1,5,4,5,7,4,4,1,4,1,2,17,23,3,10,1,1,B03,7,9,1,8,1,2,,23,23,1,22,8,B03,120.62311,24.148041,3
2022,10,8,1,20,臺中市,梧棲區,0,0,0,8,3,5,50,4,2,1,5,4,5,7,3,1,10,5,5,2,17,23,3,10,3,1,F02,7,15,8,20,8,16,,23,23,1,9,7,F02,120.528388,24.24023,3
2022,10,8,1,37,臺中市,大肚區,0,0,0,8,,,30,,,,,,,,,,,,,,,6,,,,,B03,,,1,,2,,,6,,1,22,,B03,120.575736,24.175571,4
2022,10,8,3,18,臺中市,北屯區,0,0,0,8,,,60,,,,,,,,,,,,,,,23,,,,,B03,,,1,,2,,,23,,1,21,,B03,120.727523,24.160937,3
2022,10,8,3,26,臺中市,東勢區,0,3,0,8,3,5,60,3,2,1,5,4,5,7,1,1,1,2,4,1,13,23,2,9,1,1,C03,7,9,1,9,2,12,,23,23,1,21,9,C03,120.838182,24.215942,2
2022,10,8,3,42,臺中市,太平區,0,1,0,8,3,5,50,4,2,1,5,4,5,7,4,4,10,5,5,2,16,8,3,10,1,1,B03,7,5,1,8,2,1,,8,8,1,5,8,B03,120.724166,24.13639,2
2022,10,8,4,38,臺中市,北區,0,1,0,8,3,5,50,14,20,1,5,4,5,7,4,4,5,4,5,2,26,23,2,9,1,1,B03,7,5,1,8,1,2,1,23,23,2,5,8,B03,120.686897,24.147479,2
2022,10,8,5,10,臺中市,沙鹿區,0,1,0,8,3,5,60,3,1,1,5,4,5,7,2,1,10,5,5,2,16,25,3,10,1,1,B03,7,9,1,8,2,8,,25,25,1,4,5,B03,120.556112,24.212822,2
2022,10,8,6,1,臺中市,西屯區,0,1,0,8,1,5,40,4,1,1,5,4,5,7,1,1,9,4,4,2,16,25,3,10,1,1,C03,7,9,1,10,2,11,,25,25,1,12,8,C03,120.645218,24.176853,2
2022,10,8,6,35,臺中市,東區,0,0,0,,,,50,,,,,,,,,,,,,,,1,,,,,B01,,,1,,2,,,1,,1,22,,B01,120.687874,24.140166,3
2022,10,8,6,48,臺中市,清水區,0,3,0,8,2,5,50,4,1,1,5,4,5,7,1,1,8,3,4,1,15,25,2,9,1,1,C03,7,9,1,10,2,12,,25,25,1,21,8,C03,120.561153,24.267324,2
2022,10,8,7,18,臺中市,后里區,0,2,0,8,1,5,30,4,1,1,5,4,5,7,4,4,10,5,5,2,16,6,2,9,2,1,G02,7,6,7,19,2,4,,6,6,1,22,8,G02,120.672958,24.307433,2
2022,10,8,7,23,臺中市,烏日區,0,1,0,8,1,5,50,4,1,1,5,4,5,7,1,1,10,5,5,2,11,8,3,10,1,1,B03,7,5,1,8,2,5,,8,8,1,21,1,B03,120.624288,24.102624,2
2022,10,8,7,39,臺中市,東區,0,1,0,8,1,5,50,3,1,1,5,4,5,7,2,1,10,5,5,2,16,42,2,9,3,4,C03,7,15,1,10,2,14,,42,42,1,5,8,C03,120.690929,24.140007,2
2022,10,8,7,43,臺中市,北屯區,0,1,0,8,1,5,40,16,7,1,5,4,5,7,4,4,1,5,4,2,16,7,2,8,1,1,C03,7,7,1,10,2,14,,7,7,1,21,8,C03,120.739855,24.178613,2
2022,10,8,7,55,臺中市,東區,0,1,0,8,1,5,40,4,1,1,5,4,5,7,1,1,5,4,4,2,12,23,2,9,1,1,C03,7,9,3,18,6,12,,23,23,1,21,8,C03,120.689699,24.1328,2
2022,10,8,8,2,臺中市,北屯區,0,1,0,8,1,5,50,4,18,1,5,4,5,7,2,1,10,5,5,2,3,15,3,10,3,4,B01,7,5,1,2,2,5,,15,15,1,10,8,B01,120.668101,24.173345,2
2022,10,8,8,8,臺中市,清水區,0,3,0,8,1,5,50,14,9,1,5,4,5,7,4,4,5,5,5,1,16,6,2,4,1,1,C03,7,5,1,10,2,11,,6,6,1,5,8,C03,120.571197,24.290885,2
2022,10,8,8,9,臺中市,清水區,0,0,0,8,1,5,70,14,7,1,5,4,5,7,1,1,1,4,4,1,13,23,3,10,1,1,B03,7,9,6,8,2,1,,23,23,1,5,8,B03,120.585594,24.287694,3
2022,10,8,8,10,臺中市,北區,0,0,0,8,1,5,50,14,7,1,5,4,5,7,4,4,1,4,4,2,13,23,3,10,1,1,B03,7,9,1,8,1,1,,23,23,1,5,5,B03,120.683822,24.153872,3
2022,10,8,8,16,臺中市,南屯區,0,0,0,8,,,40,,,,,,,,,,,,,,,25,,,,,B03,,,1,,2,,,25,,1,4,,B03,120.622793,24.140467,3
2022,10,8,8,19,臺中市,東區,0,0,0,8,1,5,50,14,7,1,5,4,5,7,4,4,1,4,4,2,13,16,3,10,1,1,B03,7,9,1,8,2,1,,16,16,1,5,8,B03,120.694654,24.143147,3
2022,10,8,8,20,臺中市,大安區,0,1,0,8,1,5,30,14,9,1,5,4,5,7,4,4,10,5,5,2,18,44,2,9,1,1,F01,7,9,8,20,2,16,,44,44,1,21,6,F01,120.615745,24.390865,2
2022,10,8,8,23,臺中市,梧棲區,0,2,0,8,1,5,50,14,9,1,5,4,5,7,4,4,9,5,5,1,3,23,2,9,1,1,C03,7,9,1,10,2,11,,23,23,1,20,8,C03,120.537914,24.256802,2
2022,10,8,8,28,臺中市,石岡區,0,1,0,8,1,5,50,14,9,1,5,4,5,7,4,4,5,5,5,1,26,43,2,9,1,1,C03,7,9,1,10,3,11,,43,43,1,5,8,C03,120.81378,24.25352,2
2022,10,8,8,44,臺中市,清水區,0,1,0,8,1,5,40,14,7,1,5,4,5,7,1,1,1,2,4,2,16,8,3,10,1,1,B03,7,5,1,8,2,4,,8,8,1,5,8,B03,120.576732,24.272301,2
2022,10,8,8,46,臺中市,南屯區,0,0,0,8,,,50,,,,,,,,,,,,,,,9,,,,,B12,,,1,,1,,,9,,1,22,,B12,120.600638,24.13935,3
2022,10,8,8,50,臺中市,沙鹿區,0,0,0,8,,,50,,,,,,,,,,,,,,,6,,,,,B03,,,1,,1,,,6,,1,10,,B03,120.599681,24.255124,3
2022,10,8,8,52,臺中市,南區,0,0,0,,,,50,,,,,,,,,,,,,,,23,,,,,B03,,,1,,2,,,23,,1,5,,B03,120.66814,24.116387,3
2022,10,8,9,2,臺中市,梧棲區,0,0,0,8,,,50,,,,,,,,,,,,,,,23,,,,,B12,,,1,,1,,,23,23,1,11,,B12,120.547764,24.245984,3
2022,10,8,9,10,臺中市,大雅區,0,1,0,8,1,5,50,4,1,1,5,4,5,7,1,1,1,2,4,1,16,9,3,10,1,1,B03,7,6,1,8,2,2,,9,9,1,22,9,B03,120.656406,24.22077,2
2022,10,8,9,17,臺中市,大雅區,0,1,0,8,1,5,40,3,1,1,5,4,5,7,4,4,3,4,4,1,13,23,2,9,1,1,C03,7,9,1,10,2,11,,23,23,1,22,8,C03,120.63322,24.237899,2
2022,10,8,9,19,臺中市,太平區,0,1,0,8,1,5,50,14,13,1,5,4,5,7,4,4,5,5,5,1,17,23,2,8,3,4,F03,7,9,8,20,2,16,,23,23,1,9,8,F03,120.718221,24.120012,2
2022,10,8,9,26,臺中市,石岡區,0,0,0,8,,,70,,,,,,,,,,,,,,,23,,,,,B12,,,1,,2,,,23,,1,7,,B12,120.79002,24.27343,3
2022,10,8,9,30,臺中市,神岡區,0,0,0,8,,,30,,,,,,,,,,,,,,,17,,,,,A12,,,1,,2,,,17,17,1,10,,A12,120.682222,24.272105,3
2022,10,8,9,31,臺中市,北屯區,0,2,0,8,1,5,50,4,1,1,5,4,5,7,2,1,10,5,5,2,17,19,2,9,3,4,C03,7,1,1,10,2,14,,19,19,1,21,8,C03,120.680175,24.189007,2
2022,10,8,9,38,臺中市,大雅區,0,1,0,8,1,5,50,5,1,1,5,4,1,7,1,1,5,5,5,2,17,23,2,8,1,1,C03,7,9,1,10,2,15,,23,23,1,22,8,C03,120.64721,24.229275,2
2022,10,8,9,38,臺中市,北屯區,0,0,0,8,,,50,,,,,,,,,,,,,,,23,,,,,B03,,,1,,1,,,23,,1,21,,B03,120.690588,24.199336,3
2022,10,8,9,39,臺中市,西區,0,1,0,8,1,5,40,4,1,1,5,4,5,7,4,4,10,5,5,2,17,10,3,10,3,4,B03,7,11,1,8,1,4,,10,10,1,21,8,B03,120.661689,24.138833,2
2022,10,8,9,40,臺中市,北屯區,0,0,0,8,,,50,,,,,,,,,,,,,,,42,,,,,B03,,,1,,1,,,42,,1,22,,B03,120.674987,24.188411,3
2022,10,8,9,40,臺中市,龍井區,0,1,0,8,1,5,30,4,1,1,5,4,5,7,4,4,10,5,5,2,16,6,3,10,1,1,C03,7,5,1,10,2,11,,6,6,1,22,8,C03,120.593602,24.188474,2
2022,10,8,9,57,臺中市,東區,0,0,0,8,,,50,,,,,,,,,,,,,,,26,,,,,C03,,,1,,2,,,26,,1,3,,C03,120.700082,24.132455,3
2022,10,8,10,0,臺中市,清水區,0,1,0,8,1,5,50,14,9,1,5,4,5,7,1,1,5,5,5,2,12,23,3,10,1,1,B12,7,5,1,8,2,2,,23,23,1,5,8,B12,120.574345,24.266405,2
2022,10,8,10,3,臺中市,南屯區,0,3,0,8,1,5,30,4,2,1,5,4,5,7,2,1,10,5,5,2,17,19,2,9,1,1,C03,7,1,1,10,2,14,,19,19,1,22,9,C03,120.637475,24.138078,2
2022,10,8,10,5,臺中市,潭子區,0,3,0,8,1,5,30,3,1,1,5,4,5,7,4,4,10,5,5,2,17,6,2,9,1,1,C03,7,5,1,10,2,11,,6,6,1,22,8,C03,120.681901,24.226798,2
2022,10,8,10,6,臺中市,北屯區,0,1,0,8,1,5,50,5,1,1,5,4,5,7,2,1,10,5,5,2,17,25,3,10,3,4,B03,7,6,1,8,2,2,,25,25,1,21,8,B03,120.686582,24.201323,2
2022,10,8,10,11,臺中市,東區,0,1,0,8,1,5,50,4,1,1,5,4,5,7,1,1,10,5,5,2,16,6,3,10,3,4,B03,7,5,6,8,2,15,,6,6,1,5,8,B03,120.692535,24.138416,2
2022,10,8,10,12,臺中市,大雅區,0,0,0,8,,,30,,,,,,,,,,,,,,,6,,,,,B03,,,1,,2,,,6,6,1,22,,B03,120.63996,24.244138,3
2022,10,8,10,28,臺中市,神岡區,0,0,0,8,,,40,,,,,,,,,,,,,,,17,,,,,A11,,,1,,1,,,17,,1,21,,A11,120.67318,24.269363,3
2022,10,8,10,30,臺中市,西區,0,0,0,8,1,5,50,14,9,1,5,4,5,7,4,4,5,4,5,2,14,12,,,,,B03,,,1,,1,,,12,,1,22,,B03,120.6781,24.144647,3
2022,10,8,10,30,臺中市,新社區,0,0,0,8,,,40,,,,,,,,,,,,,,,23,,,,,B03,,,1,,2,,,23,,1,21,,B03,120.829421,24.167611,3
2022,10,8,10,35,臺中市,大甲區,0,3,0,8,1,5,30,3,1,1,5,4,5,7,4,4,10,5,5,2,17,8,2,9,1,1,C03,7,5,1,10,2,11,,8,8,1,2,8,C03,120.631918,24.349424,2
2022,10,8,10,41,臺中市,南區,0,2,0,8,1,5,50,3,1,1,5,4,5,7,2,1,5,4,5,2,16,9,2,9,1,1,C03,7,6,1,10,2,13,,9,9,1,21,8,C03,120.668333,24.114491,2
2022,10,8,10,51,臺中市,東區,0,0,0,,,,50,,,,,,,,,,,,,,,7,,,,,B03,,,1,,2,,,7,,1,5,,B03,120.689952,24.138007,3
2022,10,8,10,58,臺中市,南屯區,0,0,0,8,,,50,,,,,,,,,,,,,,,1,,,,,B03,,,1,,2,,,1,,1,22,,B03,120.638305,24.147194,3
2022,10,8,11,1,臺中市,北屯區,0,0,0,8,,,40,,,,,,,,,,,,,,,16,,,,,B03,,,1,,2,,,16,,1,21,,B03,120.72095,24.172443,3
2022,10,8,11,11,臺中市,北區,0,2,0,8,1,5,40,14,8,1,5,4,5,7,4,4,1,4,4,2,17,19,3,10,1,1,C03,7,1,1,10,2,13,,19,19,1,5,8,C03,120.69458,24.157463,2
2022,10,8,11,24,臺中市,東區,0,3,0,8,1,5,50,4,1,1,5,4,5,7,2,1,10,5,5,2,16,6,2,9,3,4,C03,7,5,1,10,2,13,,6,6,1,5,8,C03,120.70213,24.142998,2
2022,10,8,11,28,臺中市,南區,0,0,0,8,,,50,,,,,,,,,,,,,,,23,,,,,B02,,,1,,2,,,23,23,1,22,,B02,120.670193,24.116031,3
2022,10,8,11,28,臺中市,北屯區,0,0,0,8,,,80,,,,,,,,,,,,,,,7,,,,,B12,,,1,8,1,,,7,7,1,21,,B12,120.720876,24.168172,3
2022,10,8,11,32,臺中市,北區,0,0,0,,,,50,,,,,,,,,,,,,,,12,,,,,B03,,,1,,2,,,12,,1,22,,B03,120.685079,24.151991,3
2022,10,8,11,34,臺中市,大里區,0,0,0,8,,,50,,,,,,,,,,,,,,,6,,,,,B03,,,1,,2,,,6,,1,22,,B03,120.670275,24.107134,3
2022,10,8,11,37,臺中市,龍井區,0,0,0,8,,,30,,,,,,,,,,,,,,,8,,,,,B03,,,1,,2,,,8,,1,22,,B03,120.576269,24.175553,3
2022,10,8,11,47,臺中市,新社區,0,0,0,8,1,5,30,15,9,1,5,4,5,7,4,4,10,5,5,1,11,17,3,10,3,4,B03,7,9,1,8,2,4,,17,17,1,22,6,B03,120.787862,24.250044,3
2022,10,8,12,1,臺中市,東區,0,0,0,,,,50,,,,,,,,,,,,,,,23,,,,,C03,,,1,,2,,,23,,1,5,,C03,120.707526,24.142697,3
2022,10,8,12,2,臺中市,東區,0,1,0,8,1,5,50,4,1,1,5,4,5,7,1,1,5,5,4,2,16,25,3,10,1,1,B03,7,6,1,8,2,6,,25,25,1,21,8,B03,120.699913,24.142778,2
2022,10,8,12,5,臺中市,南屯區,0,0,0,8,,,50,,,,,,,,,,,,,,,6,,,,,C03,,,1,,1,,,6,,1,22,,C03,120.640337,24.140916,3
2022,10,8,12,6,臺中市,西區,0,0,0,,,,50,,,,,,,,,,,,,,,23,,,,,B03,,,1,,2,,,23,,1,5,,B03,120.656157,24.150196,3