年,月,日,時,分,縣市,區,死,受傷,2-30,天候,光線,道路類別,速限,道路型態,事故位置,路面鋪裝,路面狀態,路面缺陷,障礙物,視距,號誌種類,號誌動作,分向設施,快車道或一般車道間,快慢車道間,路面邊線,事故類型及型態,主要肇因,受傷程度,主要傷處,保護裝備,行動電話,當事者區分,車輛用途,當事者行動狀態,駕駛資格情形,駕駛執照種類,飲酒情形,車輛撞擊部位最初,車輛撞擊部位其他,肇事因素個別,肇事因素主要,肇事逃逸,職業,旅次目的,車種,GPS緯度,GPS經度,事故類別
2022,10,9,8,32,臺中市,西區,0,0,0,8,,,40,,,,,,,,,,,,,,,19,,,,,B02,,,1,,2,,,19,,1,21,,B02,120.669141,24.145447,3
2022,10,9,8,32,臺中市,西區,0,2,0,8,1,5,50,4,1,1,5,4,5,7,2,1,10,5,5,2,15,25,2,9,1,1,C03,7,9,1,10,2,11,,25,25,1,21,8,C03,120.666736,24.141067,2
2022,10,9,8,36,臺中市,梧棲區,0,1,0,8,1,5,30,4,1,1,5,4,5,7,4,4,10,5,5,2,15,6,3,10,1,1,B12,7,9,1,8,2,5,,6,6,1,9,1,B12,120.541623,24.2305,2
2022,10,9,8,52,臺中市,清水區,0,0,0,8,,,40,,,,,,,,,,,,,,,12,,,,,B03,,,1,,2,,,12,,1,21,,B03,120.569336,24.276435,3
2022,10,9,8,57,臺中市,北屯區,0,2,0,8,1,5,50,4,1,1,5,4,5,7,1,1,10,5,5,2,16,6,3,10,1,1,B03,7,6,1,7,2,2,,6,6,1,22,8,B03,120.699012,24.160645,2
2022,10,9,9,0,臺中市,西區,0,0,0,8,1,5,50,13,9,1,5,4,5,7,4,4,10,5,5,2,17,23,,,,,B03,,,1,,1,,,23,,1,19,,B03,120.660733,24.13525,3
2022,10,9,9,5,臺中市,外埔區,0,0,0,8,,,50,,,,,,,,,,,,,,,23,,,,,B03,,,1,,2,,,23,,1,22,,B03,120.653987,24.331944,3
2022,10,9,9,16,臺中市,大里區,0,0,0,8,,,50,,,,,,,,,,,,,,,16,,,,,B01,,,1,,2,,,16,,1,22,,B01,120.6828,24.100739,3
2022,10,9,9,24,臺中市,南屯區,0,0,0,8,,,50,,,,,,,,,,,,,,,18,,,,,B03,,,1,,11,,,44,18,1,22,,B03,120.607497,24.144724,3
2022,10,9,9,25,臺中市,大甲區,0,0,0,8,1,5,50,14,9,1,5,4,5,7,4,4,5,4,5,1,12,23,3,10,4,1,B03,7,9,1,8,1,5,,23,23,1,22,8,B03,120.626738,24.34672,3
2022,10,9,9,34,臺中市,南屯區,0,0,0,8,,,50,,,,,,,,,,,,,,,23,,,,,B01,,,1,,2,,,23,,1,22,,B01,120.644874,24.149997,3
2022,10,9,9,44,臺中市,清水區,0,1,0,8,1,5,40,14,13,1,5,4,5,7,4,4,1,4,5,1,18,23,2,9,1,1,C03,7,9,1,10,2,12,,23,23,1,21,8,C03,120.596946,24.306064,2
2022,10,9,9,56,臺中市,清水區,0,1,0,8,1,8,50,4,1,1,5,4,5,7,1,1,10,5,5,2,16,6,2,2,1,1,B03,7,5,1,8,2,4,,6,6,1,21,8,B03,120.561153,24.267324,2
2022,10,9,10,10,臺中市,大雅區,0,2,0,8,1,5,50,3,7,1,5,4,5,7,1,1,1,4,4,1,13,23,2,7,1,1,C03,7,14,1,10,2,11,,23,23,1,22,9,C03,120.670846,24.215731,2
2022,10,9,10,10,臺中市,東區,0,1,0,7,1,5,50,3,1,1,5,4,5,7,3,1,10,5,5,2,16,6,3,10,3,4,C03,7,15,1,10,2,11,,6,6,1,5,8,C03,120.650326,24.122018,2
2022,10,9,10,15,臺中市,沙鹿區,0,2,0,8,1,5,50,5,1,1,5,4,5,7,1,1,10,5,5,2,15,25,2,9,1,1,C03,7,9,1,10,2,12,,25,25,1,21,8,C03,120.565921,24.250366,2
2022,10,9,10,35,臺中市,中區,0,1,0,8,1,5,50,14,9,1,5,4,5,7,4,4,5,4,5,2,9,42,3,10,1,1,A02,7,7,1,2,2,15,,42,42,1,21,8,A02,120.68401,24.138553,2
2022,10,9,10,39,臺中市,南屯區,0,2,0,8,1,5,50,14,7,1,5,4,5,7,4,4,5,4,4,2,16,19,3,10,1,1,C03,7,1,1,10,4,12,,19,19,1,22,8,C03,120.611469,24.135358,2
2022,10,9,10,51,臺中市,梧棲區,0,0,0,8,,,50,,,,,,,,,,,,,,,12,,,,,B03,,,1,,1,,,12,,1,19,,B03,120.528148,24.222698,3
2022,10,9,10,54,臺中市,北屯區,0,0,0,8,,,50,,,,,,,,,,,,,,,16,,,,,B12,,,1,,1,,,16,,1,21,,B12,120.665378,24.183804,3
2022,10,9,11,0,臺中市,北屯區,0,0,0,8,,,50,,,,,,,,,,,,,,,12,,,,,B03,,,1,,1,,,12,,1,22,,B03,120.683296,24.17029,3
2022,10,9,11,0,臺中市,新社區,0,0,0,8,,,40,,,,,,,,,,,,,,,23,,,,,C02,,,1,,2,,,23,,1,5,,C02,120.834071,24.168078,3
2022,10,9,11,2,臺中市,南區,0,1,0,8,1,5,50,4,1,1,5,4,5,7,2,1,5,2,5,2,16,8,3,10,1,1,B03,7,5,1,8,2,6,,8,8,1,21,8,B03,120.684769,24.130826,2
2022,10,9,11,5,臺中市,后里區,0,1,0,8,1,5,50,4,1,1,5,4,5,7,3,1,5,5,4,1,15,6,2,7,1,1,C03,7,9,1,10,2,12,,6,6,1,21,8,C03,120.71001,24.309005,2
2022,10,9,11,6,臺中市,東區,0,0,0,,,,50,,,,,,,,,,,,,,,12,,,,,A12,,,1,,2,,,12,,1,5,,A12,120.691784,24.142827,3
2022,10,9,11,6,臺中市,豐原區,0,1,0,8,1,5,50,4,9,1,5,4,5,7,2,1,3,5,5,2,13,16,2,9,3,4,C03,7,9,1,10,2,11,,16,16,1,22,8,C03,120.711741,24.239923,2
2022,10,9,11,15,臺中市,梧棲區,0,0,0,8,,,70,,,,,,,,,,,,,,,42,,,,,B03,,,1,,2,,,42,,1,9,,B03,120.551845,24.244245,3
2022,10,9,11,18,臺中市,潭子區,0,1,0,8,1,8,50,4,9,1,5,4,5,7,1,1,10,5,5,2,17,6,3,10,1,1,B03,7,6,1,8,2,5,,6,6,1,22,8,B03,120.6911,24.216376,2
2022,10,9,11,20,臺中市,后里區,0,2,0,8,1,5,50,14,9,1,5,4,5,7,4,4,5,4,5,1,17,40,3,10,1,1,B12,7,13,6,5,2,4,,40,40,1,22,8,B12,120.729755,24.332247,2
2022,10,9,11,45,臺中市,潭子區,0,1,0,8,3,5,50,14,9,1,5,4,5,7,4,4,8,5,5,1,17,19,3,10,1,1,B03,7,1,1,8,2,8,,19,19,1,22,8,B03,120.673524,24.20527,2
2022,10,9,11,45,臺中市,中區,0,0,0,,,,50,,,,,,,,,,,,,,,42,,,,,B03,,,1,,1,,,42,,1,5,,B03,120.678573,24.13965,3
2022,10,9,11,46,臺中市,清水區,0,0,0,8,,,50,,,,,,,,,,,,,,,23,,,,,B03,,,1,,2,,,23,,1,21,,B03,120.558808,24.266757,3
2022,10,9,11,48,臺中市,北屯區,0,0,0,8,,,50,,,,,,,,,,,,,,,16,,,,,B03,,,1,,1,,,16,,1,5,,B03,120.691196,24.182481,3
2022,10,9,11,50,臺中市,南屯區,0,0,0,,,,40,,,,,,,,,,,,,,,12,,,,,B02,,,1,,1,,,12,,1,4,,B02,120.645467,24.150968,3
2022,10,9,11,53,臺中市,大肚區,0,2,0,8,1,5,30,4,1,1,5,4,5,7,4,4,10,5,5,2,15,6,2,9,1,1,C03,7,9,1,10,2,11,,23,14,1,22,8,C03,120.58149,24.171342,2
2022,10,9,11,59,臺中市,西屯區,0,2,0,8,1,5,50,4,18,1,5,4,5,7,1,1,10,5,5,2,3,15,2,7,4,5,H01,8,16,8,20,10,16,,52,15,1,22,8,H01,120.644359,24.174696,2
2022,10,9,12,0,臺中市,北屯區,0,0,0,8,,,50,,,,,,,,,,,,,,,26,,,,,B03,,,1,,2,,,26,,1,22,,B03,120.766284,24.197175,3
2022,10,9,12,1,臺中市,中區,0,1,0,8,1,5,50,4,2,1,5,4,5,7,4,4,5,4,5,2,17,23,3,10,1,1,C03,7,9,1,10,2,11,,23,23,1,5,5,C03,120.678152,24.143479,2
2022,10,9,12,3,臺中市,沙鹿區,0,0,0,8,,,30,,,,,,,,,,,,,,,25,,,,,B03,,,1,,2,,,25,,1,20,,B03,120.568956,24.253458,3
2022,10,9,12,10,臺中市,霧峰區,0,1,0,8,1,5,40,3,1,1,5,4,5,7,4,4,1,4,4,1,16,26,2,9,1,1,C03,7,5,3,18,2,13,,26,26,1,22,8,C03,120.67071,24.043666,2
2022,10,9,12,10,臺中市,大甲區,0,0,0,,,,50,,,,,,,,,,,,,,,12,,,,,B03,,,1,,1,,,12,,1,22,,B03,120.625309,24.343819,3
2022,10,9,12,15,臺中市,豐原區,0,0,0,8,,,50,,,,,,,,,,,,,,,18,,,,,B03,,,1,,2,,,18,18,1,21,,B03,120.724044,24.249472,3
2022,10,9,12,18,臺中市,東區,0,1,0,8,1,5,50,4,1,1,5,4,5,7,1,1,10,5,5,2,18,42,2,9,3,4,C03,7,5,3,18,2,14,,42,42,1,5,8,C03,120.70275,24.144813,2
2022,10,9,12,19,臺中市,北屯區,0,2,0,8,1,5,50,4,1,1,5,4,5,7,2,1,10,5,5,2,16,6,3,10,1,1,C03,7,5,1,10,2,14,,6,6,1,21,8,C03,120.694594,24.174574,2
2022,10,9,12,22,臺中市,東區,0,1,0,8,1,5,50,11,8,1,5,4,5,7,4,4,5,4,4,2,16,23,2,9,1,4,C03,7,9,1,10,2,12,,23,23,1,21,8,C03,120.705367,24.131981,2
2022,10,9,12,24,臺中市,西區,0,0,0,8,1,5,40,14,8,1,5,4,5,7,4,4,1,5,1,2,13,23,,,,,B03,,,1,,1,,,23,,1,4,,B03,120.663356,24.154769,3
2022,10,9,12,32,臺中市,大里區,0,2,0,8,1,5,50,14,9,1,5,4,5,7,4,4,5,4,5,1,16,6,2,7,3,4,C03,7,7,1,10,2,13,,6,6,1,22,9,C03,120.689276,24.105264,2
2022,10,9,12,45,臺中市,西區,0,0,0,8,,,50,,,,,,,,,,,,,,,12,,,,,B02,,,1,,2,,,12,,1,21,,B02,120.662495,24.139495,4
2022,10,9,12,50,臺中市,西區,0,0,0,8,,,50,,,,,,,,,,,,,,,42,,,,,C03,,,1,,2,,,42,,1,21,,C03,120.662609,24.155678,3
2022,10,9,12,57,臺中市,南屯區,0,0,0,8,,,50,,,,,,,,,,,,,,,6,,,,,B03,,,1,,1,,,6,6,1,4,,B03,120.64189,24.147808,3
2022,10,9,12,57,臺中市,北屯區,0,0,0,8,,,50,,,,,,,,,,,,,,,25,,,,,B03,,,1,,2,,,25,,1,22,,B03,120.685498,24.172177,3
2022,10,9,13,0,臺中市,北屯區,0,0,0,8,,,50,,,,,,,,,,,,,,,25,,,,,B03,,,1,,2,,,25,,1,22,,B03,120.686582,24.201323,3
2022,10,9,13,1,臺中市,西區,0,1,0,8,1,5,30,4,1,1,5,4,5,7,4,4,10,5,5,2,15,6,3,10,1,1,B03,7,9,1,8,2,5,,6,6,1,5,5,B03,120.657903,24.145323,2
2022,10,9,13,3,臺中市,北屯區,0,0,0,8,,,50,,,,,,,,,,,,,,,16,,,,,B12,,,1,,1,,,16,,1,21,,B12,120.685864,24.180638,3
2022,10,9,13,9,臺中市,龍井區,0,3,0,8,1,5,30,4,1,1,5,4,5,7,4,4,10,5,5,1,15,6,2,1,1,1,C03,7,9,1,10,2,11,,14,6,1,22,9,C03,120.578179,24.18087,2
2022,10,9,13,15,臺中市,東勢區,0,0,0,8,,,60,,,,,,,,,,,,,,,42,,,,,B03,,,1,,2,,,42,,1,5,,B03,120.832383,24.246172,3
2022,10,9,13,28,臺中市,梧棲區,0,0,0,8,,,50,,,,,,,,,,,,,,,12,,,,,B03,,,1,,1,,,12,,1,22,,B03,120.531158,24.256257,3
2022,10,9,13,33,臺中市,北屯區,0,0,0,8,,,50,,,,,,,,,,,,,,,16,,,,,B03,,,1,,1,,,16,,1,21,,B03,120.705738,24.1648,3
2022,10,9,13,36,臺中市,北屯區,0,0,0,8,,,50,,,,,,,,,,,,,,,17,,,,,B03,,,1,,1,,,17,17,1,22,,B03,120.730886,24.177478,3
2022,10,9,13,40,臺中市,后里區,0,1,0,8,3,5,25,14,8,1,5,4,5,7,4,4,5,3,5,1,12,17,2,9,1,1,F01,7,9,8,20,2,16,,17,17,1,16,8,F01,120.740204,24.271868,2
2022,10,9,13,40,臺中市,大甲區,0,0,0,,,,40,,,,,,,,,,,,,,,19,,,,,B03,,,1,,2,,,19,19,1,22,,B03,120.625086,24.343894,3
2022,10,9,13,42,臺中市,潭子區,0,0,0,8,,,50,,,,,,,,,,,,,,,7,,,,,C03,,,1,,2,,,44,7,1,22,,C03,120.709422,24.200329,3
2022,10,9,13,42,臺中市,豐原區,0,0,0,8,,,50,,,,,,,,,,,,,,,26,,,,,C03,,,1,,2,,,26,,1,21,,C03,120.720535,24.252023,3
2022,10,9,13,48,臺中市,西屯區,0,0,0,8,,,40,,,,,,,,,,,,,,,23,,,,,C03,,,1,,2,,,23,23,1,22,,C03,120.641228,24.167365,3
2022,10,9,13,48,臺中市,西屯區,0,1,0,8,1,5,50,4,1,1,5,4,5,7,4,4,10,5,5,2,15,19,3,10,1,1,B03,7,1,1,8,2,8,,19,19,1,22,8,B03,120.622257,24.186882,2
2022,10,9,13,50,臺中市,清水區,0,0,0,8,,,50,,,,,,,,,,,,,,,23,,,,,B02,,,1,,2,,,23,,1,21,,B02,120.552628,24.293972,3
2022,10,9,13,52,臺中市,大甲區,0,1,0,8,1,5,50,4,1,1,5,4,5,7,4,4,10,5,5,2,15,6,2,9,1,1,C03,7,9,3,18,2,12,,6,6,1,4,1,C03,120.620979,24.376341,2
2022,10,9,13,57,臺中市,南屯區,0,0,0,8,,,50,,,,,,,,,,,,,,,16,,,,,B03,,,1,,1,,,16,16,1,5,,B03,120.638987,24.1419,3
2022,10,9,14,35,臺中市,太平區,0,0,0,8,,,50,,,,,,,,,,,,,,,23,,,,,B03,,,1,,1,,,23,,1,18,,B03,120.723165,24.155774,3
2022,10,9,14,40,臺中市,新社區,0,1,0,8,1,5,50,3,1,1,5,4,5,7,4,4,5,5,5,2,12,1,2,9,1,1,C03,7,4,1,10,2,14,,1,1,1,21,8,C03,120.863085,24.156633,2
2022,10,9,14,43,臺中市,北屯區,0,2,0,8,1,5,50,4,1,1,5,4,5,7,1,1,10,5,5,2,15,25,2,9,1,1,C03,7,9,1,10,2,14,,44,43,1,4,8,C03,120.719281,24.176865,2
2022,10,9,14,52,臺中市,大雅區,0,2,0,8,1,5,50,4,2,1,5,4,5,7,1,1,9,4,4,1,17,23,2,9,1,1,C03,7,9,1,10,2,11,,23,23,1,22,9,C03,120.649604,24.212305,2
2022,10,9,15,9,臺中市,南區,0,1,0,8,1,5,50,14,9,1,5,4,5,7,4,4,3,4,5,2,12,17,3,10,1,1,B03,7,9,1,8,2,5,,17,17,1,21,8,B03,120.649743,24.121299,2
2022,10,9,15,14,臺中市,梧棲區,0,0,0,8,,,50,,,,,,,,,,,,,,,23,,,,,B03,,,1,,2,,,23,,1,9,,B03,120.532835,24.259429,3
2022,10,9,15,15,臺中市,南屯區,0,0,0,8,,,30,,,,,,,,,,,,,,,23,,,,,C03,,,1,8,2,,,23,23,1,12,,C03,120.645703,24.139415,3
2022,10,9,15,26,臺中市,清水區,0,0,0,8,,,50,,,,,,,,,,,,,,,12,,,,,B03,,,1,,2,,,12,12,1,21,,B03,120.545235,24.262835,3
2022,10,9,15,33,臺中市,北區,0,1,0,8,1,5,50,14,9,1,5,4,5,7,4,4,5,4,5,2,13,23,3,10,1,1,C03,7,9,1,10,2,11,,23,23,1,22,8,C03,120.681707,24.155048,2
2022,10,9,15,35,臺中市,南屯區,0,0,0,8,,,50,,,,,,,,,,,,,,,18,,,,,B03,,,1,,2,,,18,18,1,22,,B03,120.624081,24.147434,3
2022,10,9,15,40,臺中市,南屯區,0,0,0,8,,,40,,,,,,,,,,,,,,,40,,,,,C03,,,6,18,2,,,44,40,1,12,,C03,120.634752,24.153877,3
2022,10,9,15,41,臺中市,東區,0,2,0,8,1,5,50,4,1,1,5,4,5,7,1,1,10,5,5,2,16,6,2,9,1,1,C03,7,5,3,18,2,12,,6,6,1,18,8,C03,120.701487,24.140216,2
2022,10,9,15,41,臺中市,南屯區,0,0,0,8,,,50,,,,,,,,,,,,,,,23,,,,,B03,,,1,,1,,,23,,1,5,,B03,120.621716,24.150873,3
2022,10,9,15,48,臺中市,北區,0,0,0,8,,,30,,,,,,,,,,,,,,,43,,,,,C03,,,3,,2,,,43,,1,22,,C03,120.670507,24.156562,3
2022,10,9,15,48,臺中市,南屯區,0,0,0,8,,,50,,,,,,,,,,,,,,,23,,,,,B03,,,1,,2,,,23,,1,22,,B03,120.646158,24.135124,3
2022,10,9,15,49,臺中市,大雅區,0,1,0,8,1,5,50,4,1,1,5,4,5,7,1,1,5,5,5,1,17,6,3,10,1,1,B03,7,5,1,8,2,1,,6,6,1,21,8,B03,120.653453,24.225406,2
2022,10,9,15,50,臺中市,北區,0,2,0,8,1,5,50,3,1,1,5,4,5,7,2,1,3,5,5,2,17,19,3,10,1,1,B03,7,1,1,8,2,15,,19,19,2,20,8,B03,120.693872,24.160151,2
2022,10,9,15,50,臺中市,北屯區,0,1,0,8,1,5,50,4,1,1,5,4,5,7,1,1,10,5,5,2,16,25,3,10,1,1,B03,7,9,1,8,2,2,,25,25,1,21,8,B03,120.665383,24.19118,2
2022,10,9,15,51,臺中市,西區,0,2,0,8,1,5,50,3,1,1,5,4,5,7,1,1,10,5,5,2,17,19,2,9,2,1,F02,7,1,8,20,2,15,,19,19,1,19,7,F02,120.663729,24.132149,2
2022,10,9,16,0,臺中市,西屯區,0,0,0,8,,,50,,,,,,,,,,,,,,,12,,,,,B03,,,1,,1,,,12,,1,4,,B03,120.643348,24.183078,3
2022,10,9,16,14,臺中市,梧棲區,0,0,0,8,,,60,,,,,,,,,,,,,,,23,,,,,B03,,,1,,1,,,23,,1,9,,B03,120.534816,24.246145,3
2022,10,9,16,19,臺中市,南屯區,0,0,0,8,1,5,50,14,9,1,5,4,5,7,4,4,5,5,5,2,17,18,3,10,1,1,B03,7,3,1,8,1,8,,18,18,1,22,8,B03,120.650358,24.141027,3
2022,10,9,16,26,臺中市,北區,0,0,0,8,,,50,,,,,,,,,,,,,,,12,,,,,B03,,,1,,2,,,12,,1,22,,B03,120.684151,24.160379,3
2022,10,9,16,27,臺中市,北屯區,1,2,0,8,1,5,50,4,1,1,5,4,5,7,3,1,10,5,5,2,15,6,1,9,1,1,C03,7,9,2,18,2,11,,6,6,1,22,8,C03,120.717905,24.168042,1
2022,10,9,16,32,臺中市,北屯區,0,2,0,8,1,5,50,4,1,1,5,4,5,7,4,4,10,5,5,2,3,23,2,9,1,1,C03,7,9,1,10,2,11,14,23,23,1,5,8,C03,120.698838,24.17914,2
2022,10,9,16,33,臺中市,龍井區,0,0,0,8,,,,,,,,,,,,,,,,,,43,,,,,,,,,,,,,43,,1,,,,120.579158,24.18272,3
2022,10,9,16,38,臺中市,東區,0,0,0,,,,50,,,,,,,,,,,,,,,43,,,,,B01,,,1,,2,,,43,,1,10,,B01,120.689735,24.144414,3
2022,10,9,16,42,臺中市,梧棲區,0,0,0,8,,,50,,,,,,,,,,,,,,,6,,,,,B12,,,1,,1,,,6,,1,22,,B12,120.53985,24.246854,3
2022,10,9,16,50,臺中市,北屯區,0,1,0,8,1,5,30,4,1,1,5,4,5,7,3,1,10,5,5,2,16,6,3,10,1,1,B03,7,9,1,8,2,5,,6,6,1,21,8,B03,120.694466,24.18684,2
2022,10,9,16,57,臺中市,和平區,0,0,0,6,4,2,30,11,9,1,4,4,5,1,4,4,10,5,5,1,11,17,3,10,3,4,B03,7,9,1,8,2,4,,17,17,1,4,8,B03,121.342453,24.37992,3
2022,10,9,17,1,臺中市,西屯區,0,2,0,8,1,5,30,5,1,1,5,4,5,7,4,4,10,5,5,2,17,23,3,10,1,4,B03,7,5,1,8,2,8,,23,23,1,22,8,B03,120.643294,24.168013,2
2022,10,9,17,3,臺中市,西區,0,1,0,8,1,5,50,4,1,1,5,4,5,7,2,1,10,5,5,2,16,7,3,10,1,1,C03,7,8,1,10,9,12,,7,7,1,5,5,C03,120.666736,24.141067,2
2022,10,9,17,3,臺中市,東區,0,0,0,8,1,5,50,14,9,1,5,4,5,7,4,4,5,5,5,2,29,67,,,,,,,,,,,,,67,67,1,,,,120.693909,24.149127,3
2022,10,9,17,6,臺中市,西區,0,0,0,8,,,50,,,,,,,,,,,,,,,43,,,,,,,,,,,,,43,,1,,,,120.673293,24.141322,3
2022,10,9,17,23,臺中市,清水區,0,0,0,8,3,5,60,14,9,1,5,4,5,7,1,1,1,4,5,1,13,23,3,10,1,1,B03,7,9,1,8,1,1,,23,23,1,5,8,B03,120.552015,24.293875,3
2022,10,9,17,30,臺中市,大雅區,0,1,0,8,1,5,50,15,7,1,5,4,5,7,4,4,5,4,5,1,17,23,2,7,1,1,C03,7,9,1,10,2,11,,23,23,1,22,8,C03,120.648076,24.226383,2
2022,10,9,17,32,臺中市,北區,0,1,0,8,2,5,30,4,1,1,5,4,5,7,4,4,10,5,5,2,16,6,2,9,1,1,C03,7,9,1,10,2,11,,6,6,1,22,8,C03,120.666618,24.164443,2
2022,10,9,17,33,臺中市,龍井區,0,2,0,8,3,5,50,3,1,1,5,4,5,7,3,1,9,4,5,1,17,6,2,8,1,1,C02,7,1,1,9,2,14,,6,6,1,21,8,C02,120.574501,24.196206,2
2022,10,9,17,34,臺中市,南屯區,0,0,0,8,,,50,,,,,,,,,,,,,,,23,,,,,B02,,,1,,1,,,23,,1,5,,B02,120.621514,24.1401,3
2022,10,9,17,39,臺中市,豐原區,0,0,0,8,,,60,,,,,,,,,,,,,,,9,,,,,B03,,,1,,2,,,9,9,1,22,,B03,120.703258,24.251619,3
2022,10,9,17,42,臺中市,西區,0,0,0,8,,,50,,,,,,,,,,,,,,,12,,,,,B03,,,1,,2,,,12,,1,21,,B03,120.665287,24.150867,3
2022,10,9,17,47,臺中市,西屯區,0,0,0,8,,,50,,,,,,,,,,,,,,,7,,,,,B03,,,1,,1,,,7,,1,22,,B03,120.655911,24.158976,3
2022,10,9,17,51,臺中市,西屯區,0,0,0,8,,,30,,,,,,,,,,,,,,,17,,,,,B03,,,3,,1,,,17,,1,22,,B03,120.641883,24.180513,3
2022,10,9,17,55,臺中市,北區,0,3,0,8,3,5,40,4,1,1,5,4,5,7,1,1,10,5,5,2,12,43,2,9,1,1,C03,7,9,1,10,2,12,,43,43,1,22,8,C03,120.664208,24.154416,2
2022,10,9,18,0,臺中市,大甲區,0,1,0,8,3,5,50,3,1,1,5,4,5,7,3,1,10,5,5,2,16,6,3,10,1,1,C03,7,5,2,18,2,14,,6,6,1,4,1,C03,120.619478,24.345775,2
2022,10,9,18,3,臺中市,中區,0,0,0,,,,50,,,,,,,,,,,,,,,42,,,,,B03,,,1,,1,,,42,,1,5,,B03,120.680773,24.143412,3
2022,10,9,18,11,臺中市,大甲區,0,0,0,8,3,3,50,3,2,1,2,4,5,7,3,1,10,5,5,1,14,12,3,10,1,1,B12,7,2,1,8,1,3,,12,12,1,7,7,B12,120.653839,24.379391,3
2022,10,9,18,40,臺中市,大雅區,0,3,0,8,3,5,50,3,1,1,5,4,5,7,4,4,9,4,4,1,17,6,3,10,1,1,B03,7,6,1,8,2,2,,6,6,1,22,9,B03,120.639055,24.23189,2
2022,10,9,18,41,臺中市,北區,0,0,0,8,,,50,,,,,,,,,,,,,,,12,,,,,C03,,,1,,2,,,12,,1,21,,C03,120.682374,24.16722,3
2022,10,9,18,50,臺中市,梧棲區,0,0,0,8,,,40,,,,,,,,,,,,,,,23,,,,,B03,,,1,,2,,,23,,1,22,,B03,120.556117,24.242869,3
2022,10,9,18,56,臺中市,梧棲區,0,3,0,8,4,5,60,3,1,1,5,4,5,7,1,1,10,5,5,2,17,7,2,9,1,1,C03,7,7,1,10,2,13,,7,7,1,12,8,C03,120.537667,24.25297,2
2022,10,9,18,58,臺中市,潭子區,0,0,1,8,1,5,10,14,22,1,5,4,5,7,4,4,9,4,5,2,18,43,5,1,3,4,F01,7,9,8,20,2,16,,43,43,1,22,8,F01,120.701008,24.22255,2
2022,10,9,18,58,臺中市,東區,0,3,0,8,3,5,50,3,1,1,5,4,5,7,1,1,10,5,5,2,16,26,2,9,1,1,C03,7,1,1,10,2,14,,26,26,1,22,8,C03,120.689838,24.138339,2
2022,10,9,18,59,臺中市,北區,0,1,0,8,3,5,40,4,1,1,5,4,5,7,1,1,10,5,5,2,18,23,2,9,1,1,C03,7,9,1,10,2,14,,23,23,1,22,8,C03,120.674905,24.161646,2
2022,10,9,19,0,臺中市,北屯區,0,0,0,8,,,50,,,,,,,,,,,,,,,23,,,,,B02,,,1,,1,,,23,,1,5,,B02,120.710638,24.182072,3
2022,10,9,19,4,臺中市,西屯區,0,0,0,8,,,60,,,,,,,,,,,,,,,42,,,,,B03,,,1,,1,,,42,,1,22,,B03,120.641018,24.167806,3
2022,10,9,19,7,臺中市,北屯區,0,0,0,8,,,50,,,,,,,,,,,,,,,42,,,,,B03,,,1,,2,,,42,42,1,5,,B03,120.674987,24.188411,3
2022,10,9,19,12,臺中市,西屯區,0,1,0,8,1,5,50,4,1,1,5,4,5,7,1,1,8,5,5,1,16,6,3,10,1,4,C03,7,5,1,10,1,12,,6,6,1,4,8,C03,120.639143,24.180255,2
2022,10,9,19,13,臺中市,豐原區,0,0,0,8,,,50,,,,,,,,,,,,,,,8,,,,,B03,,,1,,2,,,8,8,1,21,,B03,120.720042,24.261607,3
2022,10,9,19,33,臺中市,梧棲區,0,2,0,8,3,5,50,14,9,1,5,4,5,7,4,4,5,5,5,1,18,23,2,9,1,1,C03,7,9,3,18,5,11,,23,23,1,12,8,C03,120.541159,24.249866,2
2022,10,9,19,39,臺中市,南屯區,0,0,0,,,,50,,,,,,,,,,,,,,,23,,,,,B03,,,1,,1,,,23,,1,22,,B03,120.613438,24.141586,3
2022,10,9,19,50,臺中市,梧棲區,0,0,0,8,,,40,,,,,,,,,,,,,,,16,,,,,C03,,,1,,2,,,16,,1,22,,C03,120.558039,24.242189,3
2022,10,9,19,51,臺中市,豐原區,0,0,0,8,,,60,,,,,,,,,,,,,,,26,,,,,B03,,,1,,2,,,26,,1,21,,B03,120.73603,24.260866,3
2022,10,9,19,53,臺中市,北區,0,0,0,8,,,50,,,,,,,,,,,,,,,7,,,,,B03,,,1,,2,,,7,,1,22,,B03,120.668095,24.162861,3
2022,10,9,20,0,臺中市,南區,0,1,0,8,3,5,50,3,2,1,5,4,5,7,4,4,5,5,5,2,13,16,2,7,1,1,C03,7,9,1,10,2,11,,16,16,1,18,8,C03,120.655995,24.126579,2
2022,10,9,20,4,臺中市,西屯區,0,0,0,8,,,50,,,,,,,,,,,,,,,25,,,,,B03,,,1,,1,,,25,,1,4,,B03,120.646876,24.174879,3
2022,10,9,20,8,臺中市,龍井區,0,2,0,8,1,5,40,4,1,1,5,4,5,7,1,1,1,4,4,1,12,23,3,10,1,1,B12,7,6,1,8,2,2,,9,23,1,21,8,B12,120.577673,24.186215,2