年,月,日,時,分,縣市,區,死,受傷,2-30,天候,光線,道路類別,速限,道路型態,事故位置,路面鋪裝,路面狀態,路面缺陷,障礙物,視距,號誌種類,號誌動作,分向設施,快車道或一般車道間,快慢車道間,路面邊線,事故類型及型態,主要肇因,受傷程度,主要傷處,保護裝備,行動電話,當事者區分,車輛用途,當事者行動狀態,駕駛資格情形,駕駛執照種類,飲酒情形,車輛撞擊部位最初,車輛撞擊部位其他,肇事因素個別,肇事因素主要,肇事逃逸,職業,旅次目的,車種,GPS緯度,GPS經度,事故類別
2022,10,9,20,26,臺中市,后里區,0,2,0,8,3,5,30,3,1,1,5,4,5,3,4,4,10,5,5,2,16,8,2,9,1,1,C03,7,5,1,10,2,12,,8,8,1,4,5,C03,120.715965,24.306006,2
2022,10,9,20,30,臺中市,北區,0,0,0,,,,50,,,,,,,,,,,,,,,23,,,,,B03,,,1,,11,,,23,,1,22,,B03,120.676355,24.155565,3
2022,10,9,20,30,臺中市,南區,0,1,0,8,3,5,50,4,1,1,5,4,5,7,1,1,9,4,4,2,16,19,2,9,1,1,C03,7,1,1,10,2,14,12,19,19,1,5,1,C03,120.677324,24.130606,2
2022,10,9,20,32,臺中市,太平區,0,0,0,8,,,30,,,,,,,,,,,,,,,23,,,,,B03,,,1,,2,,,23,,1,10,,B03,120.718059,24.125579,3
2022,10,9,20,33,臺中市,西屯區,0,0,0,8,,,1,,,,,,,,,,,,,,,23,,,,,B03,,,1,,1,,,23,,1,22,,B03,120.644753,24.163008,3
2022,10,9,20,35,臺中市,西屯區,0,2,0,8,3,5,50,4,1,1,5,4,5,7,4,4,10,5,5,2,3,23,2,9,1,1,C03,7,9,1,10,2,12,,23,23,1,22,8,C03,120.616787,24.188535,2
2022,10,9,20,43,臺中市,北區,0,0,0,8,,,50,,,,,,,,,,,,,,,23,,,,,B03,,,1,,2,,,23,,1,22,,B03,120.682538,24.146562,3
2022,10,9,20,50,臺中市,北區,0,2,0,8,3,5,30,14,9,1,5,4,5,7,4,4,10,5,5,2,3,23,2,9,3,4,F06,7,9,8,20,2,15,,23,23,1,22,8,F06,120.68419,24.152692,2
2022,10,9,20,52,臺中市,西屯區,0,0,0,8,,,40,,,,,,,,,,,,,,,18,,,,,B03,,,5,,2,,,18,,1,4,,B03,120.663846,24.166208,3
2022,10,9,21,10,臺中市,大雅區,0,3,0,8,3,5,50,4,1,1,5,4,5,7,1,1,5,5,5,1,16,6,2,1,1,1,B01,7,5,1,4,2,1,,6,6,1,22,9,B01,120.649285,24.216192,2
2022,10,9,21,15,臺中市,中區,0,0,0,8,,,50,,,,,,,,,,,,,,,16,,,,,B03,,,1,,1,,,16,,1,4,,B03,120.682533,24.136208,3
2022,10,9,21,21,臺中市,沙鹿區,0,1,0,8,3,5,50,4,1,1,5,4,5,7,4,4,10,5,5,2,15,6,3,10,1,1,B03,7,9,1,8,2,5,,6,6,1,20,8,B03,120.558472,24.236746,2
2022,10,9,21,30,臺中市,西屯區,0,0,0,8,,,50,,,,,,,,,,,,,,,23,,,,,B03,,,1,,1,,,23,,1,4,,B03,120.642391,24.169407,3
2022,10,9,21,36,臺中市,東區,0,0,0,,,,50,,,,,,,,,,,,,,,7,,,,,C03,,,1,,2,,,7,,1,21,,C03,120.699224,24.147116,3
2022,10,9,21,50,臺中市,南區,0,1,0,8,3,5,50,14,8,1,5,4,5,7,4,4,9,5,4,2,17,21,2,9,1,1,C03,7,9,4,11,8,11,,21,21,1,22,8,C03,120.656051,24.108872,2
2022,10,9,22,0,臺中市,沙鹿區,0,1,0,8,3,5,30,14,9,1,5,4,5,7,4,4,10,5,5,2,11,23,3,10,1,1,B03,7,9,1,8,2,8,,23,23,1,22,9,B03,120.600134,24.232646,2
2022,10,9,22,13,臺中市,大甲區,0,1,0,8,3,5,50,4,1,1,5,4,5,7,4,4,10,5,5,1,15,6,2,6,1,1,C03,7,9,1,10,2,11,,6,6,1,22,8,C03,120.625036,24.344991,2
2022,10,9,22,14,臺中市,東區,0,0,0,8,3,5,50,4,4,1,5,4,5,7,1,1,5,5,5,2,17,23,3,10,1,1,B03,7,5,1,8,2,8,,23,23,1,5,8,B03,120.708148,24.140637,3
2022,10,9,22,24,臺中市,北區,0,0,0,8,,,40,,,,,,,,,,,,,,,18,,,,,B03,,,1,,2,,,18,18,1,5,,B03,120.68261,24.148712,3
2022,10,9,22,27,臺中市,沙鹿區,0,1,0,8,3,5,50,14,7,1,5,4,5,7,4,4,5,5,4,2,16,26,3,10,1,1,B03,7,11,1,8,2,4,,26,26,1,21,8,B03,120.576455,24.224725,2
2022,10,9,22,30,臺中市,太平區,0,2,0,8,3,5,50,14,9,1,5,4,5,7,4,4,5,5,4,1,16,19,2,9,1,1,C03,7,1,1,10,2,11,,19,19,1,21,8,C03,120.730847,24.112122,2
2022,10,9,22,32,臺中市,北屯區,0,0,0,8,,,50,,,,,,,,,,,,,,,23,,,,,B01,,,1,,1,,,23,,1,5,,B01,120.671098,24.174164,3
2022,10,9,22,38,臺中市,沙鹿區,0,1,0,8,3,5,40,14,8,1,5,4,5,7,4,4,1,4,4,1,17,19,3,10,1,1,B03,7,1,1,8,2,1,,19,19,1,4,8,B03,120.582109,24.249957,2
2022,10,9,22,39,臺中市,南區,0,0,0,8,,,50,,,,,,,,,,,,,,,17,,,,,B12,,,1,,2,,,17,,2,5,,B12,120.646479,24.112199,3
2022,10,9,22,57,臺中市,沙鹿區,0,1,0,8,3,5,50,11,13,1,5,4,5,7,4,4,1,2,5,2,21,23,2,9,3,4,B03,7,9,3,18,2,1,,23,23,1,22,8,B03,120.56576,24.232472,2
2022,10,9,23,0,臺中市,西屯區,0,0,0,8,,,50,,,,,,,,,,,,,,,12,,,,,B03,,,1,,2,,,12,,1,22,,B03,120.655936,24.159027,3
2022,10,9,23,1,臺中市,北區,0,1,0,7,3,5,50,4,1,1,5,4,5,7,1,1,10,5,5,2,16,7,3,10,1,1,C03,7,7,1,10,1,14,,7,7,1,5,8,C03,120.685119,24.165279,2
2022,10,9,23,4,臺中市,北區,0,1,0,8,3,5,50,14,9,1,5,4,5,7,4,4,5,5,5,2,12,23,3,10,1,1,B12,7,9,1,9,2,2,,23,23,1,22,8,B12,120.676092,24.171435,2
2022,10,10,0,9,臺中市,龍井區,0,0,0,8,,,60,,,,,,,,,,,,,,,25,,,,,B03,,,1,,2,,,25,25,1,22,,B03,120.574444,24.181388,3
2022,10,10,0,33,臺中市,沙鹿區,0,0,0,8,,,30,,,,,,,,,,,,,,,23,,,,,B03,,,1,,2,,,23,,1,22,,B03,120.578774,24.23059,3
2022,10,10,0,34,臺中市,北區,0,1,0,8,3,5,40,14,8,1,5,4,5,7,4,4,1,4,5,2,18,42,2,1,1,1,C03,7,15,1,10,2,14,,42,42,1,5,8,C03,120.674113,24.165795,2
2022,10,10,0,40,臺中市,西區,0,1,0,8,3,5,40,4,1,1,5,4,5,7,2,1,10,5,5,2,16,9,3,10,1,1,C03,7,6,1,10,2,11,,9,9,1,18,9,C03,120.662346,24.155397,2
2022,10,10,0,54,臺中市,北屯區,0,0,0,8,,,50,,,,,,,,,,,,,,,23,,,,,B03,,,1,,1,,,23,,1,22,,B03,120.706005,24.169268,3
2022,10,10,0,57,臺中市,西屯區,0,1,0,8,3,5,50,3,1,1,5,4,5,7,4,4,10,5,5,2,16,42,3,10,1,1,C03,7,5,3,18,1,15,,42,42,1,4,8,C03,120.648474,24.173635,2
2022,10,10,1,32,臺中市,大肚區,0,1,0,8,3,5,50,14,9,1,5,4,5,7,4,4,5,4,5,1,27,23,2,9,1,2,C03,7,9,1,10,2,11,,23,23,1,18,8,C03,120.571958,24.155787,2
2022,10,10,1,42,臺中市,北屯區,0,0,0,8,,,50,,,,,,,,,,,,,,,12,,,,,B12,,,1,,2,,,12,,1,21,,B12,120.71919,24.174436,3
2022,10,10,2,20,臺中市,神岡區,0,0,0,8,,,30,,,,,,,,,,,,,,,61,,,,,B03,,,1,,2,,,23,61,1,22,,B03,120.689228,24.239678,3
2022,10,10,3,5,臺中市,大甲區,0,1,0,8,3,5,50,3,9,1,5,4,5,7,4,4,4,5,5,1,26,23,2,6,1,1,B03,7,6,1,8,2,5,,23,23,1,22,8,B03,120.613252,24.341452,2
2022,10,10,4,10,臺中市,西屯區,0,2,0,8,3,5,50,14,9,1,5,4,5,7,4,4,5,4,5,1,18,43,2,9,1,1,C03,7,9,1,10,2,12,,43,43,1,22,8,C03,120.622787,24.192167,2
2022,10,10,6,5,臺中市,大甲區,0,1,0,8,1,5,50,14,13,1,5,4,5,7,4,4,10,3,4,1,17,23,2,7,1,1,B03,7,9,1,8,7,5,,23,23,1,22,8,B03,120.635862,24.358769,2
2022,10,10,6,20,臺中市,龍井區,0,1,0,8,1,5,70,5,1,1,5,4,5,7,1,1,10,5,5,2,16,26,3,10,1,1,B12,7,6,1,8,2,2,,26,26,1,12,8,B12,120.536103,24.194715,2
2022,10,10,6,30,臺中市,沙鹿區,0,1,0,8,1,5,30,11,9,1,5,4,5,7,4,4,10,5,5,2,17,44,2,9,1,1,C03,7,9,1,10,2,11,,13,44,1,21,8,C03,120.572302,24.251323,2
2022,10,10,6,54,臺中市,北屯區,0,2,0,8,1,5,50,5,1,1,5,4,5,7,2,1,10,5,5,2,15,25,2,9,1,1,C03,7,9,1,10,2,12,,25,25,1,21,8,C03,120.733243,24.176818,2
2022,10,10,7,21,臺中市,西區,0,1,0,8,1,5,50,4,1,1,5,4,5,7,1,1,1,5,5,2,13,23,3,10,3,4,B03,7,9,1,8,1,1,,23,23,1,21,8,B03,120.675855,24.133176,2
2022,10,10,7,24,臺中市,新社區,0,1,0,8,1,5,30,4,1,1,5,4,5,7,4,4,10,5,5,2,16,6,2,9,1,1,C03,7,9,1,10,2,11,,6,6,1,5,8,C03,120.79047,24.210228,2
2022,10,10,7,32,臺中市,梧棲區,0,1,0,8,1,5,40,3,2,1,5,4,5,7,4,4,9,5,5,2,16,6,3,10,1,1,B03,7,5,1,8,2,5,,6,6,1,4,8,B03,120.55167,24.23918,2
2022,10,10,7,39,臺中市,東區,0,1,0,8,1,5,40,14,12,1,5,4,5,7,4,4,9,5,4,2,13,23,3,10,1,1,C03,7,9,3,18,2,11,,23,23,1,21,8,C03,120.707497,24.149051,2
2022,10,10,7,41,臺中市,西屯區,0,0,0,8,,,50,,,,,,,,,,,,,,,6,,,,,B03,,,1,,1,,,6,,1,22,,B03,120.621138,24.183663,3
2022,10,10,7,43,臺中市,北屯區,0,1,0,8,1,5,30,4,1,1,5,4,5,7,3,1,10,5,5,2,15,6,2,9,1,1,C03,7,9,1,10,2,11,,6,6,1,21,8,C03,120.673889,24.181083,2
2022,10,10,7,50,臺中市,大甲區,0,1,0,8,1,5,30,4,2,1,5,4,5,7,4,4,10,5,5,2,26,13,2,9,1,1,C03,7,6,1,10,2,12,,13,13,1,10,8,C03,120.640104,24.428672,2
2022,10,10,7,54,臺中市,沙鹿區,0,1,0,8,1,5,40,3,1,1,5,4,5,7,4,4,1,4,3,2,13,16,2,9,1,1,C03,7,9,1,10,2,11,,16,16,1,2,1,C03,120.567368,24.238159,2
2022,10,10,7,59,臺中市,西屯區,0,2,0,8,1,5,40,5,2,1,5,4,5,7,2,1,10,5,5,2,12,9,2,8,1,1,C01,7,6,1,9,2,12,,9,9,1,22,8,C01,120.658383,24.176103,2
2022,10,10,8,22,臺中市,西屯區,0,1,0,8,1,5,50,4,1,1,5,4,5,7,1,1,5,4,5,2,16,25,3,10,1,1,B03,7,9,1,8,2,5,,25,25,1,22,8,B03,120.646961,24.168988,2
2022,10,10,8,24,臺中市,沙鹿區,0,1,0,8,1,5,40,4,2,1,5,4,5,7,4,4,1,4,4,2,12,19,3,10,1,1,B03,7,1,1,8,2,8,,19,19,1,4,8,B03,120.568562,24.224667,2
2022,10,10,8,27,臺中市,南區,0,1,0,8,1,5,50,4,1,1,5,4,5,7,1,1,10,5,5,2,18,23,3,10,1,1,C03,7,9,1,10,2,15,,23,23,1,22,8,C03,120.658228,24.117583,2
2022,10,10,8,30,臺中市,沙鹿區,0,2,0,8,1,5,50,3,1,1,5,4,5,7,4,4,10,5,5,2,15,6,2,9,1,1,C03,7,9,1,10,2,12,,6,6,1,21,8,C03,120.558847,24.235445,2
2022,10,10,8,37,臺中市,西屯區,0,1,0,8,1,5,50,14,9,1,5,4,5,7,4,4,5,4,5,2,16,19,3,10,1,1,B03,7,1,1,8,2,8,,19,19,1,22,8,B03,120.662806,24.164244,2
2022,10,10,8,40,臺中市,豐原區,0,2,0,8,1,5,30,5,1,1,5,4,5,7,1,1,10,5,5,2,16,42,2,9,1,1,C03,7,1,1,10,2,12,,42,42,1,22,8,C03,120.708893,24.252849,2
2022,10,10,8,50,臺中市,北屯區,0,1,0,8,1,5,50,4,1,1,5,4,5,7,4,4,10,5,5,2,17,6,3,10,1,1,C03,7,6,1,10,2,11,,6,6,1,21,8,C03,120.663915,24.199467,2
2022,10,10,8,55,臺中市,大甲區,0,1,0,8,1,5,50,4,1,1,5,4,5,7,1,1,10,5,5,2,12,23,3,10,1,1,B03,7,9,1,8,2,2,,23,23,1,21,8,B03,120.626395,24.34948,2
2022,10,10,9,15,臺中市,北屯區,0,1,0,8,1,5,30,4,2,1,5,4,5,7,4,4,10,5,5,2,16,6,3,10,1,1,B03,7,9,1,8,2,2,,14,6,1,22,9,B03,120.675483,24.179866,2
2022,10,10,9,35,臺中市,北區,0,0,0,8,,,50,,,,,,,,,,,,,,,12,,,,,A11,,,1,,2,,,12,,1,22,,A11,120.697261,24.160172,3
2022,10,10,9,43,臺中市,西屯區,0,1,0,8,1,5,50,4,1,1,5,4,5,7,4,4,10,5,5,2,16,6,2,9,3,4,C03,7,5,1,10,2,12,,6,6,1,22,8,C03,120.657071,24.163999,2
2022,10,10,9,48,臺中市,大雅區,0,3,0,8,1,5,30,3,2,1,5,4,5,7,4,4,5,5,5,1,17,6,2,9,1,1,C03,7,6,1,10,2,14,,6,6,1,22,9,C03,120.64462,24.22918,2
2022,10,10,9,50,臺中市,北屯區,0,1,0,8,1,5,50,3,1,1,5,4,5,7,4,4,10,5,5,2,16,6,3,10,1,1,B03,7,6,1,8,2,6,,6,6,1,22,8,B03,120.72216,24.187041,2
2022,10,10,9,58,臺中市,梧棲區,0,1,0,8,1,5,50,4,1,1,5,4,5,7,1,1,10,5,5,1,29,6,2,9,3,4,C03,7,5,1,10,2,12,,6,6,1,22,8,C03,120.540862,24.26111,2
2022,10,10,10,6,臺中市,西區,0,2,0,8,1,5,50,4,1,1,5,4,5,7,1,1,10,5,5,2,17,6,2,9,1,1,C03,7,5,1,10,2,12,,6,6,1,4,1,C03,120.656361,24.155923,2
2022,10,10,10,9,臺中市,潭子區,0,0,0,8,,,50,,,,,,,,,,,,,,,23,,,,,A05,,,1,,2,,,23,,1,22,,A05,120.69672,24.223836,3
2022,10,10,10,9,臺中市,北屯區,0,0,0,8,,,50,,,,,,,,,,,,,,,23,,,,,B03,,,1,,1,,,23,,1,21,,B03,120.707544,24.186517,3
2022,10,10,10,10,臺中市,豐原區,0,0,0,8,,,50,,,,,,,,,,,,,,,12,,,,,B03,,,1,,9,,,12,,1,21,,B03,120.716786,24.24875,3
2022,10,10,10,16,臺中市,后里區,0,1,0,8,1,5,60,3,1,1,5,4,5,7,4,4,10,5,5,2,16,9,3,10,1,1,B03,7,6,1,8,2,6,,9,9,1,4,5,B03,120.723428,24.292121,2
2022,10,10,10,19,臺中市,北屯區,0,0,0,8,,,50,,,,,,,,,,,,,,,12,,,,,B03,,,1,,1,,,12,,1,22,,B03,120.707212,24.195294,3
2022,10,10,10,23,臺中市,大肚區,0,0,0,8,,,40,,,,,,,,,,,,,,,19,,,,,F06,,,8,,2,,,19,,1,20,,F06,120.544929,24.152533,3
2022,10,10,10,25,臺中市,中區,0,1,0,8,1,5,50,14,9,1,5,4,5,7,4,4,10,4,5,2,13,23,2,9,1,1,C03,7,9,1,10,2,11,,23,23,1,21,8,C03,120.68214,24.141525,2
2022,10,10,10,41,臺中市,東區,0,1,0,8,1,5,50,4,1,1,5,4,5,7,2,1,10,5,5,2,16,6,3,10,3,4,B12,7,6,1,8,2,5,,6,6,1,5,8,B12,120.704028,24.14459,2
2022,10,10,10,44,臺中市,西區,0,1,0,8,1,5,50,4,1,1,5,4,5,7,4,4,10,5,5,2,18,23,3,10,3,4,B01,7,8,1,4,2,15,,7,23,1,10,8,B01,120.681152,24.136849,2
2022,10,10,10,45,臺中市,西區,0,0,0,8,1,5,50,4,1,1,5,4,5,7,1,1,1,5,5,2,13,23,,,,,B03,,,1,,1,,,23,23,1,21,,B03,120.672019,24.131402,3
2022,10,10,10,45,臺中市,后里區,0,1,0,8,1,5,50,4,2,1,5,4,5,7,4,4,4,4,5,1,16,6,2,9,1,1,C03,7,9,1,10,2,11,,6,6,1,4,8,C03,120.692176,24.316804,2
2022,10,10,10,47,臺中市,大甲區,0,0,0,,,,40,,,,,,,,,,,,,,,18,,,,,B03,,,1,,2,,,18,,1,22,,B03,120.625063,24.345998,3
2022,10,10,10,48,臺中市,南屯區,0,0,0,8,,,50,,,,,,,,,,,,,,,23,,,,,B01,,,1,,1,,,23,,1,22,,B01,120.635833,24.148169,3
2022,10,10,10,49,臺中市,北區,0,1,0,8,1,5,50,3,1,1,5,4,5,7,4,4,1,4,4,2,12,23,3,10,1,1,B03,7,8,1,8,2,2,,23,23,1,5,5,B03,120.687965,24.156133,2
2022,10,10,11,9,臺中市,梧棲區,0,2,0,8,1,5,40,14,8,1,5,4,5,7,4,4,3,4,3,1,2,23,2,9,3,4,C03,7,9,1,10,2,11,,23,23,1,22,8,C03,120.556804,24.24227,2
2022,10,10,11,15,臺中市,南屯區,0,0,0,,,,40,,,,,,,,,,,,,,,23,,,,,B03,,,1,,1,,,23,,1,4,,B03,120.62339,24.1497,3
2022,10,10,11,27,臺中市,南屯區,0,0,0,,,,50,,,,,,,,,,,,,,,12,,,,,B03,,,1,,2,,,12,,1,22,,B03,120.637863,24.146252,3
2022,10,10,11,44,臺中市,梧棲區,0,0,0,8,,,50,,,,,,,,,,,,,,,6,,,,,B03,,,1,,2,,,6,,1,22,,B03,120.532959,24.258345,3
2022,10,10,11,48,臺中市,西區,0,0,0,8,1,5,50,14,9,1,5,4,5,7,4,4,5,2,5,2,29,30,,,,,B02,,,1,,1,,,30,,1,10,,B02,120.651502,24.1456,3
2022,10,10,11,50,臺中市,大甲區,0,0,0,8,,,50,,,,,,,,,,,,,,,23,,,,,B03,,,1,,2,,,23,,1,4,,B03,120.619388,24.349316,3
2022,10,10,12,10,臺中市,東區,0,1,0,8,1,5,50,4,1,1,5,4,5,7,2,1,5,4,4,1,12,8,3,10,1,4,C04,7,5,1,10,11,12,,8,8,1,21,8,C04,120.692481,24.147967,2
2022,10,10,12,16,臺中市,南屯區,0,0,0,,,,50,,,,,,,,,,,,,,,23,,,,,B02,,,5,,2,,,23,,1,4,,B02,120.638893,24.147319,3
2022,10,10,12,18,臺中市,北屯區,0,0,0,8,,,50,,,,,,,,,,,,,,,43,,,,,,,,,,,,,43,,1,,,,120.719382,24.182796,3
2022,10,10,12,25,臺中市,沙鹿區,0,1,0,8,1,5,50,14,8,1,5,4,5,7,4,4,1,4,2,1,17,23,2,8,1,1,C03,7,1,1,10,2,12,,23,23,1,3,5,C03,120.567031,24.238862,2
2022,10,10,12,25,臺中市,梧棲區,0,0,0,8,,,30,,,,,,,,,,,,,,,12,,,,,B12,,,1,,2,,,12,,1,22,,B12,120.536142,24.262106,3
2022,10,10,12,26,臺中市,北屯區,0,1,0,8,1,5,50,14,9,1,5,4,5,7,4,4,10,5,5,2,16,6,3,10,1,1,C03,7,9,1,10,2,11,,6,6,1,22,8,C03,120.713967,24.174551,2
2022,10,10,12,38,臺中市,沙鹿區,0,1,0,8,1,5,50,4,1,1,5,4,5,7,4,4,1,4,4,2,17,23,2,9,1,1,C03,7,9,3,18,4,12,,23,23,1,4,8,C03,120.559181,24.235551,2
2022,10,10,12,51,臺中市,東區,0,2,0,8,1,5,50,14,9,1,5,4,5,7,4,4,9,4,5,2,13,43,2,9,1,1,C03,7,9,1,10,2,11,,43,43,1,5,8,C03,120.692723,24.133472,2
2022,10,10,12,53,臺中市,中區,0,0,0,8,,,50,,,,,,,,,,,,,,,23,,,,,B03,,,1,,2,,,23,,1,21,,B03,120.685634,24.138426,4
2022,10,10,12,59,臺中市,北區,0,1,0,8,1,5,50,3,9,1,5,4,5,7,4,4,3,4,4,2,18,42,2,7,1,1,C03,7,9,1,10,2,12,,42,42,1,22,8,C03,120.68686,24.154521,2
2022,10,10,13,0,臺中市,北屯區,0,0,0,8,,,50,,,,,,,,,,,,,,,23,,,,,B03,,,1,,2,,,23,,1,21,,B03,120.66995,24.1839,3
2022,10,10,13,2,臺中市,東區,0,0,0,8,,,50,,,,,,,,,,,,,,,26,,,,,B03,,,1,,2,,,26,,1,22,,B03,120.689838,24.138339,3
2022,10,10,13,5,臺中市,西屯區,0,1,0,8,1,5,50,14,9,1,5,4,3,5,4,4,5,4,5,2,17,16,2,9,1,1,C03,7,9,1,10,2,11,,16,16,1,22,8,C03,120.616419,24.189261,2
2022,10,10,13,8,臺中市,中區,0,2,0,8,1,5,50,4,1,1,5,4,5,7,2,1,10,5,5,2,13,16,2,9,1,1,C03,7,9,1,10,2,11,,16,16,1,22,9,C03,120.683678,24.141513,2
2022,10,10,13,16,臺中市,西屯區,0,0,0,8,,,50,,,,,,,,,,,,,,,16,,,,,B03,,,1,,1,,,16,,1,22,,B03,120.626993,24.184338,3
2022,10,10,13,38,臺中市,大甲區,0,1,0,8,1,5,50,3,1,1,5,4,5,7,1,1,10,5,5,2,13,23,3,10,1,1,B03,7,9,1,8,2,1,,23,23,1,4,1,B03,120.619286,24.3492,2
2022,10,10,13,44,臺中市,北屯區,0,0,0,8,,,50,,,,,,,,,,,,,,,23,,,,,B03,,,1,,1,,,44,23,1,22,,B03,120.675284,24.202464,3
2022,10,10,13,55,臺中市,清水區,0,1,0,8,1,5,50,4,1,1,5,4,5,7,1,1,5,5,5,1,17,8,3,10,1,1,B03,7,5,1,8,1,15,,8,8,2,22,8,B03,120.574138,24.266411,2
2022,10,10,13,59,臺中市,西屯區,0,1,0,8,1,5,50,4,1,1,5,4,5,7,1,1,10,5,5,2,16,8,3,10,3,4,B03,7,5,1,8,2,4,,8,8,1,22,8,B03,120.613621,24.173361,2
2022,10,10,14,5,臺中市,東區,0,2,0,8,1,5,50,3,1,1,5,4,5,7,2,1,10,5,5,2,13,23,2,9,3,4,C03,7,9,1,10,2,11,,23,23,1,5,8,C03,120.69914,24.132781,2
2022,10,10,14,13,臺中市,北區,0,1,0,8,1,5,40,3,1,1,5,4,5,7,4,4,10,5,5,2,17,6,3,10,1,1,B03,7,9,1,8,2,8,,6,6,1,22,9,B03,120.700675,24.159361,2
2022,10,10,14,16,臺中市,東區,0,0,0,,,,,,,,,,,,,,,,,,,67,,,,,,,,,,,,,67,,1,,,,120.695687,24.128848,3
2022,10,10,14,16,臺中市,沙鹿區,0,0,0,8,,,50,,,,,,,,,,,,,,,23,,,,,B03,,,1,,2,,,23,,1,22,,B03,120.573996,24.22711,3
2022,10,10,14,17,臺中市,南區,0,0,0,8,,,30,,,,,,,,,,,,,,,6,,,,,C03,,,3,,1,,,6,6,1,22,,C03,120.667112,24.117771,3
2022,10,10,14,20,臺中市,南區,0,1,0,8,1,5,50,14,9,1,5,4,5,7,4,4,1,4,5,2,13,16,2,9,1,1,C03,7,9,1,10,2,11,,16,16,1,21,8,C03,120.65566,24.115706,2
2022,10,10,14,27,臺中市,西區,0,0,0,8,,,50,,,,,,,,,,,,,,,43,,,,,,,,,,,,,43,,1,,,,120.667737,24.14894,3
2022,10,10,14,30,臺中市,潭子區,0,1,0,8,1,5,50,14,9,1,5,4,5,7,4,4,1,4,5,1,29,23,2,9,3,4,C03,7,9,6,18,8,12,14,23,23,1,22,8,C03,120.711399,24.200752,2
2022,10,10,14,30,臺中市,北區,0,0,0,8,1,5,50,4,8,1,5,4,5,7,1,1,1,4,4,2,13,16,3,10,1,1,C03,7,9,1,10,2,11,,16,16,1,5,5,C03,120.685132,24.165352,3
2022,10,10,14,30,臺中市,北屯區,0,1,0,8,1,5,50,14,5,1,5,4,5,7,4,4,5,5,4,2,16,43,3,10,1,1,B03,7,11,1,8,2,4,,43,43,1,21,8,B03,120.660376,24.19128,2
2022,10,10,14,35,臺中市,外埔區,0,0,0,,,,50,,,,,,,,,,,,,,,1,,,,,B12,,,1,,2,,,1,,1,21,,B12,120.680176,24.323513,3
2022,10,10,14,40,臺中市,西區,0,1,0,8,1,5,50,4,1,1,5,4,5,7,4,4,5,5,5,2,16,8,3,10,3,4,B03,7,5,1,8,1,1,,8,8,1,21,8,B03,120.659813,24.155466,2
2022,10,10,14,48,臺中市,后里區,0,1,0,8,1,5,50,11,9,1,5,4,5,7,4,4,5,5,5,1,19,23,2,9,1,1,C03,7,9,1,10,2,11,,23,23,1,22,8,C03,120.690708,24.322907,2
2022,10,10,14,54,臺中市,沙鹿區,0,0,0,8,,,50,,,,,,,,,,,,,,,6,,,,,B03,,,1,,2,,,6,,1,4,,B03,120.570271,24.211834,3
2022,10,10,14,58,臺中市,沙鹿區,0,2,0,8,1,5,50,4,1,1,5,4,5,3,3,1,10,5,5,2,16,6,2,9,1,1,C03,7,9,1,10,2,11,,6,6,1,22,9,C03,120.564279,24.236543,2
2022,10,10,15,2,臺中市,北區,0,0,0,8,,,50,,,,,,,,,,,,,,,23,,,,,B03,,,1,,1,,,23,23,1,22,,B03,120.685769,24.147561,3
2022,10,10,15,3,臺中市,豐原區,0,0,0,8,,,50,,,,,,,,,,,,,,,16,,,,,B03,,,1,,2,,,16,,1,21,,B03,120.72392,24.25445,3
2022,10,10,15,8,臺中市,東區,0,2,0,8,1,5,50,14,9,1,5,4,5,7,4,4,1,4,5,2,17,42,2,9,1,1,F01,7,9,8,20,2,16,,42,42,1,16,8,F01,120.685919,24.140931,2
2022,10,10,15,12,臺中市,南屯區,0,0,0,8,,,50,,,,,,,,,,,,,,,43,,,,,,,,,,,,,43,,1,,,,120.61026,24.136876,3
2022,10,10,15,16,臺中市,南區,0,1,0,8,1,5,50,14,9,1,5,4,5,7,4,4,5,5,5,2,3,23,3,10,1,1,C03,7,9,1,10,2,12,,23,23,1,21,8,C03,120.683251,24.13136,2
2022,10,10,15,19,臺中市,北屯區,0,1,0,8,1,5,50,4,1,1,5,4,5,7,4,4,10,5,5,2,15,6,3,10,1,1,B03,7,9,1,8,2,4,,6,6,1,21,8,B03,120.702965,24.178538,2
2022,10,10,15,31,臺中市,大肚區,0,0,0,8,,,50,,,,,,,,,,,,,,,23,,,,,C03,,,1,,2,,,23,,1,22,,C03,120.579886,24.171043,3
2022,10,10,15,35,臺中市,北區,0,1,0,8,1,5,50,4,1,1,5,4,5,7,2,1,5,5,5,2,16,6,3,10,1,1,B03,7,6,1,8,2,5,,6,6,1,21,8,B03,120.682089,24.154584,2
2022,10,10,15,48,臺中市,南區,0,0,0,,,,50,,,,,,,,,,,,,,,10,,,,,B03,,,1,,2,,,10,,1,21,,B03,120.667434,24.114411,3
2022,10,10,15,49,臺中市,神岡區,0,0,0,8,,,30,,,,,,,,,,,,,,,8,,,,,B03,,,1,,2,,,8,,1,22,,B03,120.704011,24.264225,3