年,月,日,時,分,縣市,區,死,受傷,2-30,天候,光線,道路類別,速限,道路型態,事故位置,路面鋪裝,路面狀態,路面缺陷,障礙物,視距,號誌種類,號誌動作,分向設施,快車道或一般車道間,快慢車道間,路面邊線,事故類型及型態,主要肇因,受傷程度,主要傷處,保護裝備,行動電話,當事者區分,車輛用途,當事者行動狀態,駕駛資格情形,駕駛執照種類,飲酒情形,車輛撞擊部位最初,車輛撞擊部位其他,肇事因素個別,肇事因素主要,肇事逃逸,職業,旅次目的,車種,GPS緯度,GPS經度,事故類別
2022,10,10,15,55,臺中市,西區,0,1,0,8,1,5,50,4,2,1,5,4,5,7,4,4,5,5,5,2,18,23,2,9,1,1,C03,7,9,1,10,2,12,,23,23,1,22,8,C03,120.664287,24.149042,2
2022,10,10,15,55,臺中市,西屯區,0,0,0,8,,,50,,,,,,,,,,,,,,,23,,,,,B03,,,1,,1,,,23,,1,22,,B03,120.639785,24.182351,3
2022,10,10,16,8,臺中市,太平區,0,1,0,8,1,5,50,14,9,1,5,4,5,7,4,4,4,5,4,1,13,23,2,9,1,1,C03,7,9,1,10,2,11,,23,23,1,18,8,C03,120.719409,24.148745,2
2022,10,10,16,13,臺中市,南區,0,1,0,8,1,5,50,14,7,1,5,4,5,7,4,4,1,4,4,2,17,19,3,10,1,1,B03,7,1,1,8,2,8,,19,19,1,22,8,B03,120.657389,24.130801,2
2022,10,10,16,15,臺中市,梧棲區,0,0,0,8,,,70,,,,,,,,,,,,,,,23,,,,,B03,,,1,,2,,,23,,1,3,,B03,120.549578,24.238451,3
2022,10,10,16,16,臺中市,西區,0,0,0,8,1,5,40,4,2,1,5,4,5,7,2,1,10,5,5,2,13,42,3,10,1,1,B03,7,9,1,8,7,5,,42,43,1,22,9,B03,120.657245,24.136592,3
2022,10,10,16,17,臺中市,東勢區,0,0,0,8,,,50,,,,,,,,,,,,,,,23,,,,,B03,,,1,,2,,,23,,1,21,,B03,120.830011,24.251856,3
2022,10,10,16,21,臺中市,豐原區,0,1,0,8,1,5,30,14,9,1,5,4,5,7,1,1,10,5,5,2,13,23,3,10,1,1,B03,7,9,1,8,2,1,,23,23,1,22,8,B03,120.715774,24.25132,2
2022,10,10,16,49,臺中市,西屯區,0,0,0,8,,,50,,,,,,,,,,,,,,,40,,,,,B03,,,1,,1,,,40,,1,22,,B03,120.618784,24.178083,3
2022,10,10,16,59,臺中市,大雅區,0,2,0,8,1,5,50,4,1,1,5,4,5,7,4,4,10,5,5,2,15,6,2,9,1,1,C03,7,9,1,10,2,11,,6,6,1,22,8,C03,120.64811,24.221947,2
2022,10,10,17,1,臺中市,大甲區,0,0,0,8,,,70,,,,,,,,,,,,,,,19,,,,,B03,,,6,,1,,,19,,1,21,,B03,120.642196,24.366445,3
2022,10,10,17,5,臺中市,東勢區,0,2,0,8,1,5,50,4,1,1,5,4,5,7,4,4,10,5,5,2,11,6,2,9,1,1,C03,7,5,1,10,2,11,,6,6,1,21,8,C03,120.829573,24.254728,2
2022,10,10,17,9,臺中市,大雅區,0,0,0,8,,,30,,,,,,,,,,,,,,,5,,,,,,,,,,,,,5,,1,,,,120.65362,24.227797,3
2022,10,10,17,15,臺中市,大雅區,0,1,0,8,2,5,30,11,9,1,5,4,5,1,4,4,5,5,5,2,16,23,3,10,1,1,B12,7,5,1,8,2,8,,23,23,1,22,9,B12,120.633357,24.228812,2
2022,10,10,17,15,臺中市,沙鹿區,0,0,0,8,1,5,50,14,9,1,5,4,5,7,1,1,4,3,4,1,12,18,,,,,C03,,,1,,2,,,18,,1,22,,C03,120.579724,24.215147,3
2022,10,10,17,19,臺中市,北區,0,1,0,8,2,5,1,15,20,4,5,4,5,7,4,4,1,4,4,2,29,23,2,9,1,1,C03,7,15,1,10,2,11,,23,23,1,10,8,C03,120.667687,24.162649,2
2022,10,10,17,20,臺中市,西屯區,0,0,0,,,,50,,,,,,,,,,,,,,,19,,,,,B03,,,1,,2,,,44,19,1,22,,B03,120.638376,24.177292,3
2022,10,10,17,39,臺中市,西區,0,1,0,8,3,5,50,4,1,1,5,4,5,7,4,4,10,5,5,2,17,42,2,9,1,1,C03,7,9,1,10,2,12,,42,42,1,5,5,C03,120.670344,24.14073,2
2022,10,10,17,48,臺中市,東勢區,0,0,0,8,,,60,,,,,,,,,,,,,,,7,,,,,A11,,,1,,2,,,7,,1,10,,A11,120.82486,24.25636,3
2022,10,10,17,54,臺中市,太平區,0,0,0,8,,,30,,,,,,,,,,,,,,,12,,,,,B03,,,1,,2,,,12,,1,9,,B03,120.730583,24.154536,3
2022,10,10,17,55,臺中市,大里區,0,1,0,8,3,5,60,5,1,1,5,4,5,7,2,1,1,4,4,1,29,23,2,9,1,1,C03,7,9,1,10,2,14,,23,23,1,21,1,C03,120.671375,24.102505,2
2022,10,10,17,56,臺中市,西屯區,0,0,0,8,,,40,,,,,,,,,,,,,,,12,,,,,C03,,,1,,1,,,12,,1,21,,C03,120.642666,24.170941,4
2022,10,10,18,8,臺中市,大雅區,0,0,0,8,,,50,,,,,,,,,,,,,,,16,,,,,B03,,,1,,2,,,16,,1,22,,B03,120.629908,24.241247,3
2022,10,10,18,16,臺中市,后里區,0,1,0,8,3,5,60,3,1,1,5,4,5,7,1,1,10,5,5,2,16,9,3,10,1,1,B03,7,6,1,8,2,6,,9,9,1,8,5,B03,120.72366,24.298088,2
2022,10,10,18,25,臺中市,石岡區,0,0,0,8,,,70,,,,,,,,,,,,,,,26,,,,,B12,,,1,,2,,,26,,1,21,,B12,120.791726,24.272908,3
2022,10,10,18,28,臺中市,沙鹿區,0,1,0,7,3,5,50,4,1,1,5,4,3,3,4,4,10,5,5,2,16,6,3,10,1,1,B03,7,9,6,3,2,8,,14,6,1,22,9,B03,120.578745,24.214126,2
2022,10,10,18,30,臺中市,龍井區,0,0,0,8,,,50,,,,,,,,,,,,,,,17,,,,,C03,,,1,,11,,,38,23,1,22,,C03,120.59249,24.181478,3
2022,10,10,18,31,臺中市,南屯區,0,0,0,8,,,50,,,,,,,,,,,,,,,16,,,,,C03,,,1,,2,,,16,16,1,22,,C03,120.648329,24.146641,3
2022,10,10,18,34,臺中市,北區,0,0,0,8,,,50,,,,,,,,,,,,,,,23,,,,,B01,,,1,,11,,,23,,1,22,,B01,120.679723,24.167267,3
2022,10,10,18,50,臺中市,西屯區,0,0,0,8,,,30,,,,,,,,,,,,,,,23,,,,,B03,,,1,,1,,,23,,1,22,,B03,120.647451,24.184453,3
2022,10,10,19,0,臺中市,南屯區,0,0,0,6,3,5,50,14,9,1,5,4,5,7,4,4,5,5,5,2,26,12,3,10,1,1,B02,7,2,1,8,2,6,,12,12,1,1,6,B02,120.648182,24.128158,3
2022,10,10,19,1,臺中市,南區,0,0,0,,,,50,,,,,,,,,,,,,,,7,,,,,B03,,,1,,2,,,7,,1,22,,B03,120.67878,24.127758,3
2022,10,10,19,10,臺中市,沙鹿區,0,0,0,,,,50,,,,,,,,,,,,,,,16,,,,,B03,,,1,,2,,,16,,1,4,,B03,120.562569,24.233781,3
2022,10,10,19,12,臺中市,龍井區,0,1,0,8,3,5,40,4,18,1,5,4,5,7,2,1,10,5,5,2,3,52,2,8,4,5,H01,8,16,8,20,10,16,,52,52,1,22,8,H01,120.59302,24.182902,2
2022,10,10,19,16,臺中市,西區,0,0,0,,,,50,,,,,,,,,,,,,,,23,,,,,B03,,,1,,1,,,23,,1,5,,B03,120.66697,24.146868,3
2022,10,10,19,17,臺中市,西屯區,0,0,0,8,,,70,,,,,,,,,,,,,,,23,,,,,B12,,,1,,2,,,23,,1,21,,B12,120.604288,24.183323,3
2022,10,10,19,30,臺中市,北區,0,1,0,8,3,5,50,14,9,1,5,4,5,7,4,4,5,4,5,2,13,16,2,9,1,1,C03,7,9,1,10,2,11,,16,16,1,22,8,C03,120.671611,24.171904,2
2022,10,10,19,30,臺中市,南區,0,0,0,8,,,50,,,,,,,,,,,,,,,7,,,,,B03,,,1,,2,,,7,,1,22,,B03,120.679076,24.119828,3
2022,10,10,19,36,臺中市,東區,0,0,0,8,3,5,50,4,1,1,5,4,5,7,1,1,10,5,5,2,15,25,3,10,1,1,C03,7,9,3,18,11,11,,25,25,1,22,8,C03,120.7012,24.14271,3
2022,10,10,19,49,臺中市,東區,0,1,0,8,3,5,50,3,1,1,5,4,5,7,4,4,10,5,5,2,16,6,3,10,1,1,B03,7,5,1,8,2,1,,6,6,1,22,8,B03,120.705482,24.132204,2
2022,10,10,19,53,臺中市,太平區,0,0,0,8,,,50,,,,,,,,,,,,,,,17,,,,,B03,,,1,,2,,,17,,1,6,,B03,120.715532,24.127022,3
2022,10,10,20,0,臺中市,大甲區,0,1,0,8,3,5,60,14,8,1,5,4,5,7,4,4,1,4,4,1,12,42,2,9,1,1,C03,7,9,1,10,2,11,,42,42,1,18,8,C03,120.6266,24.3585,2
2022,10,10,20,2,臺中市,西屯區,0,0,0,8,,,1,,,,,,,,,,,,,,,42,,,,,C03,,,1,,2,,,42,,1,22,,C03,120.638206,24.174518,3
2022,10,10,20,7,臺中市,西屯區,0,0,0,8,,,50,,,,,,,,,,,,,,,43,,,,,,,,,,,,,43,,1,,,,120.652981,24.165525,3
2022,10,10,20,11,臺中市,豐原區,0,0,0,8,,,50,,,,,,,,,,,,,,,16,,,,,B03,,,1,,1,,,16,16,1,22,,B03,120.712954,24.255633,3
2022,10,10,20,25,臺中市,南屯區,0,0,0,,,,50,,,,,,,,,,,,,,,23,,,,,B03,,,1,,1,,,23,23,1,4,,B03,120.640934,24.135531,3
2022,10,10,20,41,臺中市,大肚區,0,1,0,8,3,5,50,3,2,1,5,4,5,7,4,4,9,5,5,1,29,66,2,9,3,4,C03,7,9,1,10,2,11,,23,66,1,22,9,C03,120.575813,24.169581,2
2022,10,10,20,50,臺中市,南屯區,0,1,0,8,1,5,50,4,2,1,5,4,5,7,1,1,5,5,5,2,16,6,3,10,1,1,B12,7,6,1,8,2,5,,6,6,1,5,8,B12,120.647191,24.148853,2
2022,10,10,20,56,臺中市,北區,0,1,0,7,3,5,50,4,2,1,5,4,5,7,1,1,10,4,5,2,13,23,2,9,1,1,C03,7,9,1,10,7,11,,23,23,1,5,8,C03,120.676421,24.157514,2
2022,10,10,21,2,臺中市,南區,0,1,0,8,3,5,50,4,1,1,5,4,5,7,4,4,10,5,5,2,15,6,2,9,1,1,B03,7,9,1,8,2,2,9,6,6,1,22,8,B03,120.65573,24.126119,2
2022,10,10,21,33,臺中市,南屯區,0,0,0,8,,,50,,,,,,,,,,,,,,,16,,,,,B02,,,1,,1,,,16,,1,5,,B02,120.648056,24.151925,3
2022,10,10,21,35,臺中市,西屯區,0,1,0,8,3,5,50,14,8,1,5,4,5,7,4,4,4,5,4,2,16,26,3,10,1,1,B03,7,5,1,8,2,5,,26,26,1,22,8,B03,120.659507,24.160847,2
2022,10,10,21,36,臺中市,東區,0,1,0,8,3,5,50,3,1,1,5,4,5,7,2,1,10,5,5,2,16,10,3,10,1,1,B01,7,11,1,4,2,6,,10,10,1,10,8,B01,120.684925,24.135194,2
2022,10,10,21,52,臺中市,北區,0,0,0,8,,,50,,,,,,,,,,,,,,,16,,,,,C03,,,1,,11,,,16,,1,22,,C03,120.667555,24.166819,3
2022,10,10,21,52,臺中市,西屯區,0,2,0,8,3,5,30,14,9,1,5,4,5,7,4,4,10,5,5,2,13,23,2,9,1,1,C03,7,9,1,10,2,11,,23,23,1,21,8,C03,120.638341,24.176003,2
2022,10,10,22,0,臺中市,梧棲區,0,1,0,8,3,5,30,3,1,1,5,4,5,7,4,4,10,5,5,2,16,6,2,9,1,1,C03,7,5,1,10,9,14,,6,6,1,19,8,C03,120.530826,24.258975,2
2022,10,10,22,5,臺中市,北區,0,0,0,8,,,50,,,,,,,,,,,,,,,7,,,,,B03,,,1,,1,,,7,,1,5,,B03,120.673337,24.166906,3
2022,10,10,22,23,臺中市,北區,0,0,0,8,,,50,,,,,,,,,,,,,,,23,,,,,C03,,,1,,1,,,23,23,1,5,,C03,120.686464,24.155667,3
2022,10,10,22,42,臺中市,南屯區,0,0,0,8,,,50,,,,,,,,,,,,,,,23,,,,,B03,,,1,,2,,,23,,1,22,,B03,120.615806,24.15357,3
2022,10,10,22,58,臺中市,北屯區,0,1,0,8,3,5,50,3,1,1,5,4,5,7,4,4,10,5,5,2,16,10,3,10,1,1,B03,7,11,1,8,2,4,,10,10,1,5,8,B03,120.722906,24.176196,2
2022,10,10,23,19,臺中市,新社區,0,0,0,8,,,50,,,,,,,,,,,,,,,16,,,,,B03,,,1,,1,,,16,,1,22,,B03,120.803279,24.227593,3
2022,10,10,23,20,臺中市,龍井區,0,2,0,8,3,5,40,4,1,1,5,4,5,7,1,1,3,4,3,1,12,23,2,9,1,1,C03,7,9,1,10,2,14,,23,23,1,18,5,C03,120.58326,24.187035,2
2022,10,10,23,25,臺中市,霧峰區,0,0,0,8,,,30,,,,,,,,,,,,,,,44,,,,,C03,,,1,,9,,,44,,1,18,,C03,120.687465,24.044323,3
2022,10,10,23,54,臺中市,北區,0,1,0,8,3,5,50,4,1,1,5,4,5,7,1,1,10,5,5,2,16,6,3,10,1,1,B02,7,5,1,15,2,1,,6,6,1,20,8,B02,120.676028,24.145511,2
2022,10,10,23,58,臺中市,太平區,0,1,0,8,3,5,50,4,1,1,5,4,5,7,3,1,10,5,5,2,15,6,2,9,1,1,C03,7,9,6,10,2,11,,6,6,1,22,8,C03,120.722724,24.155768,2
2022,10,11,0,3,臺中市,潭子區,0,2,0,7,3,5,50,3,1,1,5,4,5,7,1,1,1,4,4,1,16,25,2,9,1,1,C03,7,5,1,10,2,14,,25,25,1,22,9,C03,120.708649,24.231206,2
2022,10,11,1,4,臺中市,西屯區,0,0,0,8,,,50,,,,,,,,,,,,,,,42,,,,,B03,,,1,,2,,,42,,1,22,,B03,120.638101,24.175562,3
2022,10,11,4,34,臺中市,西屯區,0,0,0,8,,,50,,,,,,,,,,,,,,,23,,,,,,,,,,,,,,,,,,,120.656861,24.199952,3
2022,10,11,5,30,臺中市,北區,0,2,0,8,3,5,50,3,1,1,5,4,5,7,1,1,10,5,5,2,17,25,2,9,1,1,C03,7,9,1,10,2,11,,25,25,1,5,8,C03,120.677811,24.149814,2
2022,10,11,6,30,臺中市,南區,0,0,0,8,,,50,,,,,,,,,,,,,,,23,,,,,B03,,,1,,2,,,23,,1,5,,B03,120.65708,24.1303,3
2022,10,11,6,44,臺中市,大肚區,0,2,0,8,1,5,50,3,1,1,5,4,5,7,1,1,5,5,5,1,17,6,2,1,1,1,C03,7,5,1,10,2,14,,6,6,1,5,8,C03,120.572346,24.155758,2
2022,10,11,6,47,臺中市,北屯區,0,0,0,8,,,50,,,,,,,,,,,,,,,25,,,,,B03,,,1,,1,,,25,,1,22,,B03,120.670821,24.200418,3
2022,10,11,6,58,臺中市,北屯區,0,0,0,8,,,40,,,,,,,,,,,,,,,16,,,,,B03,,,1,,1,,,16,16,1,5,,B03,120.669372,24.201061,3
2022,10,11,7,1,臺中市,豐原區,0,0,0,8,,,50,,,,,,,,,,,,,,,23,,,,,C03,,,3,,2,,,23,,1,21,,C03,120.72284,24.244148,3
2022,10,11,7,27,臺中市,北屯區,0,0,0,8,,,40,,,,,,,,,,,,,,,43,,,,,,,,,,,,,43,,1,,,,120.678418,24.193503,3
2022,10,11,7,29,臺中市,沙鹿區,0,1,0,8,1,5,40,5,1,1,5,4,5,7,2,1,10,5,5,2,16,25,2,9,1,1,C03,7,9,1,8,2,11,,25,25,1,22,1,C03,120.579577,24.221676,2
2022,10,11,7,30,臺中市,潭子區,0,1,0,8,1,5,50,5,4,1,5,4,5,7,2,1,9,4,4,1,12,23,3,10,1,1,C03,7,14,1,10,2,12,,23,23,1,22,9,C03,120.703247,24.200732,2
2022,10,11,7,45,臺中市,和平區,0,0,0,8,,,50,,,,,,,,,,,,,,,16,,,,,B03,,,1,,1,,,16,16,1,21,,B03,120.968638,24.172402,3
2022,10,11,7,48,臺中市,梧棲區,0,0,0,8,,,50,,,,,,,,,,,,,,,6,,,,,B12,,,1,,1,,,6,,1,5,,B12,120.530199,24.248064,3
2022,10,11,7,51,臺中市,烏日區,0,2,0,8,1,5,30,4,1,1,5,4,5,7,3,1,5,4,5,1,15,6,2,9,1,1,C03,7,1,3,18,2,13,,6,19,1,21,9,C03,120.648785,24.073115,2
2022,10,11,7,52,臺中市,沙鹿區,0,0,0,8,,,50,,,,,,,,,,,,,,,23,,,,,C03,,,1,,2,,,23,,2,11,,C03,120.614809,24.242585,3
2022,10,11,7,53,臺中市,大里區,0,0,0,8,1,5,50,8,7,1,5,4,5,7,4,4,1,4,4,2,12,7,,,,,B03,,,1,,9,,,7,,1,22,,B03,120.688731,24.093892,3
2022,10,11,7,55,臺中市,新社區,0,2,0,8,1,5,50,4,2,1,5,4,5,7,4,4,5,5,5,1,12,19,2,9,1,1,C03,7,1,1,10,2,14,,19,19,1,20,9,C03,120.808783,24.247672,2
2022,10,11,7,56,臺中市,梧棲區,0,0,0,8,,,40,,,,,,,,,,,,,,,16,,,,,B03,,,1,,2,,,16,,1,11,,B03,120.537695,24.249201,3
2022,10,11,8,0,臺中市,南屯區,0,1,0,8,1,5,50,14,9,1,5,4,5,7,4,4,10,5,5,2,16,44,3,10,1,1,B03,7,9,1,8,2,2,,44,44,1,22,9,B03,120.60233,24.135922,2
2022,10,11,8,2,臺中市,西屯區,0,1,0,8,1,5,30,4,1,1,5,4,5,7,4,4,10,5,5,2,16,6,2,9,1,1,C03,7,9,1,10,2,11,,6,6,1,22,8,C03,120.616281,24.189376,2
2022,10,11,8,3,臺中市,南區,0,0,0,8,,,50,,,,,,,,,,,,,,,23,,,,,C03,,,1,10,2,,,23,23,1,5,,C03,120.703818,24.131125,3
2022,10,11,8,10,臺中市,潭子區,0,1,0,8,1,5,50,4,1,1,5,4,5,7,1,1,2,4,4,1,11,6,3,10,1,1,B03,7,5,1,8,2,6,,6,6,1,22,8,B03,120.719784,24.228853,2
2022,10,11,8,10,臺中市,太平區,0,0,0,,,,80,,,,,,,,,,,,,,,16,,,,,B03,,,1,,1,,,16,,1,21,,B03,120.710725,24.141557,3
2022,10,11,8,15,臺中市,大甲區,0,2,0,8,1,5,30,4,1,1,5,4,5,7,4,4,10,5,5,2,15,6,2,9,1,1,C03,7,9,1,10,2,11,,6,6,1,4,8,C03,120.643345,24.40425,2
2022,10,11,8,16,臺中市,梧棲區,0,0,0,8,,,50,,,,,,,,,,,,,,,18,,,,,B03,,,1,,2,,,18,,1,19,,B03,120.534318,24.257734,3
2022,10,11,8,30,臺中市,北屯區,0,3,0,8,1,5,50,14,7,1,5,4,5,7,4,4,5,4,4,2,13,23,2,9,1,1,C03,7,9,1,10,2,14,,23,23,1,21,8,C03,120.733478,24.167982,2
2022,10,11,8,40,臺中市,西屯區,0,0,0,8,,,50,,,,,,,,,,,,,,,38,,,,,B01,,,1,,9,,,38,,1,1,,B01,120.65666,24.170846,3
2022,10,11,8,41,臺中市,大甲區,0,0,0,,,,60,,,,,,,,,,,,,,,16,,,,,A42,,,1,,1,,,16,,1,10,,A42,120.616022,24.335463,3
2022,10,11,8,45,臺中市,潭子區,0,1,0,8,1,5,50,3,1,1,5,4,5,7,1,1,9,4,4,2,12,19,3,10,1,1,B03,7,1,1,8,2,4,,19,19,1,22,8,B03,120.680968,24.207486,2
2022,10,11,8,45,臺中市,南區,0,2,0,8,1,5,50,3,1,1,5,4,5,7,1,1,10,5,5,2,16,8,2,9,1,1,C04,7,5,3,18,2,12,,8,8,1,5,8,C04,120.660482,24.113263,2
2022,10,11,8,47,臺中市,潭子區,0,0,0,8,,,40,,,,,,,,,,,,,,,23,,,,,B03,,,1,,2,,,23,,1,22,,B03,120.696555,24.201,3
2022,10,11,8,50,臺中市,西區,0,0,0,,,,50,,,,,,,,,,,,,,,23,,,,,B03,,,1,,1,,,23,,1,20,,B03,120.657262,24.140026,3
2022,10,11,8,58,臺中市,豐原區,0,1,0,8,1,5,30,3,1,1,5,4,5,7,4,4,10,5,5,2,16,6,2,9,1,1,C03,7,5,6,18,2,14,,6,6,1,21,8,C03,120.712904,24.243526,2
2022,10,11,9,0,臺中市,北屯區,0,1,0,8,1,5,50,4,1,1,5,4,5,7,4,4,10,5,5,2,18,23,2,9,1,1,C03,7,9,1,10,2,14,,23,23,1,5,8,C03,120.687125,24.178126,2
2022,10,11,9,1,臺中市,北屯區,0,0,0,8,,,30,,,,,,,,,,,,,,,23,,,,,B03,,,1,,1,,,23,,1,21,,B03,120.684851,24.200864,3
2022,10,11,9,5,臺中市,西區,0,1,0,8,1,5,50,3,1,1,5,4,5,7,4,4,5,5,5,2,12,6,3,10,3,4,B03,7,6,1,8,2,2,,6,6,1,21,8,B03,120.656752,24.150848,2
2022,10,11,9,5,臺中市,西屯區,0,1,0,8,1,5,40,14,7,1,5,4,5,7,4,4,5,4,4,2,16,26,3,10,1,1,C03,7,5,1,10,1,14,,26,26,1,22,8,C03,120.648232,24.173704,2
2022,10,11,9,13,臺中市,南區,0,2,0,7,1,5,50,14,9,1,5,4,5,7,4,4,5,5,5,2,13,23,3,10,3,4,B12,7,9,1,8,2,5,,23,23,1,5,8,B12,120.653351,24.123876,2
2022,10,11,9,18,臺中市,豐原區,0,0,0,8,,,50,,,,,,,,,,,,,,,6,,,,,C03,,,1,,2,,,6,,1,22,,C03,120.699079,24.247681,3
2022,10,11,9,29,臺中市,北區,0,0,0,,,,50,,,,,,,,,,,,,,,23,,,,,B03,,,1,,1,,,23,,1,5,,B03,120.681683,24.155416,3
2022,10,11,9,32,臺中市,南屯區,0,0,0,8,,,50,,,,,,,,,,,,,,,17,,,,,B03,,,1,,2,,,17,,1,4,,B03,120.628457,24.116471,3
2022,10,11,9,34,臺中市,豐原區,0,2,0,8,1,5,50,4,1,1,5,4,5,7,1,1,10,5,5,2,16,23,2,9,1,1,C03,7,9,1,10,2,14,,23,23,1,21,8,C03,120.71025,24.23683,2
2022,10,11,9,36,臺中市,北區,0,0,0,8,,,50,,,,,,,,,,,,,,,9,,,,,B12,,,1,,1,,,9,,1,22,,B12,120.684766,24.166788,3
2022,10,11,9,45,臺中市,北屯區,0,2,0,8,1,5,50,4,1,1,5,4,5,7,1,1,10,5,5,2,16,6,2,9,1,1,B03,7,5,1,8,2,1,,6,6,1,22,8,B03,120.670951,24.199415,2
2022,10,11,10,0,臺中市,大雅區,0,0,0,8,,,30,,,,,,,,,,,,,,,23,,,,,C03,,,1,,2,,,23,23,1,22,,C03,120.65437,24.209377,3
2022,10,11,10,0,臺中市,太平區,0,0,0,8,,,50,,,,,,,,,,,,,,,42,,,,,C03,,,1,,9,12,,42,42,2,22,,C03,120.71478,24.117506,3
2022,10,11,10,4,臺中市,西區,0,1,0,8,1,5,50,4,1,1,5,4,5,7,1,1,5,5,5,2,16,25,2,9,3,4,C03,7,9,1,10,2,12,,25,25,1,21,8,C03,120.655125,24.152342,2
2022,10,11,10,10,臺中市,北區,0,1,0,8,1,5,50,4,1,1,5,4,5,7,2,1,10,5,5,2,13,23,3,10,1,1,A02,7,9,1,2,2,1,,23,23,1,10,4,A02,120.665554,24.153803,2
2022,10,11,10,10,臺中市,北區,0,1,0,8,1,5,40,3,1,1,5,4,5,7,4,4,10,5,5,2,17,6,2,9,3,4,C03,7,5,1,10,2,15,,6,6,1,5,8,C03,120.687656,24.155574,2
2022,10,11,10,11,臺中市,大里區,0,2,0,8,1,5,50,14,8,1,5,4,5,7,4,4,2,2,2,1,17,38,3,10,1,1,F02,7,15,8,20,2,16,,38,38,1,22,8,F02,120.68887,24.093561,2
2022,10,11,10,13,臺中市,北屯區,0,2,0,8,1,5,50,4,1,1,5,4,5,7,4,4,10,5,5,2,16,6,2,9,1,1,C03,7,9,1,10,2,12,,6,6,1,21,8,C03,120.695487,24.174397,2
2022,10,11,10,15,臺中市,北屯區,0,1,0,8,1,5,50,14,7,1,5,4,5,7,4,4,5,5,4,2,13,16,2,9,1,1,C03,7,9,1,9,2,11,,16,16,1,4,8,C03,120.686016,24.189031,2
2022,10,11,10,25,臺中市,西區,0,2,0,8,1,5,50,4,2,1,5,4,5,7,1,1,10,5,5,2,17,6,2,9,1,1,C03,7,6,1,10,2,12,,6,6,1,4,1,C03,120.657245,24.136592,2
2022,10,11,10,28,臺中市,太平區,0,1,0,8,1,5,50,14,9,1,5,4,5,7,4,4,5,5,5,2,26,42,2,9,1,1,C03,7,15,1,10,2,11,,42,42,1,21,8,C03,120.719561,24.142351,2
2022,10,11,10,30,臺中市,西屯區,0,0,0,8,,,50,,,,,,,,,,,,,,,7,,,,,B12,,,1,,2,,,7,,1,1,,B12,120.622108,24.17259,3
2022,10,11,10,35,臺中市,北屯區,0,0,0,8,,,40,,,,,,,,,,,,,,,12,,,,,B03,,,1,,1,,,12,,1,21,,B03,120.725131,24.166821,3
2022,10,11,10,41,臺中市,北屯區,0,0,0,8,,,50,,,,,,,,,,,,,,,16,,,,,B03,,,1,,2,,,16,,1,22,,B03,120.702415,24.172781,3
2022,10,11,10,47,臺中市,大甲區,0,2,0,8,1,5,50,14,9,1,5,4,5,7,4,4,10,5,5,1,12,10,2,9,1,1,C03,7,11,1,10,2,14,,10,10,1,20,8,C03,120.622218,24.357103,2
2022,10,11,11,0,臺中市,太平區,0,0,0,8,,,40,,,,,,,,,,,,,,,67,,,,,,,,,,,,,67,,1,,,,120.714325,24.118947,3
2022,10,11,11,6,臺中市,神岡區,0,0,0,8,,,50,,,,,,,,,,,,,,,11,,,,,B03,,,1,,2,,,11,,1,22,,B03,120.695771,24.252004,3
2022,10,11,11,19,臺中市,南屯區,0,0,0,,,,50,,,,,,,,,,,,,,,18,,,,,B03,,,1,,1,,,18,,1,22,,B03,120.634867,24.152424,3
2022,10,11,11,20,臺中市,北屯區,0,0,0,8,,,30,,,,,,,,,,,,,,,6,,,,,B03,,,1,,1,,,6,,1,21,,B03,120.668273,24.200763,3
2022,10,11,11,28,臺中市,中區,0,1,0,8,1,5,50,4,1,1,5,4,5,7,2,1,10,5,5,2,9,15,3,10,1,1,A02,7,5,1,2,2,7,,15,15,1,10,9,A02,120.678757,24.141681,2
2022,10,11,11,28,臺中市,清水區,0,1,0,8,1,5,60,3,1,1,5,4,5,7,2,1,1,4,1,1,16,25,3,10,1,1,A41,7,9,1,1,2,4,,25,25,1,10,4,A41,120.561776,24.272001,2
2022,10,11,11,30,臺中市,北屯區,0,1,0,8,1,5,30,3,1,1,5,4,5,7,1,1,10,5,5,2,16,8,2,9,1,1,C03,7,5,1,10,2,13,,8,8,1,5,8,C03,120.678328,24.200866,2
2022,10,11,11,52,臺中市,北屯區,0,0,0,8,,,50,,,,,,,,,,,,,,,23,,,,,B03,,,1,,1,,,23,,1,22,,B03,120.710632,24.171731,3
2022,10,11,11,53,臺中市,西區,0,1,0,8,1,5,50,4,1,1,5,4,5,7,2,1,10,5,5,2,16,26,3,10,1,1,B03,7,6,1,8,2,2,,26,26,1,20,8,B03,120.662609,24.155678,2
2022,10,11,11,56,臺中市,西區,0,1,0,8,1,5,50,4,1,1,5,4,5,7,1,1,1,5,5,2,12,6,3,10,3,4,B03,7,6,1,8,2,2,,6,6,1,21,8,B03,120.675922,24.133064,2