年,月,日,時,分,縣市,區,死,受傷,2-30,天候,光線,道路類別,速限,道路型態,事故位置,路面鋪裝,路面狀態,路面缺陷,障礙物,視距,號誌種類,號誌動作,分向設施,快車道或一般車道間,快慢車道間,路面邊線,事故類型及型態,主要肇因,受傷程度,主要傷處,保護裝備,行動電話,當事者區分,車輛用途,當事者行動狀態,駕駛資格情形,駕駛執照種類,飲酒情形,車輛撞擊部位最初,車輛撞擊部位其他,肇事因素個別,肇事因素主要,肇事逃逸,職業,旅次目的,車種,GPS緯度,GPS經度,事故類別
2022,10,12,7,50,臺中市,大甲區,0,1,0,8,1,5,30,4,1,1,5,4,5,7,4,4,10,5,5,2,15,6,3,10,1,1,B03,7,9,1,8,2,1,,6,6,1,4,8,B03,120.645918,24.406352,2
2022,10,12,7,52,臺中市,西屯區,0,1,0,8,1,5,50,14,9,1,5,4,5,7,4,4,1,4,5,2,13,16,2,9,3,4,C03,7,9,1,10,2,11,,16,16,1,22,8,C03,120.605544,24.187611,2
2022,10,12,7,53,臺中市,梧棲區,0,1,0,8,1,5,50,4,1,1,5,4,5,7,1,1,10,5,5,2,16,25,3,10,1,1,B03,7,9,1,8,2,5,,25,25,1,9,1,B03,120.516216,24.226465,2
2022,10,12,7,53,臺中市,豐原區,0,0,0,8,1,3,50,14,7,1,5,4,5,7,1,1,1,2,4,1,14,12,3,10,1,1,B03,7,2,1,8,2,3,3,12,12,1,22,8,B03,120.711722,24.250729,3
2022,10,12,7,54,臺中市,潭子區,0,1,0,8,1,5,60,14,8,1,5,4,5,7,4,4,1,4,4,1,17,6,3,10,1,1,B03,7,8,1,8,2,5,,6,6,1,22,8,B03,120.704985,24.208077,2
2022,10,12,7,54,臺中市,梧棲區,0,1,0,8,1,5,50,3,2,1,5,4,5,7,4,4,5,2,5,1,16,9,3,10,1,1,B03,7,6,1,8,2,5,,9,9,1,9,1,B03,120.536582,24.252512,2
2022,10,12,7,58,臺中市,沙鹿區,0,1,0,8,1,5,50,14,7,1,5,4,5,7,4,4,1,4,4,2,16,19,3,10,1,1,B03,7,1,1,8,2,8,,19,19,1,21,8,B03,120.559182,24.234716,2
2022,10,12,8,0,臺中市,沙鹿區,0,1,0,8,1,5,60,14,7,1,5,4,5,7,4,4,1,4,4,1,12,7,3,10,1,1,A11,7,8,1,3,2,5,,7,7,1,10,4,A11,120.591022,24.244935,2
2022,10,12,8,2,臺中市,西屯區,0,0,0,8,,,30,,,,,,,,,,,,,,,23,,,,,B03,,,1,,1,,,23,,1,1,,B03,120.613543,24.186594,3
2022,10,12,8,4,臺中市,西區,0,1,0,8,1,5,50,4,1,1,5,4,5,7,2,1,10,5,5,2,16,6,3,10,1,1,C03,7,9,1,10,2,11,,23,6,1,20,8,C03,120.672782,24.14838,2
2022,10,12,8,4,臺中市,西屯區,0,1,0,8,1,5,40,14,8,1,5,4,5,7,4,4,5,5,4,1,12,23,2,9,3,4,C03,7,9,1,10,2,11,,23,23,1,22,8,C03,120.637806,24.172938,2
2022,10,12,8,11,臺中市,豐原區,0,0,0,8,,,60,,,,,,,,,,,,,,,7,,,,,B03,,,1,,2,,,7,,1,21,,B03,120.728522,24.241858,3
2022,10,12,8,12,臺中市,太平區,0,0,0,8,,,30,,,,,,,,,,,,,,,12,,,,,B12,,,1,,2,,,12,,1,10,,B12,120.734122,24.125942,3
2022,10,12,8,13,臺中市,北屯區,0,0,0,8,,,50,,,,,,,,,,,,,,,16,,,,,C03,,,1,,1,,,16,,1,22,,C03,120.685498,24.172177,3
2022,10,12,8,15,臺中市,烏日區,0,2,0,8,1,5,40,14,7,1,5,4,5,7,4,4,5,5,4,2,17,26,2,9,1,1,C03,7,11,1,10,2,11,,26,26,1,21,8,C03,120.60726,24.126687,2
2022,10,12,8,15,臺中市,豐原區,0,0,0,8,1,5,50,14,9,1,5,4,5,7,1,1,8,3,4,1,13,42,3,10,1,1,B03,7,9,1,4,1,1,,42,42,1,21,8,B03,120.712531,24.262,3
2022,10,12,8,20,臺中市,大甲區,0,2,0,8,1,5,70,14,8,1,5,4,5,7,4,4,1,5,4,1,13,16,2,9,1,1,C03,7,9,1,10,2,11,,16,16,1,4,8,C03,120.635889,24.36224,2
2022,10,12,8,26,臺中市,烏日區,0,1,0,8,1,5,60,3,1,1,5,4,5,7,2,1,1,4,4,2,12,1,3,10,3,4,B03,7,6,1,8,2,6,,1,1,1,21,9,B03,120.641611,24.115441,2
2022,10,12,8,29,臺中市,北區,0,0,0,8,,,50,,,,,,,,,,,,,,,25,,,,,B03,,,3,,2,,,25,,1,21,,B03,120.674033,24.164836,3
2022,10,12,8,30,臺中市,北屯區,0,0,0,8,,,50,,,,,,,,,,,,,,,6,,,,,B03,,,1,,2,,,6,,1,21,,B03,120.707829,24.181319,4
2022,10,12,8,31,臺中市,西屯區,0,1,0,8,1,5,40,3,1,1,5,4,5,7,1,1,5,5,5,2,16,8,2,9,3,4,C03,7,5,4,11,2,11,,8,8,1,22,8,C03,120.663143,24.163845,2
2022,10,12,8,35,臺中市,大甲區,0,0,0,,,,40,,,,,,,,,,,,,,,12,,,,,B03,,,1,,1,,,12,,1,5,,B03,120.619988,24.344564,3
2022,10,12,8,36,臺中市,龍井區,0,1,0,8,1,5,30,5,1,1,5,4,5,7,4,4,10,5,5,2,17,8,2,9,2,1,C04,7,5,3,18,2,12,,8,42,1,22,8,C04,120.570124,24.175458,2
2022,10,12,8,41,臺中市,南屯區,0,0,0,8,,,40,,,,,,,,,,,,,,,25,,,,,B03,,,1,,1,,,25,,1,4,,B03,120.623141,24.145201,3
2022,10,12,8,47,臺中市,外埔區,0,0,0,8,1,6,40,14,9,1,5,4,5,7,4,4,10,5,5,1,11,43,2,10,1,1,B03,7,15,1,4,2,7,,43,43,1,22,9,B03,120.692839,24.349085,3
2022,10,12,9,7,臺中市,北屯區,0,1,0,8,1,5,40,4,1,1,5,4,5,7,1,1,3,2,4,2,12,26,2,9,1,1,C03,7,5,1,10,2,11,,26,26,1,22,8,C03,120.69041,24.185433,2
2022,10,12,9,7,臺中市,西屯區,0,1,0,8,1,5,50,4,2,1,5,4,5,7,4,4,5,4,5,2,12,16,2,9,3,4,C03,7,9,1,10,2,11,,16,16,1,22,8,C03,120.603988,24.186481,2
2022,10,12,9,15,臺中市,西屯區,0,1,0,8,1,5,50,14,9,1,5,4,5,7,4,4,9,5,5,2,16,19,3,10,1,1,B03,7,1,1,8,2,8,,19,19,1,22,8,B03,120.648995,24.160359,2
2022,10,12,9,20,臺中市,西區,0,0,0,,,,50,,,,,,,,,,,,,,,12,,,,,A12,,,1,,1,,,12,,1,20,,A12,120.665072,24.1367,3
2022,10,12,9,23,臺中市,北區,0,1,0,8,1,5,50,4,1,1,5,4,5,7,1,1,1,2,4,2,15,25,3,10,1,1,B01,7,9,1,4,2,6,,25,25,1,21,8,B01,120.699678,24.160396,2
2022,10,12,9,36,臺中市,西區,0,0,0,,,,50,,,,,,,,,,,,,,,40,,,,,B03,,,1,,2,,,40,,1,21,,B03,120.673392,24.132163,3
2022,10,12,9,40,臺中市,神岡區,0,0,0,8,,,50,,,,,,,,,,,,,,,1,,,,,B12,,,1,,2,,,1,1,1,21,,B12,120.693948,24.236485,3
2022,10,12,9,46,臺中市,西區,0,2,0,8,1,5,50,4,1,1,5,4,5,7,1,1,10,5,5,2,17,6,2,9,1,1,C03,7,6,1,10,2,13,,6,6,1,22,8,C03,120.675422,24.133556,2
2022,10,12,9,53,臺中市,南屯區,0,0,0,8,,,60,,,,,,,,,,,,,,,23,,,,,B03,,,1,,1,,,23,,1,22,,B03,120.623624,24.15374,3
2022,10,12,9,55,臺中市,大甲區,0,0,0,8,,,70,,,,,,,,,,,,,,,12,,,,,B03,,,1,,1,,,12,,1,4,,B03,120.61709,24.347326,3
2022,10,12,9,59,臺中市,西屯區,0,0,0,8,,,30,,,,,,,,,,,,,,,43,,,,,C03,,,1,,9,,,43,,1,22,,C03,120.63463,24.162026,3
2022,10,12,10,2,臺中市,西屯區,0,1,0,8,1,5,50,14,9,1,5,4,5,7,4,4,5,4,5,2,17,26,3,10,1,1,C03,7,5,4,8,2,13,,26,26,1,1,9,C03,120.650098,24.167484,2
2022,10,12,10,17,臺中市,太平區,0,1,0,8,1,5,50,4,1,1,5,4,5,7,4,4,10,5,5,2,16,6,3,10,1,1,B03,7,5,1,8,2,2,,6,6,1,21,8,B03,120.719721,24.124402,2
2022,10,12,10,24,臺中市,沙鹿區,0,1,0,8,1,5,40,5,1,1,5,4,5,7,1,1,10,5,5,2,13,23,2,9,1,1,C03,7,9,1,10,2,11,,23,23,1,21,8,C03,120.579417,24.221291,2
2022,10,12,10,30,臺中市,西區,0,0,0,8,,,50,,,,,,,,,,,,,,,23,,,,,B03,,,1,,9,,,23,,1,21,,B03,120.669137,24.147103,3
2022,10,12,11,4,臺中市,太平區,0,0,0,8,,,30,,,,,,,,,,,,,,,6,,,,,B03,,,1,,1,,,6,6,1,21,,B03,120.730861,24.133131,3
2022,10,12,11,5,臺中市,大雅區,0,2,0,8,1,5,50,4,2,1,5,4,5,7,3,1,5,5,5,1,16,6,2,9,1,1,C03,7,5,1,10,2,11,,6,6,1,22,9,C03,120.647534,24.217328,2
2022,10,12,11,10,臺中市,大安區,0,1,0,8,1,5,50,4,1,1,5,4,5,7,3,1,10,5,5,2,15,6,3,10,1,1,B03,7,9,1,8,2,2,,6,6,1,4,1,B03,120.602746,24.377133,2
2022,10,12,11,15,臺中市,沙鹿區,0,1,0,8,1,5,60,5,2,1,5,4,5,7,1,1,3,3,3,1,17,23,3,10,3,4,B03,7,9,3,18,2,2,,23,23,1,22,8,B03,120.57,24.236836,2
2022,10,12,11,19,臺中市,南區,0,1,0,8,1,5,50,5,1,1,5,4,5,7,1,1,10,5,5,2,17,8,2,9,1,1,C03,7,5,1,10,2,14,,8,8,1,5,8,C03,120.659034,24.130079,2
2022,10,12,11,22,臺中市,西區,0,2,0,8,1,5,50,14,7,1,5,4,5,7,4,4,1,4,4,2,16,17,2,9,1,1,C03,7,9,1,10,2,12,,17,17,1,20,8,C03,120.668624,24.144398,2
2022,10,12,11,23,臺中市,北區,0,0,0,8,,,50,,,,,,,,,,,,,,,26,,,,,C03,,,1,,2,,,26,,1,22,,C03,120.680135,24.148511,3
2022,10,12,11,23,臺中市,西屯區,0,0,0,8,,,50,,,,,,,,,,,,,,,42,,,,,B03,,,1,,2,,,42,,1,22,,B03,120.658215,24.158826,3
2022,10,12,11,26,臺中市,北屯區,0,0,0,8,,,30,,,,,,,,,,,,,,,6,,,,,B03,,,1,,1,,,6,,1,21,,B03,120.680197,24.178043,3
2022,10,12,11,26,臺中市,太平區,0,1,0,8,1,5,50,4,1,1,5,4,5,7,1,1,10,5,5,2,17,26,3,10,1,1,C03,7,4,1,10,2,12,,26,26,1,21,8,C03,120.721043,24.133692,2
2022,10,12,11,27,臺中市,豐原區,0,0,0,8,,,40,,,,,,,,,,,,,,,12,,,,,A12,,,1,,2,,,12,,1,22,,A12,120.72217,24.273728,3
2022,10,12,11,28,臺中市,東區,0,0,0,8,,,40,,,,,,,,,,,,,,,23,,,,,B03,,,1,,2,,,23,,1,22,,B03,120.710824,24.144542,3
2022,10,12,11,30,臺中市,西屯區,0,0,0,8,,,50,,,,,,,,,,,,,,,17,,,,,A31,,,1,,1,,,17,,1,1,,A31,120.599065,24.176604,3
2022,10,12,11,32,臺中市,北區,0,1,0,8,1,5,50,5,1,1,5,4,5,7,1,1,5,5,5,2,16,7,2,9,1,1,C03,7,10,1,10,2,13,,7,7,1,21,8,C03,120.673889,24.17383,2
2022,10,12,11,34,臺中市,西區,0,1,0,8,1,5,50,4,1,1,5,4,5,7,1,1,5,5,5,2,10,4,3,10,3,4,C03,7,9,1,10,2,14,,4,4,1,21,8,C03,120.661747,24.134219,2
2022,10,12,11,40,臺中市,北屯區,0,0,0,8,,,50,,,,,,,,,,,,,,,16,,,,,B03,,,1,,1,,,16,,1,22,,B03,120.681552,24.192616,3
2022,10,12,11,41,臺中市,石岡區,0,1,0,8,1,5,70,14,8,1,5,4,5,7,1,1,4,3,4,1,16,23,3,10,1,1,A11,7,9,1,1,2,1,,23,23,1,22,9,A11,120.807649,24.266127,2
2022,10,12,11,43,臺中市,北屯區,0,1,0,8,1,5,50,14,7,1,5,4,5,7,4,4,1,4,4,2,16,26,2,9,1,1,C03,7,7,1,10,2,14,,26,26,1,18,8,C03,120.685255,24.170493,2
2022,10,12,11,45,臺中市,大甲區,0,0,0,,,,40,,,,,,,,,,,,,,,44,,,,,C04,,,1,,1,,,44,,1,22,,C04,120.621808,24.345272,3
2022,10,12,11,50,臺中市,西區,0,1,0,8,1,5,50,14,7,1,5,4,5,7,1,1,1,5,5,2,13,23,3,10,1,1,B03,7,9,1,8,1,1,,23,23,1,22,9,B03,120.657262,24.140026,2
2022,10,12,12,0,臺中市,南屯區,0,0,0,8,,,50,,,,,,,,,,,,,,,7,,,,,B03,,,1,,1,,,7,,1,22,,B03,120.611527,24.150991,3
2022,10,12,12,7,臺中市,北區,0,1,0,8,1,5,40,4,1,1,5,4,5,7,4,4,10,5,5,2,16,6,2,9,3,4,C03,7,9,1,10,2,11,,6,6,1,5,8,C03,120.668325,24.165612,2
2022,10,12,12,9,臺中市,西區,0,0,0,8,,,50,,,,,,,,,,,,,,,17,,,,,C03,,,1,,1,,,17,,1,22,,C03,120.668525,24.139873,3
2022,10,12,12,10,臺中市,大甲區,0,0,0,8,,,50,,,,,,,,,,,,,,,43,,,,,B03,,,1,,1,,,43,,1,4,,B03,120.626574,24.355246,3
2022,10,12,12,31,臺中市,豐原區,0,0,0,8,,,50,,,,,,,,,,,,,,,7,,,,,B03,,,1,,2,,,7,,1,21,,B03,120.70119,24.249315,3
2022,10,12,12,34,臺中市,太平區,0,0,0,8,,,50,,,,,,,,,,,,,,,10,,,,,B12,,,1,,2,,,10,,1,21,,B12,120.732619,24.116219,3
2022,10,12,12,35,臺中市,西屯區,0,0,0,8,,,50,,,,,,,,,,,,,,,17,,,,,B03,,,1,,2,,,17,,1,22,,B03,120.64612,24.164903,3
2022,10,12,12,37,臺中市,北區,0,0,0,,,,50,,,,,,,,,,,,,,,34,,,,,C03,,,1,,2,,,34,,1,5,,C03,120.683809,24.146278,3
2022,10,12,12,38,臺中市,豐原區,0,1,0,8,1,5,50,4,1,1,5,4,5,7,4,4,10,5,5,2,15,6,3,10,1,1,B03,7,9,1,8,2,5,,6,6,1,21,8,B03,120.718852,24.250561,2
2022,10,12,12,50,臺中市,清水區,0,0,0,8,,,50,,,,,,,,,,,,,,,12,,,,,B12,,,1,,2,,,12,,1,21,,B12,120.573441,24.266685,3
2022,10,12,12,58,臺中市,南屯區,0,0,0,,,,50,,,,,,,,,,,,,,,40,,,,,B12,,,8,,10,,,40,,1,22,,B12,120.643569,24.139891,3
2022,10,12,13,3,臺中市,梧棲區,0,1,0,8,1,5,40,14,8,1,5,4,5,7,4,4,1,4,1,1,16,7,3,10,1,1,B12,7,8,1,8,2,6,,7,7,1,4,8,B12,120.548914,24.245128,2
2022,10,12,13,5,臺中市,西屯區,0,1,0,8,1,5,30,4,1,1,5,4,5,7,4,4,10,5,5,2,16,6,2,9,3,4,C03,7,9,1,10,2,11,,6,6,1,22,8,C03,120.617408,24.18774,2
2022,10,12,13,10,臺中市,北區,0,2,0,8,1,5,40,4,1,1,5,4,5,7,2,1,5,5,4,2,16,26,3,10,1,1,B03,7,9,1,8,2,2,,26,26,1,22,8,B03,120.66411,24.162278,2
2022,10,12,13,13,臺中市,北屯區,0,0,0,8,,,80,,,,,,,,,,,,,,,23,,,,,B03,,,1,,1,,,23,,1,22,,B03,120.68847,24.201012,3
2022,10,12,13,35,臺中市,梧棲區,0,1,0,8,1,5,50,3,1,1,5,4,5,7,1,1,10,5,5,2,16,42,2,9,1,1,F03,7,7,8,20,2,16,,42,42,1,9,8,F03,120.537868,24.263076,2
2022,10,12,13,37,臺中市,東區,0,1,0,8,1,5,50,4,1,1,5,4,5,7,1,1,10,5,5,2,12,42,2,8,1,1,C03,7,15,1,10,2,12,,42,42,1,5,8,C03,120.687798,24.136698,2
2022,10,12,13,45,臺中市,清水區,0,1,0,8,1,5,50,5,1,1,5,4,5,7,3,2,10,5,5,2,15,6,2,9,1,1,C03,7,9,1,10,2,11,,6,6,1,5,5,C03,120.560461,24.278256,2
2022,10,12,13,50,臺中市,東區,0,2,0,8,1,5,40,4,1,1,5,4,5,7,4,4,10,5,5,2,15,6,2,9,1,1,C03,7,9,1,10,2,11,,6,6,1,22,8,C03,120.688406,24.133021,2
2022,10,12,13,50,臺中市,北屯區,0,1,0,8,1,5,50,4,18,1,5,4,5,7,4,4,10,5,5,2,3,15,3,10,1,1,B03,7,5,1,8,2,4,,15,15,1,4,8,B03,120.685318,24.173396,2
2022,10,12,13,50,臺中市,清水區,0,2,0,8,1,5,30,3,1,1,5,4,5,7,4,4,10,5,5,2,15,23,2,9,1,1,C03,7,1,3,18,2,11,,23,23,1,5,5,C03,120.579749,24.273413,2
2022,10,12,13,56,臺中市,西屯區,0,0,0,8,,,30,,,,,,,,,,,,,,,23,,,,,B03,,,1,,1,,,23,,1,22,,B03,120.614687,24.174269,3
2022,10,12,13,57,臺中市,北區,0,0,0,8,,,50,,,,,,,,,,,,,,,30,,,,,B12,,,1,,2,,,30,,1,22,,B12,120.676862,24.173143,3
2022,10,12,14,0,臺中市,西區,0,0,0,,,,50,,,,,,,,,,,,,,,12,,,,,B03,,,1,,1,,,44,12,1,20,,B03,120.669139,24.131582,3
2022,10,12,14,14,臺中市,南屯區,0,0,0,8,,,50,,,,,,,,,,,,,,,12,,,,,B03,,,1,,1,,,12,,1,22,,B03,120.640048,24.141794,3
2022,10,12,14,20,臺中市,大里區,0,0,0,8,,,30,,,,,,,,,,,,,,,18,,,,,B03,,,1,,2,,,18,,1,5,,B03,120.688996,24.124528,3
2022,10,12,14,20,臺中市,后里區,0,1,0,8,1,5,50,4,2,1,5,4,5,7,1,1,4,4,5,2,13,19,3,10,1,1,B12,7,1,1,8,2,3,,19,19,1,4,8,B12,120.705089,24.310091,2
2022,10,12,14,24,臺中市,南屯區,0,0,0,,,,50,,,,,,,,,,,,,,,7,,,,,A42,,,1,,2,,,7,,1,22,,A42,120.623497,24.149515,3
2022,10,12,14,28,臺中市,烏日區,0,0,0,8,1,5,60,4,1,1,5,4,5,7,2,1,1,4,4,2,12,7,3,10,3,4,B03,7,9,6,18,2,8,,7,42,1,21,9,B03,120.6158,24.105795,3
2022,10,12,14,40,臺中市,南屯區,0,1,0,8,1,5,50,4,1,1,5,4,5,7,1,1,10,5,5,2,16,9,3,10,1,1,B03,7,6,1,8,2,5,,9,9,1,22,9,B03,120.634512,24.130368,2
2022,10,12,14,42,臺中市,北區,0,1,0,8,1,5,50,3,1,1,5,4,5,7,4,4,5,5,5,2,16,26,2,9,1,1,C03,7,9,1,10,2,12,,26,26,1,21,8,C03,120.686071,24.149218,2
2022,10,12,14,45,臺中市,北屯區,0,0,0,8,,,30,,,,,,,,,,,,,,,26,,,,,B12,,,1,8,1,,,26,26,1,21,,B12,120.676136,24.200773,3
2022,10,12,14,50,臺中市,大雅區,0,1,0,8,1,5,50,5,2,1,5,4,5,7,1,1,5,4,5,1,16,8,2,9,1,1,C03,7,5,1,10,2,13,,8,8,1,22,9,C03,120.650524,24.227387,2
2022,10,12,14,54,臺中市,大肚區,0,0,0,8,,,60,,,,,,,,,,,,,,,23,,,,,B03,,,1,,2,,,23,,1,22,,B03,120.582691,24.172594,3
2022,10,12,14,55,臺中市,北屯區,0,0,0,8,,,50,,,,,,,,,,,,,,,23,,,,,B11,,,1,,1,,,23,,1,22,,B11,120.733316,24.161155,3
2022,10,12,14,59,臺中市,沙鹿區,0,1,0,8,1,5,50,14,7,1,5,4,5,7,4,4,8,5,4,2,14,12,3,10,1,1,B03,7,2,1,8,2,3,,12,12,1,3,9,B03,120.578804,24.223498,2
2022,10,12,15,0,臺中市,西屯區,0,0,0,8,,,50,,,,,,,,,,,,,,,12,,,,,C03,,,1,,2,,,12,,1,22,,C03,120.64528,24.177359,3
2022,10,12,15,5,臺中市,西屯區,0,0,0,8,,,50,,,,,,,,,,,,,,,23,,,,,B03,,,1,,2,,,23,,1,22,,B03,120.61721,24.188431,3
2022,10,12,15,16,臺中市,東區,0,1,0,2,1,5,40,14,8,1,5,4,5,7,4,4,9,5,4,2,17,40,3,10,1,1,B12,7,15,1,8,2,4,,40,40,1,22,8,B12,120.70865,24.14448,2
2022,10,12,15,25,臺中市,西屯區,0,1,0,8,1,5,50,3,1,1,5,4,5,7,2,1,10,5,5,2,16,9,3,10,1,1,B03,7,6,1,8,2,2,,9,9,1,22,8,B03,120.654038,24.167953,2
2022,10,12,15,28,臺中市,北區,0,0,0,8,,,50,,,,,,,,,,,,,,,16,,,,,B03,,,1,,2,,,16,,1,22,,B03,120.674379,24.145584,3
2022,10,12,15,30,臺中市,大雅區,0,0,0,8,,,30,,,,,,,,,,,,,,,12,,,,,A12,,,1,,2,,,12,,1,22,,A12,120.674286,24.224148,3
2022,10,12,15,30,臺中市,南屯區,0,0,0,,,,50,,,,,,,,,,,,,,,44,,,,,B03,,,1,,1,,,44,,1,4,,B03,120.633359,24.150107,3
2022,10,12,15,31,臺中市,南屯區,0,0,0,8,,,50,,,,,,,,,,,,,,,23,,,,,B12,,,1,,1,,,23,,1,22,,B12,120.623497,24.149515,3
2022,10,12,15,32,臺中市,東區,1,0,0,8,1,5,50,14,9,1,5,4,5,7,4,4,5,4,5,2,12,7,1,1,1,1,C03,7,7,1,10,2,14,,7,7,1,20,8,C03,120.683737,24.1336,1
2022,10,12,15,39,臺中市,北屯區,0,0,0,8,,,50,,,,,,,,,,,,,,,16,,,,,B03,,,1,,1,,,16,,1,22,,B03,120.690107,24.171527,3
2022,10,12,15,41,臺中市,西區,0,1,0,8,1,5,50,14,9,1,5,4,5,7,4,4,5,4,5,2,16,7,2,9,1,1,C03,7,9,1,10,2,14,,44,7,1,21,8,C03,120.672909,24.136031,2
2022,10,12,15,44,臺中市,清水區,0,0,0,8,,,50,,,,,,,,,,,,,,,12,,,,,B03,,,1,,2,,,12,,1,19,,B03,120.573916,24.268006,3
2022,10,12,15,45,臺中市,南區,0,2,0,8,1,5,50,4,1,1,5,4,5,7,4,4,10,5,5,2,16,19,2,9,1,1,C03,7,1,1,10,2,14,,19,19,1,21,8,C03,120.680376,24.129188,2
2022,10,12,15,59,臺中市,北區,0,1,0,8,1,5,50,14,9,1,5,4,5,7,4,4,1,4,5,2,16,7,2,9,1,1,C03,7,10,1,10,2,13,,7,7,1,21,8,C03,120.685251,24.152109,2
2022,10,12,15,59,臺中市,豐原區,0,1,0,8,1,5,50,4,1,1,5,4,5,7,1,1,5,2,5,1,12,23,3,10,1,1,B03,7,9,1,8,2,2,,23,23,1,22,8,B03,120.719961,24.264468,2
2022,10,12,16,0,臺中市,太平區,0,1,0,8,1,5,50,3,1,1,5,4,5,7,4,4,10,5,5,2,16,6,3,10,1,1,B03,7,5,1,8,2,5,,6,6,1,21,8,B03,120.726872,24.097838,2
2022,10,12,16,8,臺中市,西區,0,3,0,8,1,5,50,4,1,1,5,4,5,7,2,1,10,5,5,2,16,25,2,9,1,1,C03,7,5,1,10,2,12,,25,25,1,22,8,C03,120.676971,24.135048,2
2022,10,12,16,10,臺中市,南區,0,0,0,8,,,30,,,,,,,,,,,,,,,44,,,,,C03,,,1,,11,,,44,,1,20,,C03,120.657532,24.143079,3
2022,10,12,16,21,臺中市,南區,0,0,0,,,,50,,,,,,,,,,,,,,,12,,,,,B03,,,1,,9,,,12,12,1,5,,B03,120.658908,24.111034,3
2022,10,12,16,25,臺中市,東區,0,0,0,,,,50,,,,,,,,,,,,,,,18,,,,,B12,,,1,,2,,,18,,1,22,,B12,120.702636,24.144541,3
2022,10,12,16,30,臺中市,西屯區,0,0,0,8,,,50,,,,,,,,,,,,,,,12,,,,,B12,,,1,,2,,,12,,1,22,,B12,120.599678,24.175651,3
2022,10,12,16,39,臺中市,北區,0,1,0,8,1,5,50,14,7,1,5,4,5,7,4,4,1,4,4,2,13,23,2,9,1,1,C03,7,8,3,18,2,11,,23,23,1,22,8,C03,120.687694,24.146686,2
2022,10,12,16,40,臺中市,北區,0,0,0,,,,50,,,,,,,,,,,,,,,23,,,,,B03,,,1,,2,,,23,,1,21,,B03,120.673046,24.162749,3
2022,10,12,16,45,臺中市,新社區,0,0,0,8,,,50,,,,,,,,,,,,,,,26,,,,,B03,,,1,,2,,,26,,1,21,,B03,120.821393,24.172318,3
2022,10,12,16,46,臺中市,北屯區,0,1,0,8,1,5,30,3,1,1,5,4,5,7,4,4,10,5,5,2,16,6,3,10,3,4,B03,7,5,1,8,2,2,,6,6,1,21,8,B03,120.695955,24.169908,2
2022,10,12,16,51,臺中市,太平區,0,1,0,8,1,5,50,4,1,1,5,4,5,7,1,1,10,5,5,2,13,23,3,10,1,1,B03,7,9,1,8,2,5,,23,23,1,21,8,B03,120.719896,24.156303,2
2022,10,12,16,54,臺中市,沙鹿區,0,1,0,8,1,5,40,4,1,1,5,4,5,7,4,4,10,5,5,2,16,6,3,10,1,1,B03,7,5,1,8,2,1,,6,6,1,9,9,B03,120.565797,24.245931,2
2022,10,12,16,56,臺中市,清水區,0,2,0,8,1,5,40,14,8,1,5,4,5,7,4,4,1,4,4,2,3,23,2,9,1,1,C03,7,9,1,10,2,11,,23,23,1,21,8,C03,120.580482,24.279765,2
2022,10,12,17,0,臺中市,大雅區,0,1,0,8,2,5,30,11,9,1,5,4,5,7,4,4,10,5,5,2,11,5,3,10,1,1,B03,7,9,1,8,2,8,,5,5,1,22,9,B03,120.67126,24.222006,2
2022,10,12,17,0,臺中市,大雅區,0,1,0,8,1,5,40,14,9,1,5,4,5,7,4,4,9,5,5,1,16,10,3,10,1,1,B03,7,11,1,8,2,8,,10,10,1,22,9,B03,120.626052,24.237468,2
2022,10,12,17,4,臺中市,中區,0,0,0,8,,,50,,,,,,,,,,,,,,,8,,,,,B03,,,1,,2,,,8,,1,22,,B03,120.680732,24.138669,3
2022,10,12,17,6,臺中市,沙鹿區,0,2,0,8,1,5,50,4,1,1,5,4,5,7,4,4,10,5,5,2,15,6,2,9,1,1,C03,7,9,1,10,2,11,,14,6,1,18,9,C03,120.560985,24.237828,2
2022,10,12,17,9,臺中市,太平區,0,1,0,8,2,5,50,5,1,1,5,4,5,7,2,1,10,5,5,2,16,8,2,9,1,1,C03,7,5,1,10,2,11,,8,26,1,22,8,C03,120.724625,24.149672,2
2022,10,12,17,10,臺中市,南屯區,0,2,0,8,3,5,50,3,1,1,5,4,5,7,1,1,5,4,4,2,16,25,2,8,3,4,C03,7,5,3,18,2,11,,25,25,1,22,9,C03,120.635763,24.133059,2
2022,10,12,17,10,臺中市,梧棲區,0,0,0,8,,,30,,,,,,,,,,,,,,,17,,,,,B12,,,1,,1,,,17,,1,11,,B12,120.526174,24.244671,3
2022,10,12,17,15,臺中市,大雅區,0,3,0,8,1,5,60,3,1,1,5,4,5,7,1,1,3,4,4,1,12,25,2,9,1,1,C03,7,11,1,10,2,14,,25,25,1,22,9,C03,120.636669,24.234794,2
2022,10,12,17,17,臺中市,大甲區,0,2,0,8,1,5,50,5,1,1,5,4,5,7,1,1,10,5,5,2,16,19,2,7,1,1,F03,7,1,8,20,2,16,,19,19,1,9,8,F03,120.618185,24.338853,2