年,月,日,時,分,縣市,區,死,受傷,2-30,天候,光線,道路類別,速限,道路型態,事故位置,路面鋪裝,路面狀態,路面缺陷,障礙物,視距,號誌種類,號誌動作,分向設施,快車道或一般車道間,快慢車道間,路面邊線,事故類型及型態,主要肇因,受傷程度,主要傷處,保護裝備,行動電話,當事者區分,車輛用途,當事者行動狀態,駕駛資格情形,駕駛執照種類,飲酒情形,車輛撞擊部位最初,車輛撞擊部位其他,肇事因素個別,肇事因素主要,肇事逃逸,職業,旅次目的,車種,GPS緯度,GPS經度,事故類別
2022,10,13,18,55,臺中市,南區,0,2,0,8,3,5,50,4,1,1,5,4,5,6,2,1,1,4,4,2,16,25,2,9,1,1,C03,7,9,1,10,2,11,,25,25,1,22,8,C03,120.650215,24.120625,2
2022,10,13,18,55,臺中市,太平區,0,0,0,8,,,50,,,,,,,,,,,,,,,42,,,,,B03,,,1,,9,,,42,,1,19,,B03,120.7236,24.099568,3
2022,10,13,18,56,臺中市,北區,0,1,0,8,3,5,50,4,1,1,5,4,5,7,1,1,10,5,5,2,16,10,3,10,1,1,B03,7,11,1,8,2,1,,10,6,1,5,8,B03,120.66474,24.161292,2
2022,10,13,18,58,臺中市,北屯區,0,1,0,8,3,5,50,3,1,1,5,4,5,7,1,1,10,5,5,2,29,13,2,9,1,1,C03,7,10,1,10,2,14,,13,43,1,21,8,C03,120.682372,24.188256,2
2022,10,13,19,0,臺中市,沙鹿區,0,3,0,8,3,5,50,4,2,1,5,4,5,7,4,4,10,5,5,2,13,23,2,9,1,1,C03,7,9,1,10,2,11,,23,23,1,18,8,C03,120.579973,24.214485,2
2022,10,13,19,16,臺中市,太平區,0,1,0,8,3,5,50,4,1,1,5,4,5,7,1,1,10,5,5,2,16,25,3,10,1,1,B03,7,5,1,8,2,8,,25,25,1,21,8,B03,120.715264,24.157047,2
2022,10,13,19,20,臺中市,清水區,0,1,0,8,3,5,50,4,2,1,5,4,5,7,4,4,1,4,4,2,12,23,2,8,1,1,C03,7,9,1,10,2,12,,23,23,1,22,8,C03,120.551523,24.268795,2
2022,10,13,19,21,臺中市,西屯區,0,0,0,,,,80,,,,,,,,,,,,,,,7,,,,,B03,,,1,,1,,,7,,1,22,,B03,120.648028,24.195536,3
2022,10,13,19,22,臺中市,南區,0,0,0,,,,40,,,,,,,,,,,,,,,23,,,,,C03,,,1,,2,,,23,,1,22,,C03,120.655783,24.115052,3
2022,10,13,19,27,臺中市,南區,0,0,0,8,,,50,,,,,,,,,,,,,,,23,,,,,B03,,,1,,2,,,23,,1,22,,B03,120.650005,24.121183,3
2022,10,13,19,34,臺中市,中區,0,1,0,8,3,5,50,5,1,1,5,4,5,7,1,1,10,5,5,2,15,25,2,9,1,1,C03,7,9,1,10,2,12,,25,25,1,21,8,C03,120.681796,24.144577,2
2022,10,13,19,45,臺中市,龍井區,0,2,0,8,3,5,50,14,20,4,5,4,5,7,4,4,10,5,5,2,18,43,2,9,1,1,C03,7,1,6,18,2,14,,43,43,1,20,8,C03,120.595489,24.187473,2
2022,10,13,19,55,臺中市,清水區,0,2,0,8,3,5,40,4,1,1,5,4,5,7,2,1,1,4,1,1,15,23,2,8,1,1,C03,7,9,1,10,2,14,,23,23,1,21,8,C03,120.554047,24.275161,2
2022,10,13,20,29,臺中市,北區,0,0,0,8,,,30,,,,,,,,,,,,,,,4,,,,,B03,,,1,,1,,,4,,1,22,,B03,120.680114,24.14824,3
2022,10,13,20,37,臺中市,南屯區,0,3,0,8,3,5,50,3,1,1,5,4,5,7,3,1,5,4,4,2,13,16,2,9,3,4,C03,7,9,1,10,2,11,,16,16,1,4,9,C03,120.61552,24.149215,2
2022,10,13,20,45,臺中市,東勢區,0,0,0,8,1,5,50,14,9,1,5,4,4,7,4,4,10,5,5,2,29,23,,,,,,,,,,,,,42,23,1,,,,120.828258,24.253958,3
2022,10,13,20,56,臺中市,西區,0,0,0,8,,,50,,,,,,,,,,,,,,,23,,,,,B12,,,1,,1,,,23,,1,22,,B12,120.653434,24.150958,3
2022,10,13,20,57,臺中市,東勢區,0,1,0,8,1,5,70,3,9,1,5,4,5,7,2,1,1,5,5,1,11,7,2,9,1,1,C03,7,7,3,18,2,13,,7,7,1,22,8,C03,120.824117,24.258354,2
2022,10,13,21,0,臺中市,潭子區,0,0,0,8,,,50,,,,,,,,,,,,,,,25,,,,,B03,,,1,,2,,,25,25,1,22,,B03,120.688098,24.216195,3
2022,10,13,21,0,臺中市,東區,0,0,0,8,3,5,50,4,9,1,5,4,5,7,4,4,5,4,5,2,17,19,3,10,1,1,B03,7,1,1,8,2,5,,19,19,1,22,8,B03,120.683564,24.133208,3
2022,10,13,21,0,臺中市,西屯區,0,3,0,8,3,5,40,4,8,1,5,4,5,7,1,1,1,5,1,2,13,23,2,3,3,4,B03,7,7,1,8,2,1,,23,16,1,22,8,B03,120.616504,24.182645,2
2022,10,13,21,1,臺中市,后里區,0,1,0,8,3,5,50,14,9,1,5,4,5,7,4,4,5,4,4,2,17,42,2,9,1,1,C03,7,9,1,10,2,15,,42,42,1,22,8,C03,120.717785,24.30772,2
2022,10,13,21,2,臺中市,烏日區,0,1,0,8,3,5,50,14,7,1,5,4,5,7,4,4,10,4,4,1,16,8,3,10,1,1,C03,7,5,1,10,2,12,,8,8,1,21,8,C03,120.627608,24.110178,2
2022,10,13,21,18,臺中市,西區,0,1,0,8,3,5,50,14,9,1,5,4,5,7,4,4,4,4,5,2,16,6,3,10,3,4,B03,7,6,1,8,2,2,,6,6,1,21,8,B03,120.661748,24.146006,2
2022,10,13,21,21,臺中市,沙鹿區,0,1,0,8,3,5,50,3,1,1,5,4,5,7,4,4,10,5,5,2,17,6,3,10,1,1,B12,7,5,1,8,2,1,,6,6,1,21,8,B12,120.578311,24.2212,2
2022,10,13,21,24,臺中市,北區,0,1,0,8,3,5,50,14,9,1,5,4,5,7,4,4,5,5,5,2,17,19,3,10,1,1,B03,7,1,1,8,2,1,,19,19,1,5,8,B03,120.684241,24.154316,2
2022,10,13,21,27,臺中市,南屯區,0,1,0,8,3,5,50,4,1,1,5,4,5,7,1,1,5,5,5,2,17,27,2,9,1,1,C03,7,5,1,10,2,14,,27,27,1,22,8,C03,120.644953,24.14019,2
2022,10,13,21,28,臺中市,龍井區,0,0,0,8,,,30,,,,,,,,,,,,,,,12,,,,,B03,,,1,,2,,,12,,1,21,,B03,120.581944,24.180833,3
2022,10,13,22,10,臺中市,清水區,0,1,0,8,3,5,60,14,13,1,5,4,5,7,4,4,1,4,5,1,13,23,2,9,1,1,C03,7,9,1,10,8,11,,23,23,1,22,8,C03,120.551345,24.29033,2
2022,10,13,22,26,臺中市,西屯區,0,4,0,8,3,5,40,14,8,1,5,2,4,7,4,4,1,4,1,2,17,43,2,9,3,4,C03,7,9,1,10,2,14,,43,43,1,22,8,C03,120.643045,24.166533,2
2022,10,13,22,28,臺中市,北屯區,0,1,0,8,3,5,50,14,9,1,5,4,5,7,4,4,1,4,5,2,18,23,2,9,1,1,C03,7,9,1,10,2,14,,23,23,1,18,8,C03,120.729925,24.173555,2
2022,10,13,22,30,臺中市,南區,0,0,0,,,,50,,,,,,,,,,,,,,,12,,,,,B01,,,1,,2,,,12,,1,22,,B01,120.682572,24.12985,3
2022,10,13,22,30,臺中市,梧棲區,0,1,0,8,3,5,50,4,2,1,5,4,5,7,3,1,10,4,5,1,17,23,2,9,2,1,C03,7,6,6,10,9,11,,23,23,2,9,1,C03,120.528415,24.24036,2
2022,10,13,22,36,臺中市,南屯區,0,0,0,8,,,50,,,,,,,,,,,,,,,23,,,,,B03,,,1,,2,,,23,,1,22,,B03,120.652938,24.139815,3
2022,10,13,22,48,臺中市,沙鹿區,0,1,0,8,3,5,40,14,13,1,5,4,5,7,4,4,1,4,4,2,19,42,2,9,1,1,C03,7,9,1,10,8,12,11,42,42,1,4,9,C03,120.559143,24.231104,2
2022,10,13,23,10,臺中市,西屯區,0,1,0,8,3,5,40,14,8,1,5,4,5,7,4,4,1,5,3,2,13,23,3,10,1,1,B03,7,9,1,8,2,1,,23,23,1,4,8,B03,120.629054,24.205856,2
2022,10,13,23,16,臺中市,北區,0,2,0,8,3,5,50,4,9,1,5,4,5,7,4,4,5,4,4,1,16,8,2,9,3,4,C03,7,5,1,10,2,14,,8,8,1,22,9,C03,120.681896,24.166498,2
2022,10,13,23,18,臺中市,沙鹿區,0,4,0,8,3,5,40,3,1,1,5,4,5,7,2,1,10,5,5,2,16,6,2,9,1,1,C03,7,5,1,10,2,12,,6,6,1,18,6,C03,120.575738,24.227118,2
2022,10,13,23,43,臺中市,北屯區,0,2,0,8,3,5,50,4,1,1,5,4,5,7,2,1,10,5,5,2,17,23,2,7,3,4,C03,7,9,1,10,2,14,,23,23,1,21,8,C03,120.7048,24.169483,2
2022,10,13,23,46,臺中市,大雅區,0,0,0,8,,,40,,,,,,,,,,,,,,,38,,,,,B03,,,1,,2,,,38,,1,22,,B03,120.648901,24.217613,3
2022,10,14,0,40,臺中市,大雅區,0,1,0,8,3,5,30,4,1,1,5,4,5,7,3,1,10,5,5,2,16,6,2,9,1,1,C03,7,9,1,9,2,14,,6,6,1,22,9,C03,120.653251,24.217586,2
2022,10,14,0,53,臺中市,后里區,0,0,0,8,3,5,50,4,2,1,5,4,5,7,2,1,9,4,5,1,12,42,,,,,B03,,,1,,2,,,42,,1,22,,B03,120.717863,24.309906,3
2022,10,14,0,58,臺中市,北屯區,0,1,0,8,3,5,50,4,1,1,5,4,5,7,2,1,10,5,5,2,18,13,2,9,1,1,C03,7,9,1,10,2,12,11,13,13,1,5,8,C03,120.667381,24.179835,2
2022,10,14,2,2,臺中市,東區,0,1,0,8,3,5,50,5,1,1,5,4,5,7,1,1,10,5,5,2,17,26,3,10,1,1,B03,7,6,1,8,2,2,,26,26,1,18,8,B03,120.693375,24.132941,2
2022,10,14,2,54,臺中市,南屯區,0,1,0,8,3,5,50,4,1,1,5,4,5,7,2,1,10,5,5,2,17,26,2,9,1,1,C03,7,5,1,8,1,14,,26,26,1,22,9,C03,120.623385,24.14963,2
2022,10,14,6,31,臺中市,東區,0,2,0,8,2,5,50,3,1,1,5,4,5,7,2,1,3,4,4,2,16,25,2,9,1,1,F02,7,11,8,20,2,16,,25,25,1,20,5,F02,120.696008,24.134907,2
2022,10,14,6,32,臺中市,北屯區,0,2,0,8,2,5,50,4,1,1,5,4,5,7,1,1,10,5,5,2,15,25,2,9,3,4,C03,7,9,4,11,2,11,,25,25,1,21,8,C03,120.679569,24.174028,2
2022,10,14,6,42,臺中市,和平區,0,1,0,8,2,5,30,14,9,1,5,4,5,7,4,4,10,5,5,1,26,42,2,7,1,1,B12,7,9,1,4,2,5,,42,42,1,10,4,B12,121.331325,24.33929,2
2022,10,14,6,43,臺中市,南屯區,0,0,0,8,,,40,,,,,,,,,,,,,,,23,,,,,B03,,,1,,1,,,23,,1,22,,B03,120.622901,24.135658,3
2022,10,14,6,53,臺中市,西屯區,0,1,0,8,1,5,50,14,8,1,5,4,5,7,4,4,5,5,4,2,2,23,3,10,3,4,F03,7,9,8,20,2,16,,23,23,1,22,8,F03,120.62585,24.184432,2
2022,10,14,6,57,臺中市,西區,0,1,0,8,1,5,50,5,1,1,5,4,5,7,1,1,10,5,5,2,17,42,3,10,3,4,C03,7,15,1,10,2,14,,42,42,1,21,8,C03,120.662595,24.132143,2
2022,10,14,7,0,臺中市,大雅區,0,0,0,8,,,50,,,,,,,,,,,,,,,23,,,,,A11,,,1,,2,,,23,23,1,22,,A11,120.649809,24.213705,3
2022,10,14,7,10,臺中市,東區,0,1,0,8,1,5,50,14,9,1,5,4,5,7,4,4,5,4,5,2,13,16,3,10,1,1,A02,7,9,1,2,2,1,,16,16,1,10,8,A02,120.684639,24.1315,2
2022,10,14,7,13,臺中市,清水區,0,0,0,8,1,5,50,14,9,1,5,4,5,7,4,4,5,5,5,2,15,6,3,10,1,1,B12,7,9,1,8,2,5,,6,6,1,5,1,B12,120.550716,24.263248,3
2022,10,14,7,15,臺中市,西區,0,0,0,,,,50,,,,,,,,,,,,,,,23,,,,,B03,,,1,,1,,,23,,1,5,,B03,120.656257,24.140026,3
2022,10,14,7,15,臺中市,北區,0,1,0,8,1,5,40,4,1,1,5,4,5,7,1,1,10,5,5,2,16,7,3,10,1,1,C03,7,10,1,10,2,12,,7,7,1,22,9,C03,120.685089,24.161558,2
2022,10,14,7,15,臺中市,南區,0,1,0,8,1,5,50,3,1,1,5,4,5,7,3,1,10,5,5,2,16,42,3,10,1,1,C03,7,6,1,10,2,12,,42,42,1,18,8,C03,120.653331,24.12623,2
2022,10,14,7,17,臺中市,中區,0,0,0,,,,,,,,,,,,,,,,,,,67,,,,,,,,,,,,,67,,1,,,,120.680385,24.137528,3
2022,10,14,7,23,臺中市,沙鹿區,0,0,0,8,,,60,,,,,,,,,,,,,,,23,,,,,B03,,,1,,2,,,23,,1,4,,B03,120.583522,24.249962,3
2022,10,14,7,26,臺中市,西屯區,0,3,0,8,1,5,50,4,2,1,5,4,5,7,2,1,1,4,5,2,13,16,2,7,1,1,C03,7,9,1,10,2,11,,16,16,1,21,1,C03,120.618784,24.184898,2
2022,10,14,7,30,臺中市,北區,0,1,0,8,1,5,50,3,1,1,5,4,5,7,2,1,5,5,5,2,3,15,3,10,1,1,C03,7,9,1,10,2,11,,15,15,1,18,1,C03,120.682863,24.143654,2
2022,10,14,7,33,臺中市,龍井區,0,0,0,8,,,60,,,,,,,,,,,,,,,23,,,,,B03,,,1,,11,,,23,,1,21,,B03,120.580903,24.176086,3
2022,10,14,7,41,臺中市,烏日區,0,1,0,8,1,5,50,3,1,1,5,4,5,7,1,1,5,5,5,1,14,12,3,10,1,1,B03,7,2,1,8,2,3,,12,12,1,21,8,B03,120.635091,24.10474,2
2022,10,14,7,44,臺中市,西區,0,1,0,8,1,5,50,3,1,1,5,4,5,7,1,1,10,5,5,2,13,23,2,9,1,1,C03,7,9,1,10,11,11,,23,23,1,21,8,C03,120.673562,24.136581,2
2022,10,14,7,45,臺中市,潭子區,0,2,0,8,1,5,40,4,1,1,5,4,5,7,1,1,10,5,5,2,16,19,2,9,1,1,C03,7,1,1,10,2,12,,19,19,1,22,8,C03,120.703409,24.209964,2
2022,10,14,7,49,臺中市,龍井區,0,1,0,8,1,5,50,14,9,1,5,4,5,7,4,4,9,5,5,1,13,16,2,2,1,1,C03,7,9,1,10,2,11,,16,16,1,22,8,C03,120.567031,24.195287,2
2022,10,14,7,50,臺中市,東區,0,1,0,8,1,5,50,4,1,1,5,4,5,7,1,1,10,5,5,2,16,7,3,10,1,1,C03,7,8,1,10,2,12,,7,7,1,5,8,C03,120.710342,24.140835,2
2022,10,14,7,50,臺中市,神岡區,0,1,0,8,1,5,30,3,1,1,5,4,5,7,3,1,5,5,5,1,16,6,3,10,1,1,B03,7,5,1,8,11,8,,6,6,1,22,8,B03,120.679991,24.266171,2
2022,10,14,7,53,臺中市,東勢區,0,0,0,8,,,50,,,,,,,,,,,,,,,2,,,,,B03,,,1,,2,,,2,,1,22,,B03,120.823858,24.261255,3
2022,10,14,7,54,臺中市,西屯區,0,0,0,8,,,1,,,,,,,,,,,,,,,19,,,,,C03,,,1,,1,,,19,,1,22,,C03,120.651547,24.131786,3
2022,10,14,7,57,臺中市,西屯區,0,0,0,8,,,50,,,,,,,,,,,,,,,23,,,,,B03,,,1,,1,,,23,,1,22,,B03,120.59355,24.18385,3
2022,10,14,7,58,臺中市,清水區,0,1,0,8,1,5,70,4,2,1,5,4,5,7,2,1,1,4,4,1,13,6,3,10,1,1,A12,7,6,1,6,9,15,,6,6,1,10,8,A12,120.559115,24.258159,2
2022,10,14,8,3,臺中市,北屯區,0,1,0,8,1,5,50,4,1,1,5,4,5,7,2,1,10,5,5,2,16,6,3,10,1,1,B03,7,5,1,8,2,6,,6,6,1,21,8,B03,120.691287,24.170528,2
2022,10,14,8,3,臺中市,北屯區,0,0,0,8,,,50,,,,,,,,,,,,,,,7,,,,,C03,,,1,,1,,,7,,1,22,,C03,120.691719,24.163026,3
2022,10,14,8,5,臺中市,南屯區,0,0,0,8,,,30,,,,,,,,,,,,,,,6,,,,,B03,,,1,8,1,,,6,6,1,12,,B03,120.613534,24.150437,3
2022,10,14,8,6,臺中市,梧棲區,0,2,0,8,1,5,50,4,2,1,5,4,5,7,1,1,10,5,5,2,13,23,2,9,1,1,C03,7,9,1,10,2,11,,23,23,1,3,1,C03,120.537539,24.245358,2
2022,10,14,8,9,臺中市,南區,0,1,0,8,1,5,50,14,7,1,5,4,3,7,4,4,5,5,4,2,17,19,3,10,1,1,B03,7,9,1,8,2,2,,23,19,1,22,8,B03,120.652498,24.122127,2
2022,10,14,8,10,臺中市,北區,0,2,0,8,1,5,50,4,1,1,5,4,5,7,4,4,5,5,4,2,16,19,2,9,1,1,C03,7,1,1,10,2,11,,19,19,1,21,8,C03,120.692912,24.154483,2
2022,10,14,8,10,臺中市,東區,0,0,0,8,,,50,,,,,,,,,,,,,,,23,,,,,B03,,,1,,2,,,23,,1,22,,B03,120.699481,24.148787,3
2022,10,14,8,15,臺中市,豐原區,0,0,0,8,,,50,,,,,,,,,,,,,,,23,,,,,B03,,,1,,2,,,23,23,1,21,,B03,120.714316,24.249216,3
2022,10,14,8,20,臺中市,南屯區,0,0,0,8,,,50,,,,,,,,,,,,,,,16,,,,,B03,,,1,,1,,,16,16,1,22,,B03,120.637705,24.146993,3
2022,10,14,8,27,臺中市,西區,0,1,0,8,1,5,50,3,1,1,5,4,5,7,4,4,10,5,5,2,16,6,2,9,1,1,C03,7,5,1,10,1,12,,6,6,1,20,8,C03,120.664161,24.137284,2
2022,10,14,8,41,臺中市,太平區,0,0,0,8,,,50,,,,,,,,,,,,,,,23,,,,,B03,,,1,,2,,,23,23,1,21,,B03,120.737773,24.131334,3
2022,10,14,8,45,臺中市,南區,0,1,0,8,1,5,50,4,1,1,5,4,5,7,1,1,10,5,5,2,16,6,3,10,1,1,B03,7,5,1,8,2,5,,6,6,1,22,8,B03,120.67196,24.122377,2
2022,10,14,8,45,臺中市,南區,0,0,0,8,1,5,50,4,1,1,5,4,5,7,1,1,10,5,5,2,29,15,3,10,1,1,B03,7,5,1,8,11,1,,15,15,1,22,8,B03,120.654698,24.110966,3
2022,10,14,8,47,臺中市,沙鹿區,0,1,0,8,1,5,50,14,12,1,5,4,5,7,4,4,10,4,4,1,16,6,3,10,1,1,B03,7,6,1,8,2,2,,6,6,1,21,8,B03,120.553711,24.214136,2
2022,10,14,8,55,臺中市,西屯區,0,3,0,8,1,5,40,14,8,1,5,4,5,7,4,4,5,5,4,2,13,16,2,9,1,1,C03,7,9,1,10,2,11,,16,16,1,21,1,C03,120.648278,24.15892,2
2022,10,14,9,1,臺中市,北屯區,0,0,0,8,,,50,,,,,,,,,,,,,,,26,,,,,A11,,,1,,2,,,26,,1,22,,A11,120.742627,24.161051,3
2022,10,14,9,2,臺中市,南屯區,0,0,0,8,,,30,,,,,,,,,,,,,,,23,,,,,B03,,,1,8,2,,,23,23,1,12,,B03,120.589978,24.124278,3
2022,10,14,9,4,臺中市,沙鹿區,0,1,0,8,1,5,40,5,1,1,5,4,5,7,2,1,3,5,2,2,17,25,2,9,1,1,C03,7,9,1,10,2,11,,25,25,1,2,9,C03,120.560836,24.241137,2
2022,10,14,9,7,臺中市,東區,0,2,0,8,1,5,50,5,1,1,5,4,5,7,1,1,10,5,5,2,17,9,3,10,1,1,B12,7,6,1,7,2,2,,9,9,1,22,8,B12,120.706326,24.148564,2
2022,10,14,9,8,臺中市,大甲區,0,1,0,8,1,5,50,3,1,1,5,4,5,7,4,4,10,5,5,2,12,23,3,10,1,1,C03,7,9,1,10,2,12,,23,23,1,22,8,C03,120.627656,24.348813,2
2022,10,14,9,13,臺中市,南屯區,0,0,0,8,,,50,,,,,,,,,,,,,,,17,,,,,C03,,,1,10,9,,,17,17,1,11,,C03,120.606997,24.136237,3
2022,10,14,9,13,臺中市,大甲區,0,0,0,8,1,5,40,13,9,1,5,4,5,7,4,4,10,5,5,2,14,44,3,10,1,1,B03,7,14,1,8,2,6,,44,44,1,4,1,B03,120.624876,24.340211,3
2022,10,14,9,15,臺中市,太平區,0,0,0,8,,,50,,,,,,,,,,,,,,,17,,,,,B03,,,1,,2,,,17,17,1,21,,B03,120.717582,24.142326,3
2022,10,14,9,17,臺中市,南屯區,0,0,0,8,,,50,,,,,,,,,,,,,,,42,,,,,B03,,,1,,1,,,42,,1,22,,B03,120.638495,24.139731,3
2022,10,14,9,19,臺中市,西屯區,0,0,0,8,,,40,,,,,,,,,,,,,,,43,,,,,B11,,,1,,2,,,43,,1,22,,B11,120.637915,24.181023,3
2022,10,14,9,20,臺中市,南屯區,0,1,0,8,1,5,50,4,1,1,5,4,5,7,1,1,10,5,5,2,16,6,3,10,1,1,B03,7,5,1,8,2,8,,6,6,1,22,9,B03,120.620917,24.140294,2
2022,10,14,9,20,臺中市,沙鹿區,0,1,0,8,1,5,50,4,1,1,5,4,5,7,1,1,10,5,5,2,16,6,3,10,1,1,B03,7,5,1,8,2,1,,6,6,1,22,8,B03,120.569022,24.255901,2
2022,10,14,9,22,臺中市,南區,0,1,0,8,1,5,50,4,1,1,5,4,5,7,1,1,10,5,5,2,16,6,3,10,1,1,B03,7,6,1,8,2,5,,6,6,1,22,8,B03,120.668511,24.129407,2
2022,10,14,9,28,臺中市,南區,0,0,0,,,,50,,,,,,,,,,,,,,,23,,,,,B11,,,1,,2,,,23,,1,5,,B11,120.650061,24.115423,3
2022,10,14,9,39,臺中市,南屯區,0,0,0,8,,,50,,,,,,,,,,,,,,,7,,,,,B03,,,1,,1,,,7,,1,22,,B03,120.64652,24.134738,3
2022,10,14,9,50,臺中市,東區,0,0,0,8,,,40,,,,,,,,,,,,,,,6,,,,,B03,,,1,,2,,,6,,1,4,,B03,120.693248,24.13329,3
2022,10,14,9,52,臺中市,中區,0,0,0,,,,50,,,,,,,,,,,,,,,42,,,,,C03,,,1,,1,,,42,,1,5,,C03,120.676778,24.145419,3
2022,10,14,9,57,臺中市,西區,0,1,0,8,1,5,50,3,1,1,5,4,5,7,4,4,10,5,5,2,16,8,2,9,1,1,C03,7,5,1,10,1,14,,8,8,1,5,5,C03,120.674808,24.139569,2
2022,10,14,10,0,臺中市,沙鹿區,0,2,0,8,1,5,50,3,1,1,5,4,5,7,1,1,1,4,1,1,13,23,2,9,1,1,C03,7,9,1,10,2,11,,23,23,1,22,9,C03,120.600359,24.256508,2
2022,10,14,10,1,臺中市,南屯區,0,0,0,8,,,40,,,,,,,,,,,,,,,12,,,,,B02,,,1,,2,,,12,,1,22,,B02,120.644989,24.15113,3
2022,10,14,10,8,臺中市,豐原區,0,0,0,8,,,50,,,,,,,,,,,,,,,43,,,,,C03,,,1,,2,,,43,,1,22,,C03,120.706647,24.249811,4
2022,10,14,10,10,臺中市,西屯區,0,1,0,8,1,5,40,4,1,1,5,4,5,7,2,1,10,5,5,2,16,6,3,10,1,1,B03,7,6,1,8,2,2,,6,6,1,21,8,B03,120.60228,24.182591,2
2022,10,14,10,11,臺中市,南區,0,2,0,8,1,5,50,4,1,1,5,4,5,7,1,1,10,5,5,2,17,25,2,9,1,1,C03,7,10,2,18,2,11,,25,25,1,22,8,C03,120.677919,24.129395,2
2022,10,14,10,12,臺中市,沙鹿區,0,2,0,8,1,5,50,4,1,1,5,4,5,7,1,1,10,5,5,2,15,25,2,9,1,1,C03,7,9,1,10,2,15,,25,25,1,22,8,C03,120.562411,24.240247,2
2022,10,14,10,20,臺中市,太平區,0,1,0,8,1,5,50,3,1,1,5,4,5,7,4,4,10,5,5,2,16,6,3,10,1,1,B03,7,5,1,7,2,8,,6,6,1,21,8,B03,120.732787,24.116879,2
2022,10,14,10,22,臺中市,清水區,0,1,0,8,1,5,40,14,8,1,5,4,5,7,1,1,1,4,4,1,15,25,2,9,1,1,C03,7,9,1,10,2,12,,25,25,1,5,8,C03,120.562149,24.26279,2
2022,10,14,10,24,臺中市,豐原區,0,0,0,8,,,50,,,,,,,,,,,,,,,18,,,,,B03,,,1,,9,,,18,,1,22,,B03,120.705919,24.242248,3
2022,10,14,10,25,臺中市,西區,0,1,0,8,1,5,50,4,1,1,5,4,5,7,2,1,10,5,5,2,16,23,3,10,1,1,B03,7,6,1,8,2,2,,23,23,1,20,8,B03,120.657256,24.150888,2
2022,10,14,10,28,臺中市,太平區,0,1,0,8,1,5,50,4,2,1,5,4,5,7,3,1,10,5,5,2,18,23,2,9,1,1,C03,7,9,1,10,2,12,,23,23,1,5,8,C03,120.718282,24.130935,2
2022,10,14,10,31,臺中市,潭子區,0,1,0,8,1,5,50,5,1,1,5,4,5,7,1,1,10,5,5,2,16,26,3,10,1,1,C03,7,5,1,10,2,12,,26,26,1,22,8,C03,120.710201,24.208245,2
2022,10,14,10,33,臺中市,太平區,0,1,0,8,1,5,50,14,9,1,5,4,5,7,4,4,9,5,5,2,18,23,2,9,1,1,C03,7,9,1,10,2,14,,23,23,1,21,8,C03,120.703423,24.156593,2
2022,10,14,10,33,臺中市,沙鹿區,0,1,0,8,1,5,40,14,8,1,5,4,5,7,4,4,3,3,4,1,17,16,3,10,3,4,B12,7,9,1,8,2,1,,16,16,1,22,8,B12,120.580191,24.197252,2
2022,10,14,10,40,臺中市,大雅區,0,0,0,8,,,50,,,,,,,,,,,,,,,23,,,,,B12,,,1,,2,,,23,,1,22,,B12,120.650736,24.209452,3
2022,10,14,10,41,臺中市,北屯區,0,0,0,8,,,50,,,,,,,,,,,,,,,23,,,,,B03,,,1,,1,,,23,,1,22,,B03,120.679356,24.172862,3
2022,10,14,10,45,臺中市,烏日區,0,1,0,8,1,5,50,3,1,1,5,4,5,3,4,4,1,4,5,1,16,17,3,10,1,1,B12,7,8,1,8,2,6,,17,17,1,21,8,B12,120.649343,24.094629,2
2022,10,14,10,48,臺中市,龍井區,0,0,0,8,,,50,,,,,,,,,,,,,,,26,,,,,B03,,,1,,11,,,26,,1,21,,B03,120.587123,24.185488,3
2022,10,14,10,52,臺中市,西區,0,0,0,8,,,50,,,,,,,,,,,,,,,42,,,,,B03,,,1,,2,,,42,42,1,23,,B03,120.672327,24.138241,3
2022,10,14,10,55,臺中市,大甲區,0,1,0,8,1,5,50,14,9,1,5,4,5,7,4,4,5,5,4,1,17,4,3,10,1,1,C03,7,11,1,10,2,11,,4,4,1,22,8,C03,120.621449,24.349213,2
2022,10,14,10,59,臺中市,西屯區,0,0,0,8,,,50,,,,,,,,,,,,,,,16,,,,,C03,,,1,,2,,,16,,1,22,,C03,120.647821,24.158956,3
2022,10,14,11,3,臺中市,西區,0,3,0,8,1,5,50,14,8,1,5,4,5,7,4,4,1,5,1,2,13,23,2,9,1,1,C03,7,9,1,10,2,11,,23,23,1,5,5,C03,120.668752,24.152211,2
2022,10,14,11,10,臺中市,東區,0,0,0,8,,,50,,,,,,,,,,,,,,,23,,,,,C03,,,1,,2,,,23,23,1,22,,C03,120.698031,24.147951,3
2022,10,14,11,15,臺中市,南區,0,0,0,8,,,50,,,,,,,,,,,,,,,23,,,,,B03,,,1,,2,,,23,,1,22,,B03,120.650118,24.120638,3