年,月,日,時,分,縣市,區,死,受傷,2-30,天候,光線,道路類別,速限,道路型態,事故位置,路面鋪裝,路面狀態,路面缺陷,障礙物,視距,號誌種類,號誌動作,分向設施,快車道或一般車道間,快慢車道間,路面邊線,事故類型及型態,主要肇因,受傷程度,主要傷處,保護裝備,行動電話,當事者區分,車輛用途,當事者行動狀態,駕駛資格情形,駕駛執照種類,飲酒情形,車輛撞擊部位最初,車輛撞擊部位其他,肇事因素個別,肇事因素主要,肇事逃逸,職業,旅次目的,車種,GPS緯度,GPS經度,事故類別
2022,10,14,19,17,臺中市,東區,0,0,0,8,,,50,,,,,,,,,,,,,,,26,,,,,B12,,,1,,2,,,26,,1,22,,B12,120.690066,24.132188,3
2022,10,14,19,19,臺中市,后里區,0,1,0,7,3,5,50,4,1,1,5,4,5,7,1,1,10,5,5,2,12,6,3,10,1,1,B03,7,6,1,8,2,2,,6,6,1,21,1,B03,120.718414,24.314659,2
2022,10,14,19,24,臺中市,南區,0,2,0,7,3,5,50,4,1,1,5,4,5,7,1,1,10,5,5,2,17,42,2,9,1,1,C03,7,15,1,10,2,12,,42,42,1,22,9,C03,120.664375,24.120736,2
2022,10,14,19,30,臺中市,南區,0,0,0,8,3,6,50,14,9,1,5,4,5,7,4,4,9,4,5,2,12,23,3,10,1,1,B03,7,9,1,8,2,5,,23,23,1,22,8,B03,120.670924,24.130466,3
2022,10,14,19,42,臺中市,西屯區,0,1,0,8,3,5,50,4,1,1,5,4,5,7,1,1,10,5,5,2,13,16,3,10,3,4,A02,7,9,1,6,2,5,,16,16,1,20,8,A02,120.636943,24.171166,2
2022,10,14,19,43,臺中市,豐原區,0,0,0,8,,,50,,,,,,,,,,,,,,,42,,,,,B03,,,1,,2,,,42,,1,22,,B03,120.698386,24.245153,3
2022,10,14,19,47,臺中市,大甲區,0,0,0,8,,,50,,,,,,,,,,,,,,,19,,,,,B03,,,1,,2,,,19,,1,21,,B03,120.62084,24.34796,3
2022,10,14,19,50,臺中市,沙鹿區,0,0,0,8,,,50,,,,,,,,,,,,,,,12,,,,,B03,,,1,,2,,,12,,1,21,,B03,120.578285,24.222101,3
2022,10,14,19,57,臺中市,南區,0,0,0,8,,,50,,,,,,,,,,,,,,,18,,,,,B03,,,1,,2,,,18,,1,22,,B03,120.65229,24.107965,3
2022,10,14,20,0,臺中市,清水區,0,1,0,8,1,5,50,4,1,1,5,4,5,7,1,1,1,4,4,2,15,25,3,10,1,1,B03,7,9,1,8,2,1,,25,25,1,22,8,B03,120.552165,24.296505,2
2022,10,14,20,8,臺中市,南屯區,0,0,0,8,,,50,,,,,,,,,,,,,,,7,,,,,B02,,,1,,1,,,7,,1,22,,B02,120.650298,24.139885,3
2022,10,14,20,14,臺中市,北區,0,0,0,8,,,50,,,,,,,,,,,,,,,16,,,,,B12,,,1,,2,,,16,,1,22,,B12,120.685835,24.165366,3
2022,10,14,20,27,臺中市,西屯區,0,0,0,8,,,50,,,,,,,,,,,,,,,19,,,,,B03,,,1,,1,,,19,,1,1,,B03,120.640097,24.182394,3
2022,10,14,20,30,臺中市,南屯區,0,0,0,8,,,50,,,,,,,,,,,,,,,42,,,,,B03,,,1,,1,,,42,,1,5,,B03,120.646746,24.138161,3
2022,10,14,20,33,臺中市,大甲區,0,0,0,,,,40,,,,,,,,,,,,,,,16,,,,,B03,,,1,,1,,,16,,1,22,,B03,120.623899,24.345373,3
2022,10,14,20,34,臺中市,北區,0,1,0,8,3,5,50,3,2,1,5,4,5,7,2,1,3,2,3,1,17,23,3,10,3,4,C03,7,8,3,18,2,15,,7,23,1,22,9,C03,120.686281,24.144579,2
2022,10,14,20,48,臺中市,中區,0,0,0,8,,,50,,,,,,,,,,,,,,,44,,,,,B03,,,1,,1,,,44,,1,21,,B03,120.682682,24.140578,3
2022,10,14,20,51,臺中市,沙鹿區,0,1,0,8,1,5,50,4,1,1,5,4,5,7,1,1,10,5,5,2,13,23,3,10,1,1,C03,7,9,1,10,2,11,,23,23,1,21,8,C03,120.574295,24.229982,2
2022,10,14,20,56,臺中市,北屯區,0,0,0,8,,,40,,,,,,,,,,,,,,,23,,,,,B03,,,1,,1,,,23,,1,21,,B03,120.68258,24.187005,3
2022,10,14,21,0,臺中市,西屯區,0,0,0,8,,,50,,,,,,,,,,,,,,,12,,,,,B03,,,1,,2,,,12,,1,22,,B03,120.661013,24.164652,3
2022,10,14,21,8,臺中市,南區,0,1,0,7,3,5,50,4,1,1,5,4,5,7,1,1,10,5,5,2,13,23,2,9,1,1,C03,7,9,6,10,2,11,,23,23,1,22,9,C03,120.679211,24.12419,2
2022,10,14,21,10,臺中市,南區,0,1,0,8,3,5,50,4,1,1,5,4,5,7,1,1,10,5,5,2,12,7,3,10,1,1,B03,7,8,1,8,2,2,,7,7,1,22,8,B03,120.675528,24.131328,2
2022,10,14,21,17,臺中市,北屯區,0,1,0,8,3,5,50,4,1,1,5,4,5,7,1,1,10,5,5,2,13,16,2,9,3,4,C03,7,9,1,10,2,11,,16,16,1,21,8,C03,120.678425,24.184073,2
2022,10,14,21,30,臺中市,沙鹿區,0,0,0,8,,,50,,,,,,,,,,,,,,,12,,,,,B03,,,1,,2,,,12,,1,5,,B03,120.563786,24.237323,3
2022,10,14,21,45,臺中市,北區,0,0,0,8,,,50,,,,,,,,,,,,,,,23,,,,,B03,,,1,,1,,,23,,1,22,,B03,120.67817,24.151537,3
2022,10,14,21,54,臺中市,北屯區,0,0,0,8,,,50,,,,,,,,,,,,,,,25,,,,,B12,,,1,,2,,,25,,1,22,,B12,120.68665,24.198188,3
2022,10,14,21,56,臺中市,西屯區,0,1,0,8,3,5,50,4,1,1,5,4,5,7,1,1,10,5,5,2,16,8,2,7,3,4,C03,7,5,1,10,2,14,,8,8,1,22,8,C03,120.64396,24.191681,2
2022,10,14,22,10,臺中市,北區,0,0,0,8,,,50,,,,,,,,,,,,,,,6,,,,,B03,,,1,,2,,,6,,1,22,,B03,120.700613,24.153965,3
2022,10,14,22,14,臺中市,西屯區,0,1,0,8,3,5,40,3,1,1,5,4,5,7,1,1,10,5,5,2,12,43,3,10,1,1,B03,7,14,1,8,2,5,6,43,43,1,22,8,B03,120.61542,24.183234,2
2022,10,14,22,25,臺中市,北區,0,1,0,8,3,5,50,4,1,1,5,4,5,7,1,1,5,4,5,2,16,26,3,10,1,1,B03,7,5,1,8,2,2,,26,26,1,5,5,B03,120.678256,24.167013,2
2022,10,14,22,26,臺中市,梧棲區,0,0,0,8,,,60,,,,,,,,,,,,,,,25,,,,,B03,,,1,,2,,,25,,1,22,,B03,120.536398,24.2499,3
2022,10,14,22,39,臺中市,梧棲區,0,0,0,8,,,90,,,,,,,,,,,,,,,23,,,,,B03,,,1,,2,,,23,,1,22,,B03,120.526311,24.226221,3
2022,10,14,22,44,臺中市,北屯區,0,1,0,8,3,5,50,4,1,1,5,4,5,7,2,1,3,4,5,2,16,6,3,10,1,1,B12,7,6,1,8,2,6,,6,6,1,21,8,B12,120.669686,24.176978,2
2022,10,14,22,48,臺中市,豐原區,0,0,0,8,,,50,,,,,,,,,,,,,,,16,,,,,B03,,,3,,2,,,16,,1,21,,B03,120.718985,24.252089,3
2022,10,14,23,8,臺中市,北區,0,0,0,8,,,50,,,,,,,,,,,,,,,23,,,,,B12,,,1,,2,,,23,23,1,21,,B12,120.688113,24.151003,3
2022,10,14,23,23,臺中市,西區,0,2,0,8,3,5,50,4,1,1,5,4,5,7,1,1,10,5,5,2,13,16,2,9,3,4,C03,7,9,1,10,2,11,,16,16,1,21,8,C03,120.673597,24.149171,2
2022,10,14,23,25,臺中市,西屯區,0,1,0,8,3,5,50,14,9,1,5,4,5,7,4,4,9,4,5,2,16,10,3,10,3,4,B01,7,11,1,4,2,8,,10,10,1,22,8,B01,120.63496,24.17361,2
2022,10,14,23,35,臺中市,西屯區,0,2,0,8,3,5,40,4,1,1,5,4,5,7,1,1,10,5,5,2,16,25,3,10,1,1,B03,7,6,1,8,2,2,,25,25,1,4,8,B03,120.635302,24.182023,2
2022,10,14,23,47,臺中市,西屯區,0,2,0,8,3,5,50,11,9,1,5,4,5,7,4,4,1,4,5,2,18,43,2,9,3,4,C02,7,9,4,10,2,14,,43,43,1,22,8,C02,120.646728,24.158558,2
2022,10,15,0,3,臺中市,北區,0,2,0,8,1,5,50,14,9,1,5,4,5,7,4,4,5,4,5,2,13,23,2,3,1,1,C03,7,9,1,10,2,11,,23,23,1,5,5,C03,120.680952,24.162747,2
2022,10,15,0,13,臺中市,太平區,0,1,0,8,3,5,50,14,9,1,5,4,5,7,4,4,5,4,5,1,17,17,2,9,1,1,C03,7,9,1,10,2,12,,17,17,1,18,8,C03,120.711471,24.153128,2
2022,10,15,0,23,臺中市,西屯區,0,0,0,8,,,50,,,,,,,,,,,,,,,23,,,,,B03,,,1,,2,,,23,,1,4,,B03,120.618167,24.181696,3
2022,10,15,0,42,臺中市,南屯區,0,0,0,8,,,50,,,,,,,,,,,,,,,50,,,,,B03,,,1,,11,,,50,,1,5,,B03,120.650926,24.147804,3
2022,10,15,0,51,臺中市,東區,0,1,0,8,3,5,50,4,1,1,5,4,5,7,1,1,5,5,4,2,15,25,2,9,1,1,B03,7,9,1,9,2,6,,25,25,1,21,8,B03,120.706344,24.136717,2
2022,10,15,1,4,臺中市,太平區,0,0,0,8,,,50,,,,,,,,,,,,,,,6,,,,,B03,,,1,,2,,,6,,1,21,,B03,120.716241,24.118816,3
2022,10,15,1,51,臺中市,大里區,0,0,0,8,,,50,,,,,,,,,,,,,,,6,,,,,B03,,,1,,2,,,6,,1,22,,B03,120.689611,24.097288,3
2022,10,15,2,11,臺中市,太平區,0,1,0,8,3,5,50,4,9,1,5,4,5,7,4,4,5,4,5,1,27,42,2,9,1,1,C03,7,9,1,10,2,11,,42,42,1,18,8,C03,120.723847,24.105749,2
2022,10,15,3,34,臺中市,北屯區,0,1,0,8,3,5,50,4,1,1,5,4,5,7,3,1,10,5,5,2,13,16,2,9,1,1,C03,7,9,1,10,2,11,,16,16,1,22,8,C03,120.672531,24.178033,2
2022,10,15,7,24,臺中市,神岡區,0,0,0,8,,,50,,,,,,,,,,,,,,,12,,,,,A05,,,1,,2,,,12,,1,10,,A05,120.65808,24.259006,3
2022,10,15,7,45,臺中市,豐原區,0,1,0,8,1,5,50,11,9,1,5,4,5,7,4,4,8,3,5,1,12,10,3,10,1,1,B03,7,11,1,8,2,1,,10,10,1,22,5,B03,120.723096,24.235675,2
2022,10,15,7,47,臺中市,沙鹿區,0,2,0,8,1,5,50,3,1,1,5,4,5,7,4,4,10,5,5,2,17,6,2,9,1,1,C03,7,5,1,10,2,14,,6,6,1,4,1,C03,120.605223,24.244511,2
2022,10,15,8,0,臺中市,東區,0,1,0,8,1,5,50,14,9,1,5,4,5,7,4,4,5,4,5,2,17,19,3,10,1,1,B03,7,1,1,8,2,8,1,19,19,1,21,8,B03,120.709538,24.14052,2
2022,10,15,8,10,臺中市,太平區,0,0,0,8,,,30,,,,,,,,,,,,,,,23,,,,,B03,,,1,,2,,,23,,1,5,,B03,120.719841,24.12786,3
2022,10,15,8,30,臺中市,南區,0,0,0,8,,,50,,,,,,,,,,,,,,,23,,,,,C03,,,1,,2,,,23,,1,22,,C03,120.672828,24.130051,3
2022,10,15,8,32,臺中市,后里區,0,2,0,8,1,5,30,3,1,1,5,4,5,6,4,4,10,5,5,2,16,4,2,9,1,1,C03,7,9,1,10,2,11,,4,26,1,19,5,C03,120.720373,24.307586,2
2022,10,15,8,45,臺中市,大雅區,0,1,0,8,1,5,50,4,1,1,5,4,5,7,1,1,10,5,5,2,17,16,2,8,1,1,C03,7,9,1,10,2,11,,16,16,1,22,8,C03,120.640832,24.230677,2
2022,10,15,8,49,臺中市,北屯區,0,2,0,8,1,5,50,5,1,1,5,4,5,7,1,1,10,5,5,2,16,26,2,9,1,1,C03,7,15,1,10,2,11,,26,26,1,21,8,C03,120.697684,24.170527,2
2022,10,15,8,50,臺中市,西屯區,0,1,0,8,1,5,30,14,9,1,5,4,5,7,4,4,10,5,5,2,13,23,2,9,1,1,C03,7,9,1,10,2,11,,23,23,1,22,8,C03,120.593811,24.196341,2
2022,10,15,8,53,臺中市,西屯區,0,0,0,8,,,50,,,,,,,,,,,,,,,7,,,,,B03,,,1,,1,,,7,,1,21,,B03,120.624943,24.179613,3
2022,10,15,8,55,臺中市,北區,0,2,0,8,1,5,30,14,9,1,5,4,5,7,4,4,3,4,5,1,16,7,2,9,1,1,C03,7,10,1,10,2,14,,7,7,1,22,9,C03,120.668708,24.155886,2
2022,10,15,9,1,臺中市,大雅區,0,0,0,8,1,5,50,4,2,1,5,4,5,7,1,1,1,3,4,1,12,7,,,,,B03,,,1,,2,,,7,,1,22,,B03,120.649223,24.216178,3
2022,10,15,9,4,臺中市,中區,0,1,0,8,1,5,50,4,1,1,5,4,5,7,1,1,10,5,5,2,16,6,3,10,1,1,B03,7,6,1,8,2,2,,6,6,1,22,9,B03,120.678351,24.146754,2
2022,10,15,9,5,臺中市,南屯區,0,2,0,8,1,5,50,14,7,1,5,4,5,7,4,4,9,4,4,2,16,23,2,9,3,4,C03,7,9,1,10,2,11,,23,23,1,12,8,C03,120.636775,24.145627,2
2022,10,15,9,9,臺中市,大雅區,0,1,0,8,1,5,50,4,1,1,5,4,5,7,1,1,10,5,5,1,16,23,3,10,1,1,B12,7,9,1,8,2,1,,23,23,1,22,9,B12,120.649573,24.224075,2
2022,10,15,9,14,臺中市,清水區,0,0,0,8,,,50,,,,,,,,,,,,,,,26,,,,,B12,,,1,,2,,,26,,1,21,,B12,120.57501,24.281057,3
2022,10,15,9,20,臺中市,神岡區,0,1,0,8,1,7,10,14,9,1,5,4,5,7,4,4,5,5,4,2,12,42,3,10,1,1,F01,7,4,8,20,2,16,,42,42,1,21,8,F01,120.654222,24.257446,2
2022,10,15,9,24,臺中市,沙鹿區,0,1,0,8,1,5,50,14,7,1,5,4,5,7,4,4,1,3,4,2,17,23,2,9,3,4,C03,7,9,1,10,2,15,,23,23,1,22,9,C03,120.553503,24.217611,2
2022,10,15,9,30,臺中市,西區,0,0,0,8,,,50,,,,,,,,,,,,,,,10,,,,,B03,,,1,,2,,,10,10,1,5,,B03,120.653241,24.151432,3
2022,10,15,9,30,臺中市,清水區,0,1,0,8,1,5,50,4,1,1,5,4,5,7,1,1,10,5,5,2,16,6,3,10,1,1,B12,7,5,1,6,2,1,,6,6,1,21,8,B12,120.576443,24.271521,2
2022,10,15,9,34,臺中市,大雅區,0,1,0,8,1,5,50,14,9,1,5,4,5,7,4,4,9,5,5,2,17,12,3,10,1,1,C03,7,2,1,10,2,13,,12,12,1,22,9,C03,120.630354,24.225185,2
2022,10,15,9,37,臺中市,西區,0,3,0,8,1,5,50,4,1,1,5,4,5,7,4,4,10,5,5,2,15,6,2,9,1,1,C03,7,9,1,10,2,11,,6,6,1,5,5,C03,120.665668,24.129421,2
2022,10,15,9,37,臺中市,南區,0,1,0,8,1,5,50,14,9,1,5,4,5,7,4,4,9,5,5,2,12,1,3,10,1,1,C03,7,4,1,10,2,12,,1,1,1,5,8,C03,120.658284,24.116422,2
2022,10,15,9,40,臺中市,北區,0,0,0,,,,50,,,,,,,,,,,,,,,16,,,,,B03,,,1,,11,,,16,,1,22,,B03,120.677441,24.152581,3
2022,10,15,9,43,臺中市,太平區,0,0,0,8,,,50,,,,,,,,,,,,,,,23,,,,,B03,,,1,,2,,,23,,1,5,,B03,120.714521,24.126504,3
2022,10,15,9,55,臺中市,北區,0,0,0,8,,,50,,,,,,,,,,,,,,,23,,,,,B03,,,1,,1,,,23,,1,22,,B03,120.680075,24.155637,3
2022,10,15,9,57,臺中市,神岡區,0,0,0,8,,,30,,,,,,,,,,,,,,,6,,,,,B03,,,1,,1,,,6,,1,22,,B03,120.649474,24.258044,3
2022,10,15,9,59,臺中市,南屯區,0,0,0,8,,,50,,,,,,,,,,,,,,,23,,,,,B03,,,1,,1,,,23,,1,22,,B03,120.647331,24.124287,3
2022,10,15,10,1,臺中市,潭子區,0,0,0,8,,,60,,,,,,,,,,,,,,,23,,,,,B03,,,1,,2,,,23,23,1,22,,B03,120.68975,24.222876,3
2022,10,15,10,2,臺中市,北屯區,0,1,0,8,1,5,50,4,1,1,5,4,5,7,1,1,1,4,5,2,12,6,3,10,1,1,B03,7,6,1,8,2,2,,6,6,1,22,8,B03,120.669954,24.176559,2
2022,10,15,10,9,臺中市,大安區,0,2,0,8,1,5,60,14,9,1,5,4,5,7,4,4,5,4,4,1,13,7,2,9,1,1,C03,7,7,1,10,2,13,,7,7,1,22,8,C03,120.602732,24.363001,2
2022,10,15,10,14,臺中市,清水區,0,0,0,8,,,50,,,,,,,,,,,,,,,23,,,,,B12,,,1,,2,,,23,,1,21,,B12,120.577786,24.271173,3
2022,10,15,10,15,臺中市,大雅區,0,1,0,8,1,5,50,4,1,1,5,4,5,7,3,1,4,5,5,1,15,6,3,10,1,1,B03,7,1,1,8,2,1,,6,6,1,22,9,B03,120.664329,24.234588,2
2022,10,15,10,16,臺中市,大甲區,0,1,0,8,1,5,50,4,1,1,5,4,5,7,1,1,10,5,5,1,17,10,3,10,1,1,B03,7,11,1,8,2,8,,10,10,1,22,1,B03,120.621558,24.34778,2
2022,10,15,10,20,臺中市,南屯區,0,0,0,8,,,40,,,,,,,,,,,,,,,23,,,,,B11,,,1,,1,,,23,,1,10,,B11,120.586577,24.141646,3
2022,10,15,10,27,臺中市,東區,0,0,0,,,,50,,,,,,,,,,,,,,,16,,,,,B12,,,1,,2,,,16,,1,5,,B12,120.68587,24.135602,3
2022,10,15,10,30,臺中市,南屯區,0,1,0,8,1,5,50,3,1,1,5,4,5,7,4,4,10,5,5,2,16,6,3,10,3,4,B03,7,5,1,8,2,2,,6,6,1,12,8,B03,120.646807,24.149946,2
2022,10,15,10,55,臺中市,龍井區,0,1,0,8,1,5,50,3,1,1,5,4,5,7,4,4,10,5,5,2,13,16,2,8,1,1,C03,7,9,1,10,2,11,,16,16,1,22,8,C03,120.585192,24.181909,2
2022,10,15,10,56,臺中市,龍井區,0,2,0,7,1,5,30,4,1,1,5,4,5,7,4,4,10,5,5,2,15,6,2,9,1,1,C03,7,9,1,10,2,11,,6,6,1,20,8,C03,120.527888,24.18559,2
2022,10,15,10,58,臺中市,北區,0,0,0,8,,,50,,,,,,,,,,,,,,,6,,,,,C03,,,1,,1,,,6,,1,5,,C03,120.685689,24.148235,3
2022,10,15,11,0,臺中市,北屯區,0,0,0,8,,,50,,,,,,,,,,,,,,,23,,,,,B03,,,1,,2,,,23,,1,21,,B03,120.669346,24.189187,3
2022,10,15,11,1,臺中市,龍井區,0,1,0,8,1,5,50,4,1,1,5,4,5,7,4,4,10,5,5,2,9,23,3,10,1,1,B03,7,5,1,8,2,8,,23,23,1,5,8,B03,120.560308,24.201655,2
2022,10,15,11,5,臺中市,霧峰區,0,1,0,8,1,5,60,4,1,1,5,4,5,7,1,1,10,5,5,2,16,6,3,10,3,4,B01,7,5,1,4,2,2,,6,6,1,22,8,B01,120.692085,24.041181,2
2022,10,15,11,7,臺中市,北區,0,1,0,8,1,5,50,14,9,1,5,4,5,7,4,4,5,5,5,2,12,23,3,10,1,1,B03,7,9,1,8,2,2,,23,23,1,22,8,B03,120.675799,24.160599,2
2022,10,15,11,10,臺中市,中區,0,1,0,8,1,5,50,4,2,1,5,4,5,7,1,1,5,4,5,2,12,42,2,8,1,1,C03,7,15,6,18,2,11,,42,42,1,9,8,C03,120.678612,24.143256,2
2022,10,15,11,15,臺中市,沙鹿區,0,0,0,8,,,50,,,,,,,,,,,,,,,23,,,,,C03,,,3,,2,,,23,,1,19,,C03,120.572103,24.206612,3
2022,10,15,11,17,臺中市,北屯區,0,0,0,8,,,50,,,,,,,,,,,,,,,12,,,,,B03,,,1,,1,,,12,,1,20,,B03,120.697793,24.185933,3
2022,10,15,11,31,臺中市,沙鹿區,0,1,0,8,1,5,40,14,8,1,5,4,5,7,4,4,1,4,4,2,18,43,2,9,2,1,F01,7,9,8,20,1,16,,43,43,1,16,8,F01,120.565651,24.249481,2
2022,10,15,11,34,臺中市,西區,0,1,0,8,1,5,50,3,1,1,5,4,5,7,4,4,10,5,5,2,17,23,2,9,1,1,C03,7,9,1,10,2,12,,23,23,1,21,8,C03,120.671463,24.151642,2
2022,10,15,11,34,臺中市,東區,0,0,0,8,,,50,,,,,,,,,,,,,,,26,,,,,B03,,,1,,9,,,26,,1,22,,B03,120.687868,24.136529,3
2022,10,15,11,36,臺中市,西屯區,0,1,0,8,1,5,30,3,1,1,5,4,5,7,4,4,10,5,5,2,16,8,3,10,1,1,C03,7,5,1,10,2,11,,8,6,1,22,8,C03,120.656885,24.16574,2
2022,10,15,11,37,臺中市,南區,0,1,0,8,1,5,50,4,4,1,5,4,5,7,1,1,5,5,5,2,17,19,2,9,1,1,C03,7,1,1,10,2,13,,19,19,1,5,8,C03,120.683854,24.12209,2
2022,10,15,11,39,臺中市,北屯區,0,0,0,8,,,50,,,,,,,,,,,,,,,23,,,,,B03,,,1,,1,,,23,,1,22,,B03,120.717081,24.182135,3
2022,10,15,11,45,臺中市,北區,0,0,0,8,,,50,,,,,,,,,,,,,,,17,,,,,B03,,,1,,2,,,44,17,1,21,,B03,120.677303,24.151254,3
2022,10,15,11,45,臺中市,沙鹿區,0,0,0,8,,,50,,,,,,,,,,,,,,,18,,,,,B12,,,1,,2,,,18,,1,4,,B12,120.560726,24.237496,3
2022,10,15,11,53,臺中市,西屯區,0,0,0,8,,,,,,,,,,,,,,,,,,62,,,,,,,,,,,,,62,,1,,,,120.642498,24.18228,3
2022,10,15,11,54,臺中市,梧棲區,0,1,0,8,1,5,50,4,2,1,5,4,5,6,4,4,10,5,5,2,16,6,2,9,1,1,C03,7,5,1,10,2,11,,6,6,1,9,8,C03,120.538117,24.247329,2
2022,10,15,12,0,臺中市,大甲區,0,0,0,,,,50,,,,,,,,,,,,,,,23,,,,,B03,,,1,,2,,,23,,1,22,,B03,120.65797,24.396221,3
2022,10,15,12,2,臺中市,西屯區,0,0,0,8,,,50,,,,,,,,,,,,,,,23,,,,,B03,,,1,,1,,,23,,1,21,,B03,120.65289,24.167205,3
2022,10,15,12,4,臺中市,北屯區,0,0,0,8,,,50,,,,,,,,,,,,,,,19,,,,,B03,,,1,,1,,,19,19,1,22,,B03,120.672248,24.196595,3
2022,10,15,12,7,臺中市,南區,0,3,0,8,1,5,50,14,7,1,5,4,5,7,4,4,5,5,4,2,16,19,2,9,1,1,C03,7,1,1,10,2,14,,19,19,1,5,8,C03,120.649842,24.112329,2
2022,10,15,12,7,臺中市,豐原區,0,0,0,8,,,50,,,,,,,,,,,,,,,16,,,,,B03,,,1,,2,,,16,16,1,22,,B03,120.720103,24.264309,3
2022,10,15,12,11,臺中市,南區,0,1,0,8,1,5,50,4,1,1,5,4,5,7,2,1,10,5,5,2,17,42,2,9,1,1,C03,7,15,1,10,2,11,14,42,42,1,19,8,C03,120.655457,24.115199,2
2022,10,15,12,11,臺中市,西屯區,0,0,0,8,,,30,,,,,,,,,,,,,,,44,,,,,B03,,,1,,10,,,44,,1,22,,B03,120.639757,24.180299,3
2022,10,15,12,15,臺中市,北屯區,0,0,0,8,,,50,,,,,,,,,,,,,,,7,,,,,B11,,,1,,2,,,7,,1,22,,B11,120.721811,24.181854,3
2022,10,15,12,17,臺中市,大甲區,0,1,0,7,1,5,50,3,1,1,4,4,5,7,4,4,5,5,5,1,15,23,2,9,1,1,C03,7,9,1,10,2,11,,23,23,1,22,9,C03,120.616053,24.350052,2
2022,10,15,12,21,臺中市,東區,0,0,0,8,,,50,,,,,,,,,,,,,,,16,,,,,B12,,,1,,2,,,16,,1,22,,B12,120.700251,24.127837,3
2022,10,15,12,25,臺中市,西區,0,0,0,,,,50,,,,,,,,,,,,,,,12,,,,,B03,,,1,,1,,,12,,1,5,,B03,120.663258,24.131146,3
2022,10,15,12,25,臺中市,西屯區,0,2,0,8,1,5,30,14,9,1,5,4,5,7,4,4,10,5,5,2,3,51,2,9,4,5,H01,8,18,8,20,10,16,,51,51,1,22,8,H01,120.664874,24.165781,2
2022,10,15,12,26,臺中市,西區,0,1,0,8,1,5,50,4,1,1,5,4,5,7,4,4,10,5,5,2,16,38,2,9,1,1,C03,7,14,1,10,2,12,,38,38,1,22,9,C03,120.65878,24.147868,2
2022,10,15,12,29,臺中市,南屯區,0,0,0,8,,,50,,,,,,,,,,,,,,,12,,,,,B03,,,1,,2,,,12,,1,5,,B03,120.612585,24.152943,3
2022,10,15,12,33,臺中市,北區,0,0,0,8,,,30,,,,,,,,,,,,,,,43,,,,,C03,,,1,,11,,,43,,1,22,,C03,120.684767,24.161209,3
2022,10,15,12,34,臺中市,太平區,0,0,0,8,,,30,,,,,,,,,,,,,,,40,,,,,B03,,,1,,2,,,40,,1,5,,B03,120.70596,24.122233,3
2022,10,15,12,38,臺中市,西區,0,1,0,8,1,5,50,5,1,1,5,4,5,7,4,4,10,5,5,2,15,6,2,9,1,1,C03,7,9,1,10,2,11,,6,6,1,5,5,C03,120.666352,24.130396,2
2022,10,15,12,39,臺中市,北區,0,0,0,8,,,50,,,,,,,,,,,,,,,23,,,,,B03,,,1,,2,,,23,,1,21,,B03,120.684111,24.157028,3
2022,10,15,12,39,臺中市,清水區,0,2,0,8,1,5,40,3,1,1,5,4,5,7,4,4,10,5,5,2,16,23,2,9,1,1,C03,7,9,1,10,2,11,,23,23,1,21,8,C03,120.54582,24.278064,2
2022,10,15,12,45,臺中市,北區,0,0,0,8,,,50,,,,,,,,,,,,,,,23,,,,,C03,,,1,,1,,,23,,1,10,,C03,120.68616,24.146227,3
2022,10,15,12,51,臺中市,西屯區,0,1,0,8,1,5,50,14,9,1,5,4,5,7,4,4,5,5,5,2,16,26,3,10,1,1,B03,7,5,1,8,2,8,,26,26,1,22,8,B03,120.652829,24.160256,2
2022,10,15,13,11,臺中市,北區,0,0,0,8,,,50,,,,,,,,,,,,,,,23,,,,,B03,,,1,,2,,,44,23,1,22,,B03,120.685241,24.156655,3
2022,10,15,13,35,臺中市,潭子區,0,0,0,8,,,50,,,,,,,,,,,,,,,23,,,,,B03,,,1,,2,,,23,,1,22,,B03,120.703795,24.227291,3
2022,10,15,13,35,臺中市,南區,0,1,0,7,1,5,50,14,8,1,5,4,5,7,4,4,1,4,4,2,12,42,3,10,1,1,B03,7,8,1,8,2,6,,42,42,1,5,8,B03,120.663567,24.124126,2
2022,10,15,13,45,臺中市,太平區,0,0,0,8,,,30,,,,,,,,,,,,,,,12,,,,,B02,,,1,,1,,,12,,1,21,,B02,120.715258,24.144689,3
2022,10,15,13,47,臺中市,西屯區,0,2,0,8,1,5,50,4,1,1,5,4,5,7,2,1,10,5,5,2,12,6,3,10,3,4,B03,7,6,1,8,4,5,,6,6,1,21,8,B03,120.646358,24.164745,2
2022,10,15,13,47,臺中市,西屯區,0,0,0,6,1,5,40,14,8,1,5,4,5,7,1,1,5,4,4,2,13,23,3,10,1,1,C03,7,9,1,10,1,11,13,23,23,1,22,8,C03,120.642926,24.187236,3