年,月,日,時,分,縣市,區,死,受傷,2-30,天候,光線,道路類別,速限,道路型態,事故位置,路面鋪裝,路面狀態,路面缺陷,障礙物,視距,號誌種類,號誌動作,分向設施,快車道或一般車道間,快慢車道間,路面邊線,事故類型及型態,主要肇因,受傷程度,主要傷處,保護裝備,行動電話,當事者區分,車輛用途,當事者行動狀態,駕駛資格情形,駕駛執照種類,飲酒情形,車輛撞擊部位最初,車輛撞擊部位其他,肇事因素個別,肇事因素主要,肇事逃逸,職業,旅次目的,車種,GPS緯度,GPS經度,事故類別
2022,10,15,13,50,臺中市,大里區,0,1,0,8,1,5,30,14,9,1,5,4,5,7,4,4,10,5,5,2,11,5,2,9,3,4,C03,7,9,1,10,6,14,,5,5,1,22,8,C03,120.71451,24.090803,2
2022,10,15,13,51,臺中市,北區,0,1,0,8,1,5,50,14,9,1,5,4,5,7,4,4,5,4,5,2,16,19,2,7,1,1,C03,7,1,1,10,2,11,,19,19,1,18,8,C03,120.684034,24.153148,2
2022,10,15,13,51,臺中市,西屯區,0,2,0,8,1,5,50,14,7,1,5,4,5,7,4,4,5,4,4,2,12,8,3,10,1,1,C03,7,5,1,10,2,14,,8,8,1,22,8,C03,120.648141,24.16142,2
2022,10,15,14,3,臺中市,東區,0,0,0,,,,30,,,,,,,,,,,,,,,6,,,,,B03,,,1,,2,,,6,,1,21,,B03,120.705585,24.131213,3
2022,10,15,14,12,臺中市,東區,0,0,0,6,,,50,,,,,,,,,,,,,,,42,,,,,B03,,,1,,2,,,42,,1,22,,B03,120.710375,24.144499,3
2022,10,15,14,15,臺中市,龍井區,0,2,0,7,1,5,40,14,8,1,2,4,4,7,4,4,3,4,3,2,17,50,3,10,3,4,A12,7,14,1,7,2,15,,50,50,1,10,8,A12,120.580884,24.176291,2
2022,10,15,14,18,臺中市,太平區,0,1,0,6,1,5,50,4,1,1,4,4,5,7,2,1,10,5,5,2,16,23,3,10,1,1,C03,7,6,1,10,1,12,,44,23,1,3,8,C03,120.721522,24.142632,2
2022,10,15,14,19,臺中市,中區,0,1,0,6,1,5,50,4,9,1,4,4,5,7,1,1,10,5,5,2,18,42,2,9,1,1,C03,7,9,1,10,2,14,,42,42,1,5,8,C03,120.678757,24.141681,2
2022,10,15,14,28,臺中市,龍井區,0,0,0,6,,,50,,,,,,,,,,,,,,,17,,,,,B03,,,1,,11,,,17,,1,21,,B03,120.590042,24.180984,3
2022,10,15,14,30,臺中市,龍井區,0,1,0,8,1,5,30,3,1,1,5,4,5,7,4,4,10,5,5,2,2,23,3,10,1,1,B03,7,9,1,8,2,5,,23,23,1,21,8,B03,120.593095,24.181373,2
2022,10,15,14,37,臺中市,沙鹿區,0,1,0,8,1,5,50,4,1,1,5,4,5,7,4,4,10,5,5,2,16,6,2,9,1,1,C03,7,5,1,10,2,14,,6,6,1,3,9,C03,120.554725,24.226141,2
2022,10,15,14,37,臺中市,豐原區,0,2,0,6,1,5,50,5,1,1,4,4,5,7,1,1,10,5,5,2,15,19,2,9,1,1,C03,7,1,1,10,2,14,,19,19,1,21,8,C03,120.723611,24.24493,2
2022,10,15,14,38,臺中市,北屯區,0,0,0,6,,,50,,,,,,,,,,,,,,,12,,,,,B03,,2,1,8,2,3,,12,12,1,21,8,B03,120.473,24.172601,3
2022,10,15,14,41,臺中市,北屯區,0,1,0,6,1,5,50,4,1,1,4,4,5,7,1,1,10,5,5,2,15,25,3,10,1,1,C03,7,9,1,10,2,14,,25,25,1,21,8,C03,120.69192,24.175085,2
2022,10,15,14,44,臺中市,大安區,0,0,0,6,,,50,,,,,,,,,,,,,,,23,,,,,B03,,,1,,2,,,23,,1,22,,B03,120.590894,24.340711,3
2022,10,15,14,48,臺中市,西區,0,0,0,6,,,50,,,,,,,,,,,,,,,23,,,,,C03,,,1,,1,,,23,,1,5,,C03,120.67633,24.13716,3
2022,10,15,14,55,臺中市,南屯區,0,1,0,6,1,5,50,4,2,1,4,4,5,7,1,1,5,5,5,2,12,7,2,9,1,1,C03,7,10,1,10,2,13,14,7,7,1,5,4,C03,120.651411,24.149917,2
2022,10,15,14,55,臺中市,西屯區,0,1,0,6,1,5,50,14,7,1,4,4,5,7,4,4,9,5,4,2,16,10,3,10,1,1,B12,7,11,1,7,2,7,,10,10,1,21,8,B12,120.644083,24.195423,2
2022,10,15,14,56,臺中市,北屯區,0,0,0,6,,,50,,,,,,,,,,,,,,,12,,,,,A11,,,1,,2,,,12,,1,22,,A11,120.690008,24.166381,3
2022,10,15,14,56,臺中市,龍井區,0,2,0,6,1,5,50,14,9,1,4,4,5,7,4,4,5,5,5,1,3,53,2,9,4,5,H01,8,16,8,20,10,16,,53,53,1,21,7,H01,120.590155,24.180843,2
2022,10,15,14,57,臺中市,北屯區,0,1,0,6,1,5,40,4,1,1,4,4,5,7,1,1,5,5,4,2,12,8,2,7,1,1,C03,7,5,2,18,2,14,,8,8,1,22,8,C03,120.681552,24.192616,2
2022,10,15,14,59,臺中市,北屯區,0,1,0,6,1,5,50,3,1,1,4,4,5,7,2,1,10,5,5,2,11,6,3,10,1,1,B03,7,5,1,8,4,1,,6,6,1,19,8,B03,120.714946,24.174145,2
2022,10,15,15,8,臺中市,中區,0,2,0,6,1,5,50,14,9,1,4,4,5,7,4,4,5,4,5,2,9,23,2,7,1,1,C03,7,9,1,10,2,14,,23,23,1,21,8,C03,120.68109,24.144101,2
2022,10,15,15,10,臺中市,石岡區,0,0,0,8,,,30,,,,,,,,,,,,,,,5,,,,,B03,,,1,,2,,,5,,1,22,,B03,120.791823,24.25463,3
2022,10,15,15,18,臺中市,西屯區,0,0,0,6,2,5,30,3,1,1,4,4,5,7,4,4,10,5,5,2,12,19,,,,,C03,,,1,,1,,,19,19,1,22,,C03,120.658114,24.1958,3
2022,10,15,15,22,臺中市,南屯區,0,0,0,6,,,50,,,,,,,,,,,,,,,16,,,,,C03,,,1,,1,,,16,16,1,5,,C03,120.63675,24.135747,3
2022,10,15,15,24,臺中市,東勢區,0,0,0,8,,,50,,,,,,,,,,,,,,,23,,,,,B03,,,1,,2,,,44,23,1,22,,B03,120.842078,24.169241,3
2022,10,15,15,26,臺中市,北區,0,0,0,6,,,50,,,,,,,,,,,,,,,23,,,,,B03,,,1,,2,,,23,,1,22,,B03,120.676355,24.155565,3
2022,10,15,15,29,臺中市,沙鹿區,0,0,0,8,,,50,,,,,,,,,,,,,,,23,,,,,B02,,,1,,2,,,23,,1,21,,B02,120.56891,24.202645,3
2022,10,15,15,34,臺中市,西區,0,1,0,6,1,5,30,14,9,1,4,4,5,7,4,4,10,5,5,2,17,19,3,10,1,1,B03,7,1,1,8,2,5,,19,19,1,21,8,B03,120.661323,24.147299,2
2022,10,15,15,38,臺中市,后里區,0,0,0,6,1,5,50,14,8,1,4,4,5,7,4,4,1,3,4,1,12,17,,,,,B03,,,1,,2,,,17,,1,22,,B03,120.722101,24.308192,3
2022,10,15,15,41,臺中市,烏日區,0,1,0,6,1,5,70,4,1,1,4,4,5,7,2,1,1,2,4,1,16,23,2,9,1,1,C03,7,9,2,18,2,11,,23,23,1,22,8,C03,120.600486,24.110638,2
2022,10,15,15,43,臺中市,豐原區,0,0,0,8,,,60,,,,,,,,,,,,,,,16,,,,,A11,,,1,,2,,,16,,1,22,,A11,120.703065,24.245253,3
2022,10,15,15,45,臺中市,沙鹿區,0,1,0,6,1,5,40,4,1,1,4,4,5,7,4,4,10,5,5,2,15,6,3,10,1,1,B03,7,9,1,8,2,5,,6,6,1,21,9,B03,120.565797,24.245931,2
2022,10,15,15,47,臺中市,西區,0,2,0,6,1,5,50,5,1,1,4,4,5,7,2,1,10,5,5,2,16,42,2,9,1,1,C03,7,6,1,10,2,14,,42,42,1,22,9,C03,120.670492,24.153412,2
2022,10,15,15,47,臺中市,南屯區,0,0,0,6,1,5,30,4,2,1,4,4,5,7,4,4,10,5,5,2,16,6,3,10,1,1,B03,7,5,1,8,2,8,,6,6,1,22,8,B03,120.639306,24.137679,3
2022,10,15,15,49,臺中市,太平區,0,1,0,6,1,5,40,14,8,1,4,4,5,7,4,4,5,4,4,2,11,26,3,10,1,1,C03,7,9,1,10,2,14,,26,26,1,5,4,C03,120.702602,24.148012,2
2022,10,15,15,55,臺中市,烏日區,0,1,0,6,1,5,80,8,7,1,4,4,5,7,4,4,1,4,1,2,13,16,3,10,1,1,B12,7,12,1,8,2,1,,16,16,1,21,8,B12,120.614018,24.104617,2
2022,10,15,16,2,臺中市,南屯區,0,0,0,6,,,50,,,,,,,,,,,,,,,23,,,,,B03,,,1,4,1,,,23,23,1,12,,B03,120.641575,24.134848,3
2022,10,15,16,4,臺中市,龍井區,0,0,0,6,,,40,,,,,,,,,,,,,,,12,,,,,B12,,,1,,2,,,12,,1,22,,B12,120.57611,24.177697,3
2022,10,15,16,6,臺中市,沙鹿區,0,1,0,8,1,5,50,5,1,1,5,4,5,7,4,4,10,5,5,2,15,6,3,10,1,1,B03,7,9,1,8,2,4,,6,6,1,21,8,B03,120.576916,24.221822,2
2022,10,15,16,10,臺中市,南屯區,0,0,0,6,,,50,,,,,,,,,,,,,,,12,,,,,B03,,,1,,1,,,12,,1,22,,B03,120.649881,24.134848,3
2022,10,15,16,18,臺中市,大雅區,0,1,0,7,1,5,30,3,1,1,5,4,5,7,4,4,10,5,5,2,16,6,3,10,1,1,B03,7,5,1,8,2,1,,6,6,1,22,9,B03,120.650093,24.220725,2
2022,10,15,16,25,臺中市,北屯區,0,0,0,8,,,50,,,,,,,,,,,,,,,16,,,,,C03,,,1,,2,,,16,,1,22,,C03,120.699968,24.186539,3
2022,10,15,16,29,臺中市,南屯區,0,0,0,8,1,5,40,10,15,1,5,4,5,7,4,4,1,4,5,2,16,26,3,10,1,1,B03,7,7,1,8,2,4,,26,26,1,20,6,B03,120.6239,24.153368,3
2022,10,15,16,29,臺中市,太平區,0,1,0,8,1,5,80,14,7,1,5,4,5,7,4,4,2,4,5,1,16,7,2,2,1,1,A12,7,8,1,5,2,8,,7,7,1,5,8,A12,120.717669,24.158963,2
2022,10,15,16,39,臺中市,神岡區,0,2,0,7,1,5,50,14,7,1,4,4,5,7,4,4,5,4,4,1,16,11,2,8,1,1,C03,7,11,1,10,2,11,,11,11,1,22,8,C03,120.669162,24.25713,2
2022,10,15,16,40,臺中市,沙鹿區,0,0,0,6,,,50,,,,,,,,,,,,,,,23,,,,,A32,,,1,,2,,,23,,1,21,,A32,120.56753,24.203261,3
2022,10,15,16,40,臺中市,新社區,0,0,0,8,,,40,,,,,,,,,,,,,,,16,,,,,C03,,,1,,2,,,16,,1,22,,C03,120.828144,24.16759,3
2022,10,15,16,49,臺中市,北區,0,0,0,7,1,5,50,3,2,1,5,4,5,7,4,4,10,5,5,2,12,19,,,,,B03,,,1,,1,,,19,,1,22,,B03,120.684732,24.1635,3
2022,10,15,16,52,臺中市,豐原區,0,0,0,8,,,30,,,,,,,,,,,,,,,12,,,,,B11,,,1,,2,,,12,,1,22,,B11,120.733574,24.253011,3
2022,10,15,16,53,臺中市,北屯區,0,2,0,8,1,5,50,4,1,1,5,4,5,7,4,4,10,5,5,2,17,6,2,9,1,1,B03,7,9,1,8,2,1,,6,6,1,5,8,B03,120.719467,24.171356,2
2022,10,15,17,0,臺中市,西屯區,0,0,0,8,,,30,,,,,,,,,,,,,,,67,,,,,,,,,,,,,67,,1,,,,120.64966,24.165538,3
2022,10,15,17,0,臺中市,西屯區,0,0,0,8,,,80,,,,,,,,,,,,,,,23,,,,,A12,,,1,,1,,,23,,1,22,,A12,120.628633,24.161624,3
2022,10,15,17,0,臺中市,沙鹿區,0,1,0,7,1,5,50,4,2,1,4,4,5,7,1,1,1,2,5,2,17,42,3,10,1,1,C03,7,9,1,10,2,11,,42,42,1,18,8,C03,120.568038,24.253885,2
2022,10,15,17,20,臺中市,大安區,0,1,0,7,1,5,30,11,9,1,5,4,5,1,4,4,10,5,5,1,17,43,3,10,1,1,B12,7,2,1,8,2,15,,43,43,1,4,1,B12,120.589412,24.364777,2
2022,10,15,17,24,臺中市,沙鹿區,0,2,0,8,1,5,50,4,1,1,5,4,5,7,1,1,10,5,5,2,16,6,3,10,1,1,B03,7,6,1,8,2,2,,6,6,1,21,8,B03,120.558754,24.233577,2
2022,10,15,17,27,臺中市,南屯區,0,0,0,8,1,5,50,14,9,1,5,4,5,7,4,4,9,5,5,2,14,12,3,10,1,1,B03,7,2,1,8,2,7,,12,12,1,22,8,B03,120.650228,24.140948,3
2022,10,15,17,28,臺中市,大甲區,0,0,0,8,,,10,,,,,,,,,,,,,,,44,,,,,B03,,,1,,2,,,44,,1,22,,B03,120.629286,24.3467,3
2022,10,15,17,37,臺中市,西區,0,0,0,8,,,50,,,,,,,,,,,,,,,23,,,,,B03,,,1,,2,,,23,23,1,21,,B03,120.65779,24.154303,3
2022,10,15,17,39,臺中市,東區,0,1,0,8,2,5,50,4,1,1,5,4,5,7,1,1,5,4,4,2,16,19,2,7,1,1,C03,7,1,1,10,2,14,,19,19,1,22,8,C03,120.705943,24.144531,2
2022,10,15,17,42,臺中市,北屯區,0,1,0,8,3,5,50,14,8,1,5,4,5,7,4,4,9,5,4,2,16,6,3,10,1,1,B03,7,5,1,8,2,1,,6,6,1,21,8,B03,120.686963,24.175721,2
2022,10,15,17,47,臺中市,梧棲區,0,1,0,8,4,5,50,5,1,1,5,4,5,7,1,1,10,5,5,2,16,25,2,9,1,1,C03,7,14,1,10,2,11,,25,25,1,12,8,C03,120.546119,24.244639,2
2022,10,15,17,53,臺中市,清水區,0,0,0,8,3,5,50,14,9,1,5,4,5,7,1,1,5,5,5,2,14,12,3,10,1,1,B03,7,2,1,8,2,7,,12,12,1,5,8,B03,120.576841,24.271501,3
2022,10,15,18,1,臺中市,北區,0,1,0,8,3,5,50,14,9,1,5,4,5,7,4,4,8,3,5,2,18,43,2,8,1,1,C03,7,9,1,10,2,15,,43,43,1,18,8,C03,120.667167,24.167147,2
2022,10,15,18,2,臺中市,東勢區,0,0,0,8,,,50,,,,,,,,,,,,,,,12,,,,,B03,,,1,,1,,,12,,1,22,,B03,120.82587,24.264541,3
2022,10,15,18,6,臺中市,南屯區,0,2,0,8,3,5,50,14,9,1,3,4,5,7,4,4,10,5,5,2,18,43,2,9,3,4,C03,7,9,1,10,2,15,,43,43,1,22,9,C03,120.637563,24.114516,2
2022,10,15,18,9,臺中市,北屯區,0,0,0,8,,,80,,,,,,,,,,,,,,,16,,,,,B03,,,1,,1,,,16,,1,22,,B03,120.68847,24.201012,3
2022,10,15,18,15,臺中市,大甲區,0,0,0,8,,,50,,,,,,,,,,,,,,,16,,,,,B03,,,3,,8,,,16,,1,4,,B03,120.625008,24.352116,3
2022,10,15,18,23,臺中市,中區,0,0,0,,,,50,,,,,,,,,,,,,,,6,,,,,C03,,,1,,1,,,6,,1,21,,C03,120.684467,24.142226,3
2022,10,15,18,30,臺中市,梧棲區,0,0,0,8,,,50,,,,,,,,,,,,,,,12,,,,,B03,,,1,,2,,,12,,1,22,,B03,120.540214,24.242761,3
2022,10,15,18,33,臺中市,西屯區,0,0,0,8,,,50,,,,,,,,,,,,,,,23,,,,,B03,,,1,,2,,,23,,1,22,,B03,120.612985,24.177905,3
2022,10,15,18,35,臺中市,龍井區,0,0,0,8,,,,,,,,,,,,,,,,,,43,,,,,,,,,,,,,43,,1,,,,120.584444,24.182777,3
2022,10,15,18,36,臺中市,南屯區,0,0,0,8,,,50,,,,,,,,,,,,,,,44,,,,,B03,,,1,,1,,,44,,1,5,,B03,120.634149,24.144801,3
2022,10,15,18,36,臺中市,沙鹿區,0,1,0,8,3,5,50,4,1,1,5,4,5,7,4,4,10,5,5,2,17,6,2,9,1,1,C03,7,9,1,10,2,14,,6,6,1,21,8,C03,120.558464,24.236745,2
2022,10,15,18,46,臺中市,龍井區,0,2,0,8,3,5,60,14,7,1,5,4,5,7,1,1,3,4,3,2,13,23,3,10,1,1,C02,7,9,1,9,2,11,,23,23,1,21,6,C02,120.57724,24.176711,2
2022,10,15,18,49,臺中市,南區,0,1,0,8,3,5,50,14,9,1,5,4,5,7,4,4,5,2,5,2,17,23,2,8,3,4,C03,7,9,1,10,2,11,,23,23,1,5,8,C03,120.666797,24.115639,2
2022,10,15,18,51,臺中市,西區,0,1,0,8,3,5,50,4,1,1,5,4,5,7,4,4,10,5,5,2,16,38,2,8,1,1,C03,7,14,1,10,2,14,,38,38,1,21,8,C03,120.66018,24.152542,2
2022,10,15,18,52,臺中市,大甲區,0,2,0,8,3,5,40,14,13,1,5,4,5,7,4,4,1,4,4,1,13,23,2,7,1,1,C03,7,9,2,18,2,11,,23,23,1,16,6,C03,120.606766,24.322093,2
2022,10,15,19,11,臺中市,西屯區,0,1,0,8,3,5,60,4,1,1,5,4,5,7,2,1,10,5,5,2,16,26,3,10,1,1,B03,7,6,1,8,2,2,,26,26,1,22,8,B03,120.650108,24.16285,2
2022,10,15,19,12,臺中市,大雅區,0,1,0,8,3,5,50,3,1,1,5,4,5,7,4,4,1,4,5,2,17,6,3,10,1,1,B03,7,10,1,8,2,8,,6,6,1,22,9,B03,120.65064,24.21097,2
2022,10,15,19,13,臺中市,東區,0,1,0,8,3,5,50,4,1,1,5,4,5,7,1,1,9,4,4,2,3,23,3,10,1,1,B03,7,9,1,8,2,1,,23,23,1,5,1,B03,120.694554,24.146508,2
2022,10,15,19,15,臺中市,北屯區,0,1,0,8,3,5,50,14,9,1,5,4,5,7,4,4,4,3,5,2,16,10,3,10,1,1,B03,7,11,1,8,2,8,,10,10,1,21,8,B03,120.732806,24.176953,2
2022,10,15,19,19,臺中市,大甲區,0,0,0,,,,15,,,,,,,,,,,,,,,23,,,,,C03,,,1,,2,,,23,23,1,22,,C03,120.624513,24.34796,3
2022,10,15,19,20,臺中市,西區,0,2,0,8,3,5,50,4,1,1,5,4,5,7,1,1,10,5,5,2,16,26,2,9,1,1,C03,7,5,1,9,1,11,,26,26,1,21,8,C03,120.660177,24.142957,2
2022,10,15,19,31,臺中市,北區,0,0,0,8,,,50,,,,,,,,,,,,,,,23,,,,,B03,,,1,,11,,,23,,1,22,,B03,120.684797,24.147703,3
2022,10,15,19,55,臺中市,北屯區,0,2,0,8,3,5,50,3,1,1,5,4,5,7,4,4,10,5,5,2,18,23,2,9,1,1,C03,7,9,1,10,2,14,,23,23,1,18,8,C03,120.721685,24.160337,2
2022,10,15,20,11,臺中市,梧棲區,0,1,0,7,4,5,40,14,8,1,5,4,5,7,4,4,1,4,2,1,9,53,2,1,4,5,H01,8,20,8,20,10,16,,53,53,1,12,8,H01,120.550853,24.244947,2
2022,10,15,20,31,臺中市,北區,0,1,0,7,3,5,50,14,7,1,5,4,5,7,4,4,5,5,5,2,16,26,3,10,1,1,B03,7,11,1,10,2,8,,26,26,1,5,8,B03,120.688213,24.150446,2
2022,10,15,20,31,臺中市,東區,0,1,0,7,3,5,50,4,1,1,5,4,5,7,1,1,10,5,5,2,29,23,2,9,1,1,C03,7,9,3,18,2,11,,23,23,1,22,9,C03,120.684468,24.132093,2
2022,10,15,20,32,臺中市,西屯區,0,0,0,8,,,50,,,,,,,,,,,,,,,7,,,,,B03,,,1,,1,,,7,,1,22,,B03,120.614123,24.183851,3
2022,10,15,20,36,臺中市,北區,0,0,0,8,,,50,,,,,,,,,,,,,,,6,,,,,B12,,,1,,2,,,6,,1,22,,B12,120.677303,24.151254,3
2022,10,15,20,50,臺中市,西區,0,1,0,8,3,5,50,4,1,1,5,4,5,7,4,4,10,5,5,2,17,23,3,10,1,1,C03,7,9,1,8,1,14,,23,23,1,21,8,C03,120.660181,24.149034,2
2022,10,15,20,50,臺中市,神岡區,0,0,0,8,,,50,,,,,,,,,,,,,,,42,,,,,B03,,,1,,11,,,42,,1,22,,B03,120.696316,24.248833,3
2022,10,15,20,52,臺中市,北區,0,0,0,8,1,5,50,14,7,1,5,4,5,7,1,1,8,3,4,2,12,23,,,,,B12,,,1,,2,,,23,,1,5,,B12,120.6829,24.161563,3
2022,10,15,21,0,臺中市,南屯區,0,0,0,,,,40,,,,,,,,,,,,,,,43,,,,,B03,,,1,,9,,,43,43,1,4,,B03,120.632426,24.155839,3
2022,10,15,21,6,臺中市,太平區,0,1,0,8,3,5,50,14,9,1,5,4,5,7,4,4,5,5,5,2,3,51,2,9,1,1,H01,8,16,8,20,10,16,,51,51,1,21,8,H01,120.734187,24.149745,2
2022,10,15,21,7,臺中市,西屯區,0,1,0,8,1,5,40,14,8,1,5,4,5,7,4,4,8,4,4,1,13,23,2,1,1,4,C03,7,9,1,10,2,11,,23,16,1,4,8,C03,120.641783,24.177718,2
2022,10,15,21,20,臺中市,南區,0,1,0,8,3,5,50,15,20,2,5,4,5,6,4,4,10,5,5,2,18,42,2,9,1,1,C03,7,9,1,10,2,15,,42,42,1,22,8,C03,120.679135,24.123676,2
2022,10,15,21,25,臺中市,西屯區,0,2,0,8,4,5,50,14,9,1,5,4,5,7,4,4,5,4,5,2,16,19,2,9,1,1,B03,7,1,1,8,2,4,,19,19,1,22,8,B03,120.624857,24.195852,2
2022,10,15,21,27,臺中市,烏日區,0,0,0,8,3,5,50,14,9,1,5,4,5,7,4,4,5,4,5,2,13,16,3,10,3,4,B03,7,9,1,8,2,5,,16,16,1,21,9,B03,120.603769,24.106618,3
2022,10,15,21,31,臺中市,北區,0,1,0,7,3,5,50,4,1,1,5,4,5,7,1,1,10,5,5,2,16,6,3,10,1,1,B03,7,5,1,8,2,2,,6,6,1,5,8,B03,120.694326,24.155623,2
2022,10,15,22,20,臺中市,沙鹿區,0,0,0,8,,,60,,,,,,,,,,,,,,,6,,,,,B03,,,1,,2,,,6,6,1,20,,B03,120.569563,24.237414,3
2022,10,15,22,35,臺中市,西屯區,0,1,0,8,1,5,40,14,8,1,5,4,5,7,4,4,8,4,4,1,3,42,3,10,1,4,C03,7,9,1,10,2,15,,42,42,1,4,8,C03,120.609856,24.185403,2
2022,10,15,22,45,臺中市,東區,0,0,0,,,,50,,,,,,,,,,,,,,,12,,,,,B03,,,1,,2,,,12,,1,22,,B03,120.687816,24.146,3
2022,10,15,22,51,臺中市,北區,0,0,0,8,,,50,,,,,,,,,,,,,,,23,,,,,B02,,,1,,2,,,23,,1,22,,B02,120.678655,24.166916,3
2022,10,15,22,59,臺中市,清水區,0,1,0,8,3,5,50,14,7,1,5,4,5,7,4,4,1,4,4,2,13,23,3,10,1,1,B03,7,9,1,7,2,1,,23,23,1,5,8,B03,120.572377,24.261839,2
2022,10,15,23,2,臺中市,太平區,0,1,0,8,3,5,50,3,2,1,3,4,4,7,1,1,5,4,5,2,17,42,2,9,1,1,C03,7,6,2,18,2,14,,42,42,1,21,8,C03,120.733183,24.150526,2
2022,10,15,23,6,臺中市,神岡區,0,1,0,7,4,5,50,14,9,1,5,4,5,7,3,1,5,5,5,1,2,23,3,10,3,4,B03,7,9,1,8,2,2,,23,23,1,22,9,B03,120.656543,24.278971,2
2022,10,15,23,9,臺中市,中區,0,2,0,8,3,5,50,4,1,1,5,4,5,7,3,1,10,5,5,2,15,6,2,9,1,1,C03,7,9,1,10,2,11,,6,6,1,21,8,C03,120.676542,24.142268,2
2022,10,15,23,47,臺中市,北區,0,2,0,8,3,5,50,4,1,1,5,4,5,7,3,1,5,5,5,2,16,6,2,9,1,1,C03,7,9,1,10,2,11,,6,6,1,5,5,C03,120.697531,24.160807,2
2022,10,15,23,47,臺中市,北區,0,1,0,8,3,5,50,5,1,1,5,4,5,7,3,1,10,5,5,2,16,6,3,10,3,4,B03,7,5,1,8,2,5,,6,6,1,5,8,B03,120.676654,24.161693,2
2022,10,15,23,50,臺中市,北屯區,0,2,0,8,3,5,50,4,1,1,5,4,5,7,3,1,10,5,5,2,15,6,2,9,1,1,C03,7,9,1,10,2,11,,6,6,1,22,8,C03,120.683806,24.179638,2
2022,10,16,0,16,臺中市,東區,0,1,0,8,3,5,50,4,1,1,5,4,5,7,1,1,5,4,4,2,11,6,3,10,3,4,B12,7,5,1,8,2,6,,6,6,1,21,8,B12,120.705379,24.137658,2
2022,10,16,0,28,臺中市,西區,0,1,0,8,3,5,50,3,1,1,5,4,5,7,1,1,10,5,5,2,17,6,3,10,1,1,B03,7,6,1,8,2,2,,6,6,1,4,8,B03,120.657297,24.15235,2
2022,10,16,0,51,臺中市,西屯區,0,0,0,8,,,50,,,,,,,,,,,,,,,42,,,,,B01,,,1,,2,,,42,,1,22,,B01,120.645297,24.176253,3
2022,10,16,1,45,臺中市,東區,0,1,0,8,3,5,50,4,1,1,5,4,5,7,3,1,10,5,5,2,15,6,3,10,1,1,B03,7,9,1,8,2,8,,6,6,1,6,8,B03,120.688416,24.13238,2
2022,10,16,3,11,臺中市,烏日區,0,1,0,8,3,5,50,4,1,1,5,4,5,7,3,1,5,4,5,2,15,6,2,9,1,4,C02,7,9,4,10,2,11,,6,6,1,21,9,C02,120.59373,24.108981,2
2022,10,16,3,14,臺中市,西屯區,0,0,0,8,3,5,50,4,4,1,5,4,5,7,1,1,1,4,5,2,13,23,3,10,3,4,B01,7,9,1,4,5,5,,23,23,1,22,8,B01,120.657251,24.196816,3
2022,10,16,4,3,臺中市,龍井區,0,0,0,6,3,5,40,14,8,1,5,4,5,7,2,1,1,3,1,1,13,23,3,10,1,1,B03,7,9,1,8,7,1,,23,23,1,22,9,B03,120.585451,24.186004,3
2022,10,16,4,48,臺中市,北區,0,0,0,8,,,50,,,,,,,,,,,,,,,9,,,,,B03,,,1,,2,,,9,,1,22,,B03,120.686421,24.162936,3
2022,10,16,5,26,臺中市,太平區,0,1,0,7,2,5,50,4,1,1,5,4,5,7,1,1,10,5,5,2,16,8,2,9,1,1,C03,7,5,1,10,2,11,,8,8,1,21,8,C03,120.726712,24.134206,2
2022,10,16,6,26,臺中市,后里區,0,1,0,8,1,5,50,3,1,1,5,4,5,7,4,4,10,5,5,2,13,16,2,9,1,1,C03,7,6,1,10,2,11,,16,16,1,18,6,C03,120.709895,24.286205,2
2022,10,16,6,40,臺中市,烏日區,0,1,0,6,1,5,50,4,1,1,4,4,5,7,2,1,5,4,5,1,17,42,3,10,1,1,C03,7,9,3,18,2,15,,42,42,1,21,9,C03,120.592584,24.111443,2
2022,10,16,6,45,臺中市,梧棲區,0,2,0,6,1,5,30,4,1,1,4,4,5,7,4,4,10,5,5,2,15,6,2,9,1,1,C03,7,9,3,18,2,11,,6,6,1,19,8,C03,120.54107,24.225841,2
2022,10,16,7,23,臺中市,中區,0,2,0,7,1,5,50,4,1,1,5,4,5,7,1,1,10,5,5,2,16,8,2,8,1,1,C03,7,5,1,10,2,13,,8,8,1,22,8,C03,120.679154,24.145551,2
2022,10,16,7,48,臺中市,霧峰區,0,2,0,7,1,5,60,14,12,1,4,4,5,7,4,4,9,4,4,1,16,4,2,9,1,1,C03,7,1,1,10,2,11,,4,4,1,22,9,C03,120.693665,24.048659,2
2022,10,16,8,5,臺中市,東區,0,1,0,6,1,5,50,3,1,1,4,4,5,7,4,4,10,5,5,2,17,23,2,9,1,1,C03,7,9,1,10,2,14,,23,23,1,21,8,C03,120.689321,24.141301,2
2022,10,16,8,16,臺中市,北區,0,1,0,6,1,5,50,3,1,1,4,4,5,7,4,4,5,4,4,2,12,1,2,9,1,1,C03,7,4,1,10,2,12,,1,1,1,22,8,C03,120.681708,24.151063,2