年,月,日,時,分,縣市,區,死,受傷,2-30,天候,光線,道路類別,速限,道路型態,事故位置,路面鋪裝,路面狀態,路面缺陷,障礙物,視距,號誌種類,號誌動作,分向設施,快車道或一般車道間,快慢車道間,路面邊線,事故類型及型態,主要肇因,受傷程度,主要傷處,保護裝備,行動電話,當事者區分,車輛用途,當事者行動狀態,駕駛資格情形,駕駛執照種類,飲酒情形,車輛撞擊部位最初,車輛撞擊部位其他,肇事因素個別,肇事因素主要,肇事逃逸,職業,旅次目的,車種,GPS緯度,GPS經度,事故類別
2022,10,18,13,40,臺中市,沙鹿區,0,0,0,8,,,50,,,,,,,,,,,,,,,42,,,,,B12,,,1,,2,,,42,,1,21,,B12,120.597591,24.249998,3
2022,10,18,13,45,臺中市,霧峰區,0,1,0,8,1,5,50,14,8,1,5,4,5,7,4,4,9,4,4,1,18,44,2,9,1,1,C03,7,9,3,18,2,12,,44,44,1,22,9,C03,120.715738,24.070916,2
2022,10,18,13,50,臺中市,西區,0,0,0,8,,,30,,,,,,,,,,,,,,,18,,,,,B03,,,1,,1,,,18,,1,4,,B03,120.663212,24.134828,3
2022,10,18,13,58,臺中市,北區,0,0,0,,,,30,,,,,,,,,,,,,,,42,,,,,B03,,,1,,11,,,44,42,1,22,,B03,120.666686,24.163739,3
2022,10,18,14,0,臺中市,西區,0,0,0,8,,,50,,,,,,,,,,,,,,,42,,,,,C03,,,1,10,1,,,42,42,1,22,,C03,120.660586,24.156658,3
2022,10,18,14,16,臺中市,南區,0,0,0,8,,,50,,,,,,,,,,,,,,,26,,,,,B03,,,1,,2,,,26,,1,22,,B03,120.654465,24.119413,3
2022,10,18,14,20,臺中市,大甲區,0,2,0,7,1,5,50,4,2,1,5,4,5,7,2,1,4,3,5,2,12,23,2,7,1,1,C03,7,5,1,10,2,11,,23,23,1,22,9,C03,120.617242,24.346946,2
2022,10,18,14,20,臺中市,豐原區,0,0,0,8,,,30,,,,,,,,,,,,,,,5,,,,,A11,,,1,,2,,,5,,1,5,,A11,120.723028,24.2653,3
2022,10,18,14,35,臺中市,梧棲區,0,0,0,,,,70,,,,,,,,,,,,,,,25,,,,,B03,,,1,,2,,,25,,1,4,,B03,120.542484,24.219261,3
2022,10,18,14,35,臺中市,豐原區,0,0,0,8,,,50,,,,,,,,,,,,,,,16,,,,,B03,,,1,,2,,,16,16,1,22,,B03,120.71881,24.252297,3
2022,10,18,14,38,臺中市,北區,0,1,0,8,1,5,50,3,1,1,5,4,5,7,1,1,10,5,5,2,17,26,3,10,1,1,B03,7,6,1,8,2,6,2,26,26,1,22,9,B03,120.689134,24.153572,2
2022,10,18,14,42,臺中市,梧棲區,0,0,0,8,,,40,,,,,,,,,,,,,,,17,,,,,B12,,,1,,1,,,17,,1,9,,B12,120.538351,24.247256,3
2022,10,18,14,52,臺中市,太平區,0,1,0,8,1,5,50,3,1,1,5,4,5,7,4,4,10,5,5,2,16,16,2,9,1,1,C03,7,9,1,10,2,14,,16,16,1,22,8,C03,120.710228,24.125428,2
2022,10,18,15,5,臺中市,大里區,0,0,0,8,,,30,,,,,,,,,,,,,,,17,,,,,A12,,,1,,2,,,17,,1,20,,A12,120.67669,24.096926,3
2022,10,18,15,10,臺中市,大雅區,0,1,0,8,1,5,50,4,1,1,5,4,5,7,1,1,5,5,5,1,16,43,2,8,1,1,C03,7,9,1,8,2,11,,43,43,1,22,9,C03,120.64455,24.23492,2
2022,10,18,15,10,臺中市,太平區,0,0,0,8,,,30,,,,,,,,,,,,,,,23,,,,,B03,,,1,,1,,,23,,1,9,,B03,120.719475,24.144265,3
2022,10,18,15,14,臺中市,南區,0,0,0,8,,,50,,,,,,,,,,,,,,,23,,,,,B03,,,1,,2,,,23,,1,5,,B03,120.660053,24.11938,3
2022,10,18,15,20,臺中市,大雅區,0,0,0,8,,,50,,,,,,,,,,,,,,,1,,,,,B02,,,1,,2,,,1,1,1,22,,B02,120.64659,24.222698,3
2022,10,18,15,28,臺中市,新社區,0,0,0,8,,,30,,,,,,,,,,,,,,,6,,,,,B12,,,1,,2,,,6,,1,10,,B12,120.79562,24.20798,3
2022,10,18,15,30,臺中市,大安區,0,0,0,,,,90,,,,,,,,,,,,,,,49,,,,,B12,,,1,,2,,,49,,1,9,,B12,120.593083,24.382727,3
2022,10,18,15,34,臺中市,豐原區,0,0,0,8,,,60,,,,,,,,,,,,,,,12,,,,,B03,,,1,,2,,,12,,1,21,,B03,120.720152,24.263966,3
2022,10,18,15,35,臺中市,沙鹿區,0,0,0,8,,,50,,,,,,,,,,,,,,,19,,,,,B03,,,1,,1,,,19,,1,9,,B03,120.60569,24.245761,3
2022,10,18,15,37,臺中市,東區,0,0,0,8,,,50,,,,,,,,,,,,,,,6,,,,,B12,,,1,,2,,,6,6,1,3,,B12,120.703224,24.14151,3
2022,10,18,15,40,臺中市,烏日區,0,3,0,8,1,5,30,4,1,1,5,4,5,7,4,4,10,4,5,2,15,6,2,9,1,1,C03,7,9,1,10,2,14,,14,6,1,21,8,C03,120.639792,24.111362,2
2022,10,18,15,40,臺中市,豐原區,0,0,0,8,,,30,,,,,,,,,,,,,,,17,,,,,A12,,,1,,9,,,17,17,2,22,,A12,120.736519,24.260905,3
2022,10,18,15,42,臺中市,西區,0,1,0,8,1,5,50,4,1,1,5,4,5,7,1,1,10,5,5,2,16,8,3,10,1,1,B03,7,5,1,8,2,1,,8,8,1,21,8,B03,120.661673,24.150865,2
2022,10,18,15,55,臺中市,南區,0,1,0,8,1,5,50,14,9,1,5,4,5,7,4,4,1,4,5,2,12,17,2,9,1,1,C03,7,9,1,10,2,12,,17,17,1,22,8,C03,120.679055,24.127605,2
2022,10,18,15,56,臺中市,西區,0,0,0,8,,,50,,,,,,,,,,,,,,,40,,,,,B03,,,1,,1,,,40,,1,4,,B03,120.65466,24.153568,3
2022,10,18,16,0,臺中市,豐原區,0,3,0,8,1,5,60,3,3,1,5,4,5,7,1,1,10,5,5,2,15,25,2,9,1,1,C03,7,9,1,10,2,11,,25,25,1,22,8,C03,120.716971,24.263866,2
2022,10,18,16,2,臺中市,北區,0,2,0,8,1,5,50,4,1,1,5,4,5,7,4,4,10,5,5,2,15,6,2,9,1,1,C03,7,9,1,10,2,12,,6,6,1,22,9,C03,120.6802,24.151795,2
2022,10,18,16,5,臺中市,西區,0,0,0,8,,,50,,,,,,,,,,,,,,,6,,,,,C03,,,1,,1,,,6,,1,4,,C03,120.661587,24.155869,3
2022,10,18,16,17,臺中市,東區,0,3,0,8,1,5,50,3,1,1,5,4,5,7,4,4,10,5,5,2,17,42,2,9,1,1,C03,7,9,3,18,2,11,,42,42,1,22,8,C03,120.698062,24.140178,2
2022,10,18,16,32,臺中市,梧棲區,0,2,0,8,1,5,40,4,1,1,5,4,5,7,4,4,10,5,5,2,15,6,2,9,1,1,C03,7,9,1,10,2,13,,6,6,1,4,8,C03,120.546554,24.243758,2
2022,10,18,16,38,臺中市,南區,0,0,0,8,,,50,,,,,,,,,,,,,,,23,,,,,B03,,,1,,2,,,23,,1,5,,B03,120.655448,24.113758,3
2022,10,18,16,40,臺中市,太平區,0,0,0,8,,,50,,,,,,,,,,,,,,,12,,,,,B02,,,1,,1,,,12,,1,21,,B02,120.717199,24.131082,3
2022,10,18,16,44,臺中市,梧棲區,0,0,0,,,,50,,,,,,,,,,,,,,,23,,,,,B03,,,1,,1,,,23,,1,5,,B03,120.532308,24.25923,4
2022,10,18,16,46,臺中市,梧棲區,0,0,0,,,,70,,,,,,,,,,,,,,,23,,,,,B03,,,1,,2,,,23,,1,4,,B03,120.551398,24.244504,3
2022,10,18,16,54,臺中市,西屯區,0,1,0,8,1,5,50,14,7,1,5,4,5,7,4,4,5,4,4,2,16,6,2,9,1,1,C03,7,5,1,10,2,14,,6,6,1,22,8,C03,120.618734,24.166345,2
2022,10,18,16,55,臺中市,大里區,0,2,0,8,1,5,50,4,1,1,5,4,5,7,1,1,5,5,4,2,16,9,2,9,1,1,C03,7,6,1,10,2,12,,9,9,1,22,9,C03,120.682386,24.100462,2
2022,10,18,16,56,臺中市,烏日區,0,1,0,8,1,5,60,5,1,1,5,4,5,7,2,1,10,5,5,2,16,25,3,10,1,1,B03,7,9,1,8,2,5,,25,25,1,21,8,B03,120.64642,24.0648,2
2022,10,18,16,56,臺中市,沙鹿區,0,1,0,8,1,5,1,14,20,1,5,4,5,7,4,4,10,5,5,2,17,26,3,10,1,1,C03,7,9,1,10,2,11,,26,26,1,21,8,C03,120.56891,24.202645,2
2022,10,18,17,0,臺中市,南區,0,0,0,,,,50,,,,,,,,,,,,,,,17,,,,,B01,,,1,,2,,,17,,1,22,,B01,120.657241,24.133372,3
2022,10,18,17,1,臺中市,大雅區,0,3,0,8,1,5,30,14,9,1,5,4,5,6,4,4,10,5,5,2,10,5,2,8,1,1,C03,7,9,1,10,2,11,,5,5,1,22,8,C03,120.646883,24.229223,2
2022,10,18,17,2,臺中市,烏日區,0,1,0,8,1,5,50,4,1,1,5,4,5,7,4,4,10,5,5,2,16,8,3,10,1,1,C03,7,5,4,10,2,14,,8,8,1,5,8,C03,120.624731,24.104811,2
2022,10,18,17,5,臺中市,梧棲區,0,0,0,8,,,70,,,,,,,,,,,,,,,16,,,,,B03,,,1,,2,,,16,,1,11,,B03,120.551697,24.24426,3
2022,10,18,17,16,臺中市,大甲區,0,2,0,8,1,5,50,3,1,1,5,4,5,7,3,1,10,5,5,2,16,23,3,10,1,1,C03,7,9,1,10,2,14,,23,23,1,4,1,C03,120.608126,24.348205,2
2022,10,18,17,25,臺中市,太平區,0,1,0,8,3,5,50,14,9,1,5,4,5,7,4,4,5,5,5,2,13,23,2,9,1,1,C03,7,9,1,10,2,11,,23,23,1,21,8,C03,120.721331,24.101346,2
2022,10,18,17,35,臺中市,大安區,0,2,0,8,3,5,30,3,1,1,5,4,5,7,4,4,10,5,5,2,16,23,2,7,1,1,F03,7,9,8,20,2,16,,23,23,1,4,1,F03,120.607386,24.347526,2
2022,10,18,17,39,臺中市,太平區,0,2,0,8,2,5,40,14,7,1,5,4,5,7,4,4,5,5,4,1,16,26,2,9,3,4,C03,7,6,1,10,2,14,,26,26,1,9,8,C03,120.71637,24.15082,2
2022,10,18,17,39,臺中市,梧棲區,0,0,0,,,,40,,,,,,,,,,,,,,,10,,,,,C03,,,6,,9,,,10,,1,4,,C03,120.536757,24.239402,3
2022,10,18,17,40,臺中市,龍井區,0,1,0,8,3,5,50,4,1,1,5,4,5,7,1,1,10,5,5,2,16,6,3,10,1,1,B03,7,5,1,8,2,1,,6,6,1,9,1,B03,120.521797,24.216549,2
2022,10,18,17,41,臺中市,大雅區,0,1,0,8,3,5,50,14,9,1,5,4,5,7,4,4,5,5,5,1,29,67,,,,,,,,,,,,,67,67,1,,,,120.653384,24.21999,2
2022,10,18,17,41,臺中市,后里區,0,1,0,8,3,5,50,4,1,1,5,4,5,7,1,1,10,5,5,2,12,9,3,10,1,1,B03,7,6,1,8,2,6,,9,9,1,4,5,B03,120.70561,24.316158,2
2022,10,18,17,49,臺中市,北屯區,0,1,0,8,2,5,40,14,8,1,5,4,5,7,4,4,5,4,4,2,13,23,3,10,3,4,C03,7,9,1,10,2,11,,23,23,1,21,8,C03,120.7001,24.160339,2
2022,10,18,17,51,臺中市,梧棲區,0,1,0,8,3,5,50,4,2,1,5,4,5,7,2,1,10,5,5,2,16,25,3,10,1,1,B03,7,5,1,8,2,2,,25,25,1,3,8,B03,120.539698,24.257595,2
2022,10,18,17,53,臺中市,南屯區,0,0,0,8,,,50,,,,,,,,,,,,,,,42,,,,,B03,,,1,,1,,,42,,1,22,,B03,120.642038,24.14046,3
2022,10,18,17,54,臺中市,太平區,0,0,0,8,,,50,,,,,,,,,,,,,,,17,,,,,B03,,,1,,2,,,17,,1,21,,B03,120.722033,24.149278,3
2022,10,18,17,55,臺中市,東區,0,0,0,8,,,50,,,,,,,,,,,,,,,6,,,,,C03,,,1,,2,,,6,,1,22,,C03,120.699443,24.135157,3
2022,10,18,17,55,臺中市,南區,0,1,0,8,3,5,50,4,1,1,5,4,5,7,1,1,10,5,5,2,13,16,2,8,1,1,C03,7,9,1,10,2,12,,16,16,1,22,8,C03,120.67942,24.118947,2
2022,10,18,17,55,臺中市,大里區,0,0,0,8,,,50,,,,,,,,,,,,,,,23,,,,,B03,,,1,,2,,,23,,1,5,,B03,120.681617,24.08887,3
2022,10,18,17,57,臺中市,豐原區,0,1,0,8,1,5,50,14,9,1,5,4,5,7,4,4,1,5,5,2,13,16,2,9,1,1,C03,7,9,1,9,2,11,,16,16,1,9,8,C03,120.70117,24.249256,2
2022,10,18,17,58,臺中市,大雅區,0,2,0,8,3,5,50,3,1,1,5,4,5,6,1,1,5,5,5,1,16,6,2,8,1,1,C03,7,5,1,10,2,11,,6,6,1,22,8,C03,120.65092,24.216515,2
2022,10,18,17,58,臺中市,大里區,0,0,0,8,3,5,50,14,9,1,5,4,5,7,1,1,5,5,5,1,13,23,,,,,C03,,,1,,1,,,23,,1,22,,C03,120.703118,24.111022,3
2022,10,18,17,58,臺中市,沙鹿區,0,1,0,7,3,5,50,4,2,1,5,4,5,7,4,4,5,5,4,2,16,4,3,10,1,1,C03,7,15,3,18,2,14,,4,4,1,20,7,C03,120.572063,24.222622,2
2022,10,18,18,0,臺中市,豐原區,0,2,0,8,1,5,60,4,1,1,5,4,5,7,2,1,10,5,5,2,13,16,2,9,1,1,C03,7,9,1,10,2,11,,16,16,1,22,8,C03,120.710435,24.237473,2
2022,10,18,18,3,臺中市,東勢區,0,2,0,8,3,5,50,3,1,1,5,4,5,7,3,1,10,5,5,2,17,6,2,9,1,1,C03,7,5,1,10,2,11,,6,6,1,22,8,C03,120.791159,24.310233,2
2022,10,18,18,4,臺中市,大甲區,0,0,0,,,,50,,,,,,,,,,,,,,,43,,,,,B03,,,1,,1,,,43,,1,22,,B03,120.630598,24.346232,3
2022,10,18,18,5,臺中市,霧峰區,0,1,0,8,3,5,50,14,9,1,5,4,5,7,4,4,10,4,5,1,16,10,3,10,1,1,B03,7,11,1,8,2,5,,10,10,1,22,8,B03,120.688264,24.055398,2
2022,10,18,18,12,臺中市,西屯區,0,1,0,8,3,5,50,4,1,1,5,4,5,7,1,1,10,5,5,2,29,42,2,9,1,1,C03,7,6,1,10,1,12,,42,42,1,21,8,C03,120.606008,24.162003,2
2022,10,18,18,12,臺中市,太平區,0,0,0,8,,,30,,,,,,,,,,,,,,,12,,,,,B03,,,1,,2,,,12,,1,21,,B03,120.717945,24.141973,3
2022,10,18,18,12,臺中市,新社區,0,0,0,8,,,30,,,,,,,,,,,,,,,23,,,,,B03,,,1,,2,,,23,,1,22,,B03,120.800535,24.205429,3
2022,10,18,18,15,臺中市,霧峰區,0,2,0,8,3,5,60,14,8,1,5,4,5,7,4,4,1,4,4,2,12,1,2,9,1,1,C03,7,7,1,10,2,12,,1,1,1,22,8,C03,120.689721,24.051769,2
2022,10,18,18,20,臺中市,大雅區,0,1,0,8,3,5,50,14,9,1,5,4,5,7,4,4,5,5,5,1,12,1,3,10,1,1,B12,7,4,1,8,9,2,,1,1,2,22,9,B12,120.655105,24.224574,2
2022,10,18,18,20,臺中市,中區,0,0,0,8,,,50,,,,,,,,,,,,,,,23,,,,,B03,,,1,,1,,,23,,1,4,,B03,120.67939,24.142582,3
2022,10,18,18,20,臺中市,清水區,0,1,0,8,2,5,50,4,1,1,5,4,5,7,1,1,10,5,5,2,16,6,3,10,1,1,C03,7,5,1,10,5,11,,6,6,1,5,5,C03,120.564183,24.277091,2
2022,10,18,18,21,臺中市,東勢區,0,1,0,8,3,5,60,14,7,1,5,4,5,7,1,1,1,4,4,1,13,23,3,10,1,1,B03,7,9,1,8,2,1,,23,23,1,21,9,B03,120.82717,24.251884,2
2022,10,18,18,25,臺中市,豐原區,0,0,0,8,,,30,,,,,,,,,,,,,,,6,,,,,C03,,,1,,2,,,6,6,1,22,,C03,120.723909,24.252848,3
2022,10,18,18,28,臺中市,北屯區,0,0,0,8,,,50,,,,,,,,,,,,,,,26,,,,,B03,,,1,,9,,,26,,2,5,,B03,120.692765,24.161914,3
2022,10,18,18,28,臺中市,梧棲區,0,0,0,,,,50,,,,,,,,,,,,,,,40,,,,,B03,,,1,,2,,,40,,1,4,,B03,120.530042,24.253717,3
2022,10,18,18,30,臺中市,沙鹿區,0,0,0,8,,,50,,,,,,,,,,,,,,,23,,,,,B12,,,1,,2,,,23,,1,21,,B12,120.580809,24.217315,3
2022,10,18,18,30,臺中市,豐原區,0,1,0,8,3,5,50,3,2,1,5,4,5,7,1,1,3,4,5,2,13,23,2,9,1,1,C03,7,9,1,10,2,11,,23,23,1,18,8,C03,120.720199,24.26385,2
2022,10,18,18,40,臺中市,豐原區,0,3,0,8,3,5,50,4,2,1,5,4,5,7,1,1,5,5,4,2,13,23,2,9,1,1,C03,7,9,1,10,2,11,,23,23,1,21,8,C03,120.713631,24.254485,2
2022,10,18,18,43,臺中市,大雅區,0,1,0,8,3,5,50,3,1,1,5,4,5,7,1,1,1,4,4,1,18,23,2,9,1,1,C03,7,9,1,10,2,15,,23,23,1,21,8,C03,120.647622,24.220478,2
2022,10,18,18,43,臺中市,太平區,0,2,0,8,3,5,50,4,7,1,5,4,5,7,1,1,5,4,4,2,13,16,2,9,1,1,C03,7,9,1,10,2,11,,16,16,1,21,8,C03,120.712859,24.144408,2
2022,10,18,18,45,臺中市,沙鹿區,0,1,0,8,3,5,50,3,2,1,5,4,5,7,4,4,1,4,5,2,17,23,3,10,1,1,B12,7,9,1,8,1,15,,23,23,1,9,5,B12,120.59826,24.250022,2
2022,10,18,18,52,臺中市,北區,0,1,0,8,3,5,40,14,9,1,5,4,5,7,4,4,9,5,5,2,17,23,2,9,3,4,C03,7,9,1,10,2,15,,23,23,1,5,8,C03,120.692347,24.158376,2
2022,10,18,19,5,臺中市,大里區,0,1,0,8,3,5,50,4,2,1,5,4,5,7,1,1,1,5,4,2,29,21,2,9,1,1,C03,7,9,1,10,8,12,11,21,21,1,12,5,C03,120.706028,24.104678,2
2022,10,18,19,9,臺中市,北屯區,0,2,0,8,3,5,50,3,18,1,5,4,5,7,4,4,10,5,5,2,3,15,2,9,3,4,C03,7,9,1,10,2,11,,15,15,1,21,8,C03,120.677782,24.176799,2
2022,10,18,19,12,臺中市,北屯區,0,1,0,8,3,5,50,3,1,1,5,4,5,7,2,1,10,5,5,2,16,8,2,9,1,1,C03,7,5,1,10,2,14,12,8,8,1,5,8,C03,120.67792,24.200793,2
2022,10,18,19,16,臺中市,大甲區,0,2,0,8,3,5,50,14,9,1,5,4,5,7,4,4,9,5,5,1,3,51,2,9,4,1,H01,8,18,8,20,2,16,,51,51,1,20,8,H01,120.626885,24.349922,2
2022,10,18,19,17,臺中市,大里區,0,0,0,8,,,50,,,,,,,,,,,,,,,17,,,,,B03,,,1,,2,,,17,,1,22,,B03,120.704778,24.087899,3
2022,10,18,19,19,臺中市,豐原區,0,0,0,8,,,50,,,,,,,,,,,,,,,7,,,,,B03,,,1,,1,,,7,7,1,22,,B03,120.702416,24.237493,3
2022,10,18,19,21,臺中市,西區,0,2,0,8,3,5,50,14,9,1,5,4,5,7,4,4,5,5,5,2,17,19,2,9,1,1,C03,7,1,1,10,2,14,,19,19,1,4,8,C03,120.657068,24.143036,2
2022,10,18,19,22,臺中市,北屯區,0,0,0,8,,,50,,,,,,,,,,,,,,,6,,,,,B03,,,1,,2,,,6,6,1,5,,B03,120.703641,24.186458,3
2022,10,18,19,24,臺中市,北區,0,2,0,8,3,5,50,14,7,1,5,4,5,7,4,4,5,5,4,2,3,23,2,9,1,1,C03,7,9,1,10,2,11,,23,23,1,5,8,C03,120.672987,24.170204,2
2022,10,18,19,31,臺中市,南屯區,0,0,0,8,,,50,,,,,,,,,,,,,,,17,,,,,B03,,,1,,1,,,17,,1,5,,B03,120.630804,24.142096,3
2022,10,18,19,44,臺中市,潭子區,0,0,0,8,,,30,,,,,,,,,,,,,,,26,,,,,B03,,,1,,2,,,26,,1,22,,B03,120.691008,24.215121,3
2022,10,18,19,44,臺中市,沙鹿區,0,2,0,8,3,5,50,4,1,1,5,4,5,7,1,1,10,5,5,2,17,19,3,10,1,1,C03,7,1,1,10,2,12,,19,19,1,21,8,C03,120.568814,24.223568,2
2022,10,18,19,45,臺中市,西區,0,0,0,8,,,50,,,,,,,,,,,,,,,16,,,,,B03,,,1,,1,,,16,,1,20,,B03,120.652955,24.15096,3
2022,10,18,19,45,臺中市,沙鹿區,0,0,0,,,,50,,,,,,,,,,,,,,,19,,,,,C03,,,1,,2,,,19,,1,22,,C03,120.61483,24.242491,3
2022,10,18,19,51,臺中市,東區,0,0,0,,,,50,,,,,,,,,,,,,,,44,,,,,B03,,,1,,11,,,44,,1,22,,B03,120.691696,24.145879,3
2022,10,18,20,1,臺中市,北區,0,0,0,8,,,40,,,,,,,,,,,,,,,23,,,,,B03,,,1,,1,,,23,,1,5,,B03,120.685304,24.163468,3
2022,10,18,20,2,臺中市,北屯區,0,0,0,8,,,50,,,,,,,,,,,,,,,42,,,,,B03,,,1,,1,,,42,,1,22,,B03,120.704901,24.169263,3
2022,10,18,20,15,臺中市,南屯區,0,0,0,8,,,30,,,,,,,,,,,,,,,6,,,,,B03,,,1,,1,,,6,6,1,22,,B03,120.611568,24.138461,3
2022,10,18,20,18,臺中市,大里區,0,0,0,8,3,5,50,4,2,1,5,4,5,7,1,1,1,2,4,1,12,7,,,,,B03,,,1,,2,,,7,,1,22,,B03,120.674554,24.102868,3
2022,10,18,20,26,臺中市,大安區,0,0,0,8,,,90,,,,,,,,,,,,,,,44,,,,,B03,,,1,,2,,,44,,1,4,,B03,120.585762,24.364999,3
2022,10,18,20,30,臺中市,神岡區,0,1,0,7,3,5,50,14,9,1,5,4,5,7,4,4,1,4,4,2,17,19,3,10,1,1,B03,7,1,1,8,2,1,,19,19,1,12,8,B03,120.695866,24.248599,2
2022,10,18,20,34,臺中市,霧峰區,0,3,0,8,3,5,50,3,1,1,5,4,5,7,4,4,10,5,5,1,17,6,2,9,1,1,B03,7,5,1,8,2,5,,6,6,1,4,8,B03,120.699044,24.061817,2
2022,10,18,20,42,臺中市,神岡區,0,1,0,8,1,5,50,3,1,1,5,4,5,7,4,4,10,5,5,2,18,42,2,9,1,1,C03,7,5,1,10,2,14,,42,42,1,22,7,C03,120.682795,24.24377,2
2022,10,18,20,50,臺中市,霧峰區,0,0,0,8,,,50,,,,,,,,,,,,,,,18,,,,,B03,,,1,,2,,,18,,1,22,,B03,120.697338,24.067836,3
2022,10,18,20,52,臺中市,北屯區,0,2,0,8,3,5,50,4,1,1,5,4,5,7,1,1,10,5,5,2,15,25,2,9,3,4,C03,7,15,3,18,2,11,,25,25,1,21,8,C03,120.693399,24.167284,2
2022,10,18,20,54,臺中市,西屯區,0,2,0,8,3,5,40,4,2,1,5,4,5,7,2,1,1,4,1,2,16,25,2,9,1,1,C03,7,5,1,10,2,14,,25,25,1,22,8,C03,120.602341,24.18307,2
2022,10,18,20,56,臺中市,大里區,0,1,0,8,3,5,50,4,1,1,5,4,5,7,1,1,10,5,5,2,16,25,2,9,1,1,C03,7,9,1,10,2,11,,25,25,1,12,5,C03,120.68249,24.10072,2
2022,10,18,21,0,臺中市,西區,0,1,0,8,1,5,50,4,1,1,5,4,5,7,1,1,3,2,4,1,16,6,3,10,1,1,B03,7,6,1,8,2,2,,6,6,1,21,8,B03,120.674271,24.148307,2
2022,10,18,21,17,臺中市,北屯區,0,0,0,8,,,50,,,,,,,,,,,,,,,8,,,,,C03,,,1,,2,,,8,,1,5,,C03,120.718698,24.172386,3
2022,10,18,21,22,臺中市,大雅區,0,1,0,8,3,5,50,4,2,1,5,4,5,7,1,1,9,4,5,1,17,23,3,10,1,1,B03,7,9,1,8,9,1,,23,23,2,22,9,B03,120.656375,24.221,2
2022,10,18,21,22,臺中市,北屯區,0,1,0,8,3,5,50,3,1,1,5,4,5,7,4,4,10,5,5,2,17,10,2,9,3,4,C03,7,11,1,10,2,14,,10,10,1,21,8,C03,120.711823,24.172399,2
2022,10,18,21,23,臺中市,北屯區,0,3,0,8,3,5,50,4,1,1,5,4,5,7,2,1,10,5,5,2,17,25,2,3,1,1,B03,7,9,1,8,2,1,,25,25,1,5,8,B03,120.721505,24.162411,2
2022,10,18,21,27,臺中市,大雅區,0,1,0,8,3,5,50,4,1,1,5,4,5,7,1,1,5,4,4,1,17,25,2,9,1,1,C03,7,9,4,10,11,11,,25,25,1,21,8,C03,120.629595,24.208695,2
2022,10,18,21,30,臺中市,南屯區,0,2,0,8,3,5,50,14,12,1,5,4,5,7,4,4,5,4,4,2,16,26,2,9,1,1,C03,7,11,1,10,2,12,,26,26,1,22,9,C03,120.616331,24.152898,2
2022,10,18,21,37,臺中市,沙鹿區,0,1,0,8,3,5,60,14,13,1,5,4,5,7,4,4,1,4,4,1,2,23,3,10,1,1,C03,7,9,1,10,2,11,,23,23,1,22,8,C03,120.57661,24.24894,2
2022,10,18,21,40,臺中市,中區,0,0,0,,,,50,,,,,,,,,,,,,,,26,,,,,B03,,,1,,2,,,26,26,1,20,,B03,120.680272,24.143142,3
2022,10,18,21,44,臺中市,西區,0,1,0,8,3,5,50,3,2,1,5,4,5,7,4,4,5,5,5,2,18,23,2,9,1,1,C03,7,9,1,10,2,14,,23,23,1,4,8,C03,120.677364,24.134661,2
2022,10,18,22,0,臺中市,霧峰區,0,2,0,8,3,5,50,14,9,1,5,4,5,7,4,4,4,5,5,2,12,23,2,9,1,1,C03,7,9,1,10,2,12,,23,23,1,22,8,C03,120.671279,24.08268,2
2022,10,18,22,11,臺中市,大甲區,0,1,0,8,1,5,30,3,1,1,5,4,5,7,4,4,10,5,5,2,16,6,3,10,1,1,B03,7,5,1,8,2,7,,6,6,1,4,8,B03,120.632621,24.345921,2
2022,10,18,22,13,臺中市,中區,0,0,0,,,,50,,,,,,,,,,,,,,,18,,,,,C03,,,1,,9,,,18,,2,22,,C03,120.680841,24.143498,3
2022,10,18,22,19,臺中市,南屯區,0,0,0,,,,50,,,,,,,,,,,,,,,23,,,,,B03,,,1,,9,,,23,,1,22,,B03,120.649825,24.149932,3
2022,10,18,22,19,臺中市,南屯區,0,1,0,8,3,5,50,4,1,1,5,4,5,7,2,1,10,5,5,2,12,1,3,10,1,1,C03,7,9,2,18,2,14,,1,1,1,22,9,C03,120.632816,24.145754,2
2022,10,18,22,20,臺中市,北區,0,1,0,8,3,5,50,14,9,1,5,4,5,7,4,4,5,4,4,2,16,23,2,9,1,1,C03,7,9,1,10,2,11,,23,23,1,21,8,C03,120.668072,24.172535,2
2022,10,18,22,40,臺中市,梧棲區,0,2,0,8,3,5,50,4,1,1,5,4,5,7,4,4,10,5,5,2,15,6,2,5,1,1,B03,7,9,6,8,2,5,,6,6,1,4,8,B03,120.54759,24.24149,2
2022,10,18,22,47,臺中市,北區,0,1,0,8,3,5,50,4,1,1,5,4,5,7,4,4,10,5,5,2,16,6,3,10,1,1,B03,7,5,1,8,2,1,,6,6,1,22,9,B03,120.671739,24.168767,2