年,月,日,時,分,縣市,區,死,受傷,2-30,天候,光線,道路類別,速限,道路型態,事故位置,路面鋪裝,路面狀態,路面缺陷,障礙物,視距,號誌種類,號誌動作,分向設施,快車道或一般車道間,快慢車道間,路面邊線,事故類型及型態,主要肇因,受傷程度,主要傷處,保護裝備,行動電話,當事者區分,車輛用途,當事者行動狀態,駕駛資格情形,駕駛執照種類,飲酒情形,車輛撞擊部位最初,車輛撞擊部位其他,肇事因素個別,肇事因素主要,肇事逃逸,職業,旅次目的,車種,GPS緯度,GPS經度,事故類別
2022,10,18,23,53,臺中市,西屯區,0,0,0,8,,,60,,,,,,,,,,,,,,,7,,,,,,,,,,,,,7,,1,,,,120.64251,24.166713,3
2022,10,19,0,10,臺中市,北區,0,2,0,8,1,5,50,14,9,1,5,4,5,7,4,4,5,4,5,1,3,51,2,9,4,5,H01,8,16,8,20,10,16,,51,51,1,20,9,H01,120.677045,24.166869,2
2022,10,19,0,28,臺中市,大甲區,0,2,0,8,3,5,50,4,1,1,5,4,5,7,3,1,10,5,5,2,17,16,2,9,1,1,C03,7,9,1,10,2,11,,16,16,1,21,8,C03,120.620224,24.344665,2
2022,10,19,2,22,臺中市,西屯區,0,1,0,8,1,5,40,4,1,1,5,4,5,7,1,1,10,5,5,2,16,25,3,10,3,4,B03,7,5,6,8,9,5,7,25,25,1,22,8,B03,120.649958,24.162958,2
2022,10,19,2,45,臺中市,神岡區,0,1,0,8,3,5,50,14,9,1,5,4,5,7,4,4,7,5,5,1,17,23,2,9,1,1,C03,7,9,1,10,2,11,,23,23,1,22,1,C03,120.65728,24.251226,2
2022,10,19,3,44,臺中市,南區,0,0,0,8,3,5,50,14,9,1,5,4,5,7,4,4,10,5,5,2,17,23,3,10,1,1,B03,7,9,1,8,11,2,,23,23,1,22,8,B03,120.66695,24.117872,3
2022,10,19,5,40,臺中市,西區,0,2,0,8,1,5,50,4,1,1,5,4,1,7,1,1,10,5,5,2,16,6,2,9,1,1,C03,7,5,1,10,2,11,,6,6,1,20,8,C03,120.657378,24.149477,2
2022,10,19,6,30,臺中市,大雅區,0,0,0,8,1,5,30,3,1,1,5,4,5,7,4,4,10,5,5,2,17,6,3,10,1,1,B03,7,5,1,8,2,7,,6,6,1,22,9,B03,120.654502,24.222502,3
2022,10,19,6,30,臺中市,南屯區,0,2,0,8,1,5,50,14,8,1,5,4,5,7,4,4,5,4,4,2,16,26,2,8,1,1,C03,7,11,1,10,2,11,,26,26,1,22,9,C03,120.610805,24.145465,2
2022,10,19,6,40,臺中市,北區,0,1,0,8,1,5,50,3,1,1,5,4,5,7,4,4,10,5,5,2,17,6,3,10,1,1,B03,7,5,1,8,2,8,,6,6,2,22,9,B03,120.690111,24.155873,2
2022,10,19,6,42,臺中市,南屯區,0,0,0,8,1,5,50,14,9,1,5,4,5,7,2,1,1,4,5,2,12,26,3,10,1,1,B03,7,4,1,8,2,2,,26,26,1,3,1,B03,120.608426,24.150197,3
2022,10,19,6,45,臺中市,大里區,0,0,0,8,,,60,,,,,,,,,,,,,,,23,,,,,B03,,,1,,2,,,23,23,2,22,,B03,120.662019,24.108982,3
2022,10,19,6,46,臺中市,北屯區,0,1,0,8,1,5,30,3,1,1,5,4,5,7,1,1,10,5,5,2,16,6,3,10,1,1,B12,7,6,1,8,2,2,,6,6,1,4,8,B12,120.670735,24.20062,2
2022,10,19,7,0,臺中市,沙鹿區,0,0,0,8,,,50,,,,,,,,,,,,,,,23,,,,,B03,,,1,,2,,,23,,1,21,,B03,120.577191,24.225802,3
2022,10,19,7,5,臺中市,神岡區,0,2,0,8,1,5,50,14,9,1,5,4,5,7,4,4,9,5,5,1,16,1,3,10,1,1,B03,7,4,1,8,2,2,,1,1,1,21,8,B03,120.686466,24.25016,2
2022,10,19,7,11,臺中市,大里區,0,0,0,8,,,50,,,,,,,,,,,,,,,23,,,,,B03,,,1,,1,,,23,,1,12,,B03,120.696271,24.086978,4
2022,10,19,7,14,臺中市,大甲區,0,1,0,8,1,5,50,4,1,1,5,4,5,6,4,4,10,5,5,2,16,6,3,10,1,1,B03,7,5,1,8,2,2,,6,6,1,2,1,B03,120.616393,24.347284,2
2022,10,19,7,15,臺中市,大甲區,0,2,0,8,1,5,50,14,9,1,5,4,5,7,4,4,5,5,5,1,12,1,2,9,1,1,C03,7,4,1,10,2,14,,1,1,1,9,8,C03,120.625438,24.353657,2
2022,10,19,7,16,臺中市,清水區,0,2,0,8,1,5,40,14,9,1,5,4,5,7,4,4,8,3,4,1,13,16,2,9,1,1,C03,7,9,1,10,2,11,,16,16,1,21,8,C03,120.58749,24.290628,2
2022,10,19,7,25,臺中市,沙鹿區,0,1,0,8,1,5,30,14,9,1,5,4,5,3,4,4,10,5,5,2,11,17,2,9,1,1,C03,7,9,1,10,2,14,,17,17,1,5,8,C03,120.571093,24.233728,2
2022,10,19,7,25,臺中市,清水區,0,0,0,8,,,50,,,,,,,,,,,,,,,40,,,,,B03,,,1,,1,,,40,40,1,5,,B03,120.55896,24.26775,3
2022,10,19,7,25,臺中市,東勢區,0,0,0,8,,,50,,,,,,,,,,,,,,,17,,,,,C03,,,1,,2,,,17,,1,21,,C03,120.817366,24.260476,3
2022,10,19,7,26,臺中市,大里區,0,1,0,8,1,5,50,3,1,1,5,4,5,7,1,1,5,4,5,1,3,25,3,10,1,1,C03,7,9,1,10,2,11,,25,25,1,21,8,C03,120.689964,24.108384,2
2022,10,19,7,30,臺中市,北區,0,1,0,8,1,5,50,3,1,1,5,4,5,7,2,1,8,3,5,2,12,7,2,9,1,1,C03,7,7,1,10,2,14,,7,7,1,5,8,C03,120.685924,24.151008,2
2022,10,19,7,30,臺中市,東區,0,2,0,8,1,5,50,4,1,1,5,4,5,7,1,1,10,5,5,2,15,25,2,9,1,1,C03,7,9,1,10,2,12,,25,25,1,22,8,C03,120.690352,24.126401,2
2022,10,19,7,30,臺中市,霧峰區,0,1,0,8,1,5,40,3,1,1,5,4,5,7,4,4,10,5,4,2,16,9,3,10,3,4,B12,7,6,1,8,2,5,,9,9,1,3,8,B12,120.688842,24.043309,2
2022,10,19,7,30,臺中市,東勢區,0,0,0,8,,,60,,,,,,,,,,,,,,,23,,,,,B12,,,1,,1,,,23,,1,21,,B12,120.831806,24.24684,3
2022,10,19,7,33,臺中市,烏日區,0,1,0,8,1,5,60,14,8,1,5,4,5,7,4,4,1,4,4,1,18,23,2,9,1,1,C03,7,12,1,10,2,14,12,23,23,1,21,8,C03,120.640614,24.108757,2
2022,10,19,7,34,臺中市,豐原區,0,1,0,8,1,5,50,5,9,1,5,4,5,7,2,1,5,4,4,2,17,23,3,10,3,4,B03,7,6,1,8,2,5,,23,23,1,22,8,B03,120.723818,24.247365,2
2022,10,19,7,35,臺中市,霧峰區,0,1,0,8,1,5,30,14,9,1,5,4,5,7,4,4,10,5,5,1,13,23,2,9,1,1,C03,7,9,1,10,2,11,,23,23,1,18,8,C03,120.6934,24.062076,2
2022,10,19,7,40,臺中市,西區,0,0,0,,,,50,,,,,,,,,,,,,,,23,,,,,C03,,,3,,1,,,23,,1,21,,C03,120.667738,24.130959,3
2022,10,19,7,40,臺中市,龍井區,0,0,0,8,,,60,,,,,,,,,,,,,,,23,,,,,B03,,,1,,1,,,23,,1,21,,B03,120.573146,24.187731,3
2022,10,19,7,40,臺中市,龍井區,0,1,0,8,1,5,60,5,1,1,5,4,5,7,1,1,3,4,3,1,16,9,3,10,1,1,B03,7,6,1,8,2,2,,9,9,1,20,8,B03,120.573929,24.184309,2
2022,10,19,7,40,臺中市,豐原區,0,1,0,8,1,5,50,14,7,1,5,4,5,7,4,4,5,5,4,2,13,16,3,10,1,1,C03,7,9,1,10,2,11,,16,16,1,17,8,C03,120.713888,24.249083,2
2022,10,19,7,41,臺中市,西區,0,1,0,8,1,5,50,4,1,1,5,4,5,7,4,4,10,5,5,2,15,6,2,9,1,1,C03,7,9,1,10,2,11,,6,6,1,21,8,C03,120.670953,24.147901,2
2022,10,19,7,43,臺中市,南區,0,0,0,,,,50,,,,,,,,,,,,,,,16,,,,,B03,,,1,,2,,,16,,1,5,,B03,120.662687,24.126984,3
2022,10,19,7,43,臺中市,大里區,0,1,0,8,1,5,50,4,1,1,5,4,5,7,1,1,5,4,4,2,17,26,3,10,3,4,B03,7,5,1,8,2,2,,26,26,1,12,8,B03,120.702455,24.09342,2
2022,10,19,7,45,臺中市,大雅區,0,1,0,8,1,5,30,14,9,1,5,4,5,7,4,4,10,5,5,2,13,16,2,8,1,1,C03,7,9,1,10,2,11,,16,16,1,22,8,C03,120.64628,24.231784,2
2022,10,19,7,45,臺中市,大雅區,0,1,0,8,1,5,50,3,1,1,5,4,5,7,1,1,5,5,5,1,16,6,3,10,1,1,B12,7,6,1,2,2,5,,6,6,1,22,9,B12,120.648007,24.216583,2
2022,10,19,7,47,臺中市,大雅區,0,1,0,8,1,5,30,14,9,1,5,4,5,7,4,4,10,5,5,2,18,23,2,9,1,1,C03,7,9,1,10,2,15,,23,23,1,22,9,C03,120.61009,24.232774,2
2022,10,19,7,49,臺中市,大里區,0,0,0,8,,,40,,,,,,,,,,,,,,,23,,,,,C03,,,1,,2,,,23,,1,3,,C03,120.697086,24.090231,3
2022,10,19,7,50,臺中市,大里區,0,1,0,8,1,5,40,8,9,1,5,4,5,7,4,4,5,5,5,1,13,16,2,8,1,1,C03,7,9,1,10,2,11,,16,16,1,4,8,C03,120.685276,24.089883,2
2022,10,19,7,55,臺中市,北區,0,1,0,8,1,5,50,4,1,1,5,4,5,7,1,1,10,5,5,2,16,8,2,8,1,1,C03,7,5,1,10,2,14,,8,8,1,22,8,C03,120.690635,24.157243,2
2022,10,19,7,55,臺中市,北區,0,0,0,,,,50,,,,,,,,,,,,,,,23,,,,,B12,,,1,,1,,,23,,1,21,,B12,120.675858,24.159215,3
2022,10,19,7,55,臺中市,北屯區,0,1,0,8,1,5,50,5,1,1,5,4,5,7,4,4,10,5,5,2,15,6,2,8,1,1,C03,7,9,1,10,2,11,,6,6,1,21,8,C03,120.66073,24.193671,2
2022,10,19,7,58,臺中市,東勢區,0,0,0,8,,,50,,,,,,,,,,,,,,,23,,,,,B12,,,1,,2,,,23,,1,21,,B12,120.821485,24.261268,3
2022,10,19,8,0,臺中市,北區,0,3,0,8,1,5,50,14,8,1,5,4,5,7,4,4,8,3,4,2,12,23,2,9,1,1,C03,7,9,1,10,2,12,,23,17,1,4,8,C03,120.672904,24.149467,2
2022,10,19,8,0,臺中市,和平區,0,0,0,8,,,30,,,,,,,,,,,,,,,17,,,,,B03,,,1,,1,,,17,17,1,20,,B03,121.295156,24.326489,3
2022,10,19,8,6,臺中市,烏日區,0,0,0,8,,,40,,,,,,,,,,,,,,,7,,,,,A12,,,1,,2,,,7,,1,10,,A12,120.660596,24.096875,3
2022,10,19,8,7,臺中市,西區,0,2,0,8,1,5,50,14,9,1,5,4,5,7,4,4,5,4,5,2,12,17,3,10,1,1,B03,7,9,1,8,2,2,,17,17,1,22,8,B03,120.666126,24.146713,2
2022,10,19,8,10,臺中市,豐原區,0,1,0,8,1,5,50,4,9,1,5,4,5,7,2,1,3,5,5,2,15,25,3,10,3,4,C03,7,9,1,10,2,11,,25,25,1,22,8,C03,120.720844,24.251748,2
2022,10,19,8,12,臺中市,北區,0,0,0,8,,,50,,,,,,,,,,,,,,,16,,,,,C03,,,4,,2,,,16,,1,22,,C03,120.67192,24.171681,3
2022,10,19,8,14,臺中市,梧棲區,0,0,0,8,,,50,,,,,,,,,,,,,,,43,,,,,B03,,,1,,2,,,43,,1,5,,B03,120.533842,24.259015,3
2022,10,19,8,18,臺中市,梧棲區,0,0,0,8,,,70,,,,,,,,,,,,,,,23,,,,,B12,,,1,,1,,,23,,1,3,,B12,120.55583,24.250591,4
2022,10,19,8,19,臺中市,太平區,0,0,0,8,,,80,,,,,,,,,,,,,,,16,,,,,B03,,,1,,2,,,16,,1,23,,B03,120.717348,24.157287,3
2022,10,19,8,21,臺中市,南屯區,0,0,0,8,1,5,30,14,9,1,5,4,5,7,4,4,10,5,5,2,17,23,3,10,1,1,B03,7,9,1,8,2,2,,23,23,1,22,8,B03,120.639625,24.13832,3
2022,10,19,8,25,臺中市,石岡區,0,2,0,8,1,5,40,8,8,1,5,4,5,7,4,4,1,4,4,1,12,23,2,9,1,1,C03,7,9,1,10,2,11,,23,23,1,21,8,C03,120.820133,24.261155,2
2022,10,19,8,25,臺中市,豐原區,0,2,0,8,1,5,50,4,1,1,5,4,5,7,1,1,10,5,5,2,3,52,2,9,4,5,H01,8,16,8,20,2,16,,52,52,1,20,8,H01,120.72853,24.257188,2
2022,10,19,8,30,臺中市,清水區,0,0,0,8,,,50,,,,,,,,,,,,,,,23,,,,,B03,,,1,,1,,,23,,1,21,,B03,120.567492,24.274654,3
2022,10,19,8,46,臺中市,北區,0,2,0,8,1,5,50,4,4,1,5,4,5,7,2,1,10,5,5,2,12,23,2,8,1,1,C03,7,9,1,10,2,12,,23,23,1,4,8,C03,120.669865,24.159234,2
2022,10,19,8,58,臺中市,北屯區,0,1,0,8,1,5,50,3,1,1,5,4,5,7,4,4,10,5,5,2,16,6,2,9,1,1,F01,7,6,8,20,2,16,,6,6,1,21,8,F01,120.751093,24.165196,2
2022,10,19,8,58,臺中市,烏日區,0,1,0,8,1,5,50,3,2,1,5,4,5,7,1,1,1,4,4,2,17,8,3,10,1,1,B03,7,5,1,8,2,15,,8,8,1,19,8,B03,120.625598,24.10871,2
2022,10,19,9,0,臺中市,南區,0,1,0,8,1,5,50,4,1,1,5,4,5,7,4,4,10,5,5,2,15,6,3,10,1,1,C03,7,9,1,10,2,11,,6,6,1,18,8,C03,120.67258,24.125803,2
2022,10,19,9,1,臺中市,沙鹿區,0,0,0,8,,,30,,,,,,,,,,,,,,,23,,,,,B03,,,1,,2,,,23,,1,21,,B03,120.574921,24.23035,3
2022,10,19,9,8,臺中市,烏日區,0,0,0,8,,,60,,,,,,,,,,,,,,,23,,,,,B03,,,1,,2,,,23,,1,21,,B03,120.648096,24.086509,3
2022,10,19,9,15,臺中市,西區,0,0,0,,,,50,,,,,,,,,,,,,,,6,,,,,B03,,,1,,1,,,6,,1,21,,B03,120.668192,24.149007,3
2022,10,19,9,20,臺中市,霧峰區,0,0,0,8,,,40,,,,,,,,,,,,,,,12,,,,,A12,,,1,,2,,,12,,1,10,,A12,120.679575,24.05826,3
2022,10,19,9,23,臺中市,大里區,0,0,0,8,,,40,,,,,,,,,,,,,,,23,,,,,B11,,,1,,2,,,23,,1,5,,B11,120.66466,24.092029,3
2022,10,19,9,28,臺中市,太平區,0,1,0,8,1,5,50,3,2,1,5,4,5,7,4,4,5,5,5,1,12,1,3,10,1,1,C03,7,4,1,10,2,12,,1,1,1,22,8,C03,120.722627,24.118878,2
2022,10,19,9,30,臺中市,霧峰區,0,0,0,8,1,5,30,14,9,1,5,4,5,7,4,4,10,5,5,2,16,19,,,,,C03,,,3,,2,,,19,,1,12,,C03,120.714918,24.073216,3
2022,10,19,9,30,臺中市,和平區,0,0,0,8,1,5,30,14,9,4,5,4,5,7,4,4,10,5,5,2,11,23,3,10,1,1,B03,7,9,1,8,2,8,,23,23,1,22,9,B03,121.25529,24.253642,3
2022,10,19,9,30,臺中市,神岡區,0,0,0,8,,,50,,,,,,,,,,,,,,,16,,,,,B03,,,1,,1,,,16,,1,12,,B03,120.694281,24.248659,3
2022,10,19,9,41,臺中市,潭子區,0,1,0,8,1,5,50,4,1,1,5,4,5,7,2,1,10,5,5,2,16,25,2,9,1,1,C03,7,5,1,10,2,11,,25,25,1,20,8,C03,120.700636,24.211594,2
2022,10,19,9,47,臺中市,南屯區,0,1,0,8,1,5,50,4,1,1,5,4,5,7,2,1,10,5,5,2,16,6,3,10,1,1,B03,7,5,1,8,2,1,,6,6,1,22,8,B03,120.649912,24.136676,2
2022,10,19,9,55,臺中市,東勢區,0,0,0,8,,,40,,,,,,,,,,,,,,,23,,,,,B03,,,1,,2,,,23,23,1,21,,B03,120.832383,24.24563,3
2022,10,19,9,56,臺中市,西區,0,2,0,8,1,5,50,4,1,1,5,4,5,7,1,1,10,5,5,2,16,19,2,9,1,1,C03,7,1,1,10,2,14,,19,19,1,22,9,C03,120.678394,24.136479,2
2022,10,19,10,0,臺中市,清水區,0,1,0,8,1,5,50,3,1,1,5,4,5,7,4,4,8,3,5,1,16,6,3,10,1,1,B03,7,5,1,8,2,1,,6,6,1,21,8,B03,120.558988,24.266887,2
2022,10,19,10,3,臺中市,大甲區,0,0,0,8,,,50,,,,,,,,,,,,,,,17,,,,,B03,,,1,,1,,,17,,1,6,,B03,120.626073,24.346881,3
2022,10,19,10,22,臺中市,潭子區,0,0,0,8,,,60,,,,,,,,,,,,,,,23,,,,,B03,,,1,,2,,,23,,1,22,,B03,120.690219,24.224809,3
2022,10,19,10,23,臺中市,龍井區,0,0,0,8,,,50,,,,,,,,,,,,,,,23,,,,,B03,,,1,,2,,,23,,1,21,,B03,120.586185,24.187836,3
2022,10,19,10,24,臺中市,新社區,0,2,0,8,1,5,40,11,9,1,5,4,5,1,4,4,5,5,5,1,17,4,3,10,1,1,B03,7,9,1,8,2,4,,4,4,1,22,8,B03,120.82039,24.172706,2
2022,10,19,10,26,臺中市,北屯區,0,0,0,8,,,50,,,,,,,,,,,,,,,12,,,,,B03,,,1,,1,,,12,,1,21,,B03,120.673518,24.180726,3
2022,10,19,10,26,臺中市,沙鹿區,0,1,0,8,1,5,50,3,1,1,5,4,5,7,1,1,10,5,5,2,16,6,3,10,1,1,B11,7,5,1,4,2,1,,6,6,1,23,8,B11,120.570535,24.217277,2
2022,10,19,10,28,臺中市,大里區,0,0,0,8,,,50,,,,,,,,,,,,,,,23,,,,,B03,,,1,,2,,,23,,1,3,,B03,120.705266,24.09547,3
2022,10,19,10,29,臺中市,豐原區,0,1,0,8,1,5,50,3,1,1,5,4,5,7,1,1,10,5,5,2,12,43,3,10,1,1,B01,7,9,1,4,2,2,,43,43,1,10,8,B01,120.722763,24.254008,2
2022,10,19,10,40,臺中市,神岡區,0,0,0,8,,,50,,,,,,,,,,,,,,,12,,,,,B03,,,1,,1,,,12,,1,21,,B03,120.68476,24.244423,3
2022,10,19,10,45,臺中市,大里區,0,0,0,8,,,50,,,,,,,,,,,,,,,23,,,,,B03,,,1,,2,,,23,,1,5,,B03,120.698728,24.101616,3
2022,10,19,10,47,臺中市,潭子區,0,0,0,8,,,60,,,,,,,,,,,,,,,7,,,,,B03,,,1,,2,,,7,,1,22,,B03,120.717781,24.197709,3
2022,10,19,10,52,臺中市,太平區,0,0,0,8,,,50,,,,,,,,,,,,,,,42,,,,,B12,,,1,,2,,,42,,1,22,,B12,120.725954,24.141809,3
2022,10,19,10,56,臺中市,北屯區,0,1,0,8,1,5,50,4,18,1,5,4,5,7,1,1,1,5,5,2,1,15,3,10,1,1,B03,7,5,1,8,2,8,,15,15,1,21,8,B03,120.694194,24.171077,2
2022,10,19,11,0,臺中市,南屯區,0,1,0,8,1,5,50,4,1,1,5,4,5,7,4,4,10,5,5,2,12,8,2,9,1,1,C03,7,5,3,18,2,14,,8,8,1,22,8,C03,120.653005,24.135752,2
2022,10,19,11,9,臺中市,烏日區,0,0,0,8,,,50,,,,,,,,,,,,,,,9,,,,,B03,,,1,,2,,,9,,1,21,,B03,120.6423,24.064862,3
2022,10,19,11,17,臺中市,大里區,0,0,0,8,1,5,50,14,9,1,5,4,5,7,4,4,5,5,5,2,16,18,,,,,B12,,,1,,2,,,18,,1,10,,B12,120.714477,24.102661,3
2022,10,19,11,19,臺中市,西屯區,0,1,0,8,1,5,50,14,9,1,5,4,5,7,4,4,5,5,5,2,16,19,2,9,3,4,C03,7,1,1,10,2,14,,19,19,1,22,8,C03,120.667943,24.174476,2
2022,10,19,11,25,臺中市,南區,0,0,0,8,,,50,,,,,,,,,,,,,,,19,,,,,B03,,,1,,2,,,19,,1,5,,B03,120.680419,24.131888,3
2022,10,19,11,29,臺中市,清水區,0,0,0,8,,,50,,,,,,,,,,,,,,,23,,,,,B03,,,1,,2,,,23,,1,5,,B03,120.568463,24.269418,3
2022,10,19,11,30,臺中市,南區,0,0,0,8,1,5,1,14,9,1,5,4,5,7,4,4,10,5,5,2,17,23,3,10,1,1,B03,7,1,1,8,11,5,,23,23,1,22,8,B03,120.667051,24.126174,3
2022,10,19,11,44,臺中市,梧棲區,0,0,0,,,,60,,,,,,,,,,,,,,,17,,,,,B03,,,1,,2,,,17,,1,4,,B03,120.534774,24.246208,3
2022,10,19,11,48,臺中市,西區,0,1,0,8,1,5,50,4,1,1,5,4,5,7,2,1,10,5,5,2,29,42,2,9,1,1,C03,7,9,1,10,2,12,,42,42,1,2,9,C03,120.662578,24.155724,2
2022,10,19,11,53,臺中市,南屯區,0,0,0,8,,,50,,,,,,,,,,,,,,,12,,,,,B12,,,1,,9,,,12,,2,22,,B12,120.651807,24.152319,3
2022,10,19,11,55,臺中市,北屯區,0,0,0,8,,,50,,,,,,,,,,,,,,,23,,,,,B12,,,1,,2,,,23,,1,21,,B12,120.703765,24.160145,3
2022,10,19,11,55,臺中市,沙鹿區,0,0,0,8,,,50,,,,,,,,,,,,,,,8,,,,,B03,,,1,,2,,,8,,1,21,,B03,120.524581,24.236265,3
2022,10,19,12,0,臺中市,西區,0,0,0,,,,30,,,,,,,,,,,,,,,4,,,,,B03,,,1,,1,,,4,,1,21,,B03,120.664754,24.153018,3
2022,10,19,12,0,臺中市,大里區,0,1,0,8,1,5,30,3,1,1,5,4,5,7,4,4,1,4,4,1,16,6,3,10,1,1,B03,7,6,1,8,2,8,,6,6,1,5,8,B03,120.696599,24.085993,2
2022,10,19,12,5,臺中市,大雅區,0,0,0,8,,,50,,,,,,,,,,,,,,,23,,,,,C03,,,1,,2,,,44,23,1,22,,C03,120.647835,24.215959,3
2022,10,19,12,5,臺中市,南屯區,0,0,0,,,,50,,,,,,,,,,,,,,,7,,,,,B03,,,1,,1,,,7,,1,22,,B03,120.607076,24.136401,3
2022,10,19,12,5,臺中市,后里區,0,1,0,8,1,5,50,4,1,1,5,4,5,7,1,1,10,5,5,2,15,25,3,10,1,1,B12,7,9,1,8,2,2,,25,25,1,21,1,B12,120.730461,24.309385,2
2022,10,19,12,11,臺中市,豐原區,0,3,0,8,1,5,50,4,1,1,5,4,5,7,1,1,4,1,4,2,15,25,2,9,1,1,F03,7,9,8,20,2,16,,25,25,1,19,5,F03,120.719452,24.239211,2
2022,10,19,12,12,臺中市,大里區,0,2,0,8,1,5,50,4,2,1,5,4,5,7,1,1,5,4,4,1,16,6,3,10,3,4,B12,7,6,1,8,2,5,,6,6,1,22,9,B12,120.672487,24.104855,2
2022,10,19,12,18,臺中市,大雅區,0,0,0,8,,,50,,,,,,,,,,,,,,,23,,,,,B03,,,1,,2,,,23,,1,22,,B03,120.63951,24.229546,3
2022,10,19,12,20,臺中市,北屯區,0,0,0,8,,,50,,,,,,,,,,,,,,,7,,,,,B03,,,1,,1,,,7,,1,21,,B03,120.673691,24.199185,3
2022,10,19,12,40,臺中市,大雅區,0,1,0,8,1,5,50,4,2,1,5,4,5,7,1,1,5,5,4,1,17,9,3,10,1,1,A12,7,6,1,3,2,15,,9,9,1,22,9,A12,120.630569,24.210382,2
2022,10,19,12,43,臺中市,太平區,0,0,0,8,,,40,,,,,,,,,,,,,,,23,,,,,C03,,,3,,11,,,23,,1,22,,C03,120.713969,24.141343,3
2022,10,19,12,56,臺中市,北區,0,2,0,8,1,5,50,4,1,1,5,4,5,7,1,1,10,5,5,2,16,9,3,10,1,1,B03,7,6,1,8,2,5,,9,9,1,22,8,B03,120.677303,24.151254,2
2022,10,19,12,59,臺中市,潭子區,0,1,0,8,1,5,50,4,1,1,5,4,5,7,1,1,5,4,4,2,15,25,3,10,1,1,B03,7,9,1,8,2,5,,25,25,1,22,9,B03,120.706152,24.202327,2
2022,10,19,13,3,臺中市,北區,0,0,0,,,,40,,,,,,,,,,,,,,,7,,,,,C03,,,1,,1,,,7,,1,21,,C03,120.683046,24.146054,3
2022,10,19,13,10,臺中市,清水區,0,0,0,,,,50,,,,,,,,,,,,,,,17,,,,,A05,,,1,,2,,,17,,1,10,,A05,120.571787,24.268535,3
2022,10,19,13,10,臺中市,豐原區,0,0,0,8,,,50,,,,,,,,,,,,,,,10,,,,,B12,,,1,,2,,,10,,1,21,,B12,120.713897,24.249286,3
2022,10,19,13,14,臺中市,大里區,0,0,0,8,,,30,,,,,,,,,,,,,,,17,,,,,B03,,,1,,2,,,44,17,1,22,,B03,120.692033,24.086888,3
2022,10,19,13,33,臺中市,西屯區,0,0,0,8,,,50,,,,,,,,,,,,,,,16,,,,,B03,,,1,,2,,,16,,1,22,,B03,120.643228,24.165253,3
2022,10,19,13,35,臺中市,西區,0,1,0,8,1,5,50,4,1,1,5,4,5,7,4,4,10,5,5,2,15,6,2,9,1,1,C03,7,9,1,10,2,12,,6,6,1,22,8,C03,120.662369,24.157003,2
2022,10,19,13,37,臺中市,西區,0,0,0,8,,,50,,,,,,,,,,,,,,,23,,,,,B03,,,1,,2,,,23,,1,4,,B03,120.671412,24.134573,3
2022,10,19,13,40,臺中市,北區,0,1,0,8,1,5,50,4,1,1,5,4,5,7,1,1,10,5,5,2,17,26,3,10,1,1,B03,7,5,6,18,4,15,,26,26,1,22,8,B03,120.691041,24.158738,2
2022,10,19,13,42,臺中市,大里區,0,1,0,8,1,5,40,4,1,1,5,4,5,7,1,1,10,5,5,2,16,6,3,10,3,4,B03,7,5,1,8,2,1,,6,6,1,3,8,B03,120.715726,24.099169,2
2022,10,19,13,50,臺中市,南屯區,0,0,0,8,,,40,,,,,,,,,,,,,,,25,,,,,B03,,,1,,1,,,25,,1,22,,B03,120.622713,24.145413,3
2022,10,19,14,6,臺中市,北區,0,1,0,8,1,5,30,4,2,1,5,4,5,7,4,4,5,4,5,1,16,14,3,10,3,4,B12,7,9,1,8,2,4,,14,23,1,22,9,B12,120.679966,24.162541,2
2022,10,19,14,9,臺中市,南區,0,1,0,8,1,5,50,4,1,1,5,4,5,7,2,1,10,5,5,2,13,23,2,9,1,1,C03,7,5,1,10,2,11,,23,23,1,21,8,C03,120.663641,24.120056,2
2022,10,19,14,10,臺中市,南屯區,0,0,0,,,,50,,,,,,,,,,,,,,,12,,,,,B03,,,1,,1,,,12,,1,22,,B03,120.610981,24.132921,4
2022,10,19,14,15,臺中市,西區,0,0,0,8,,,50,,,,,,,,,,,,,,,18,,,,,B02,,,1,,1,,,18,,1,22,,B02,120.665386,24.155737,3
2022,10,19,14,15,臺中市,清水區,0,1,0,8,1,5,50,4,1,1,5,4,5,7,2,1,1,4,4,1,13,23,2,3,1,1,B02,7,9,2,18,2,1,,23,23,1,21,8,B02,120.573023,24.262897,2
2022,10,19,14,18,臺中市,豐原區,0,0,0,8,,,50,,,,,,,,,,,,,,,43,,,,,,,,,,,,,43,,1,,,,120.760911,24.277248,3
2022,10,19,14,23,臺中市,豐原區,0,0,0,8,,,50,,,,,,,,,,,,,,,16,,,,,B03,,,1,,2,,,16,,1,4,,B03,120.730027,24.247805,3
2022,10,19,14,26,臺中市,北屯區,0,0,0,8,,,50,,,,,,,,,,,,,,,23,,,,,B02,,,1,,1,,,23,,1,21,,B02,120.69787,24.17096,3