年,月,日,時,分,縣市,區,死,受傷,2-30,天候,光線,道路類別,速限,道路型態,事故位置,路面鋪裝,路面狀態,路面缺陷,障礙物,視距,號誌種類,號誌動作,分向設施,快車道或一般車道間,快慢車道間,路面邊線,事故類型及型態,主要肇因,受傷程度,主要傷處,保護裝備,行動電話,當事者區分,車輛用途,當事者行動狀態,駕駛資格情形,駕駛執照種類,飲酒情形,車輛撞擊部位最初,車輛撞擊部位其他,肇事因素個別,肇事因素主要,肇事逃逸,職業,旅次目的,車種,GPS緯度,GPS經度,事故類別
2022,10,20,15,33,臺中市,西屯區,0,4,0,8,1,5,60,4,1,1,5,4,5,7,2,1,10,5,5,2,13,16,3,10,1,1,B03,7,9,3,18,2,8,,16,16,1,22,8,B03,120.630838,24.162441,2
2022,10,20,15,34,臺中市,大甲區,0,2,0,8,1,5,70,4,1,1,5,4,5,7,1,1,1,5,5,2,15,42,2,9,1,1,C03,7,9,1,10,2,11,12,42,42,1,20,8,C03,120.63384,24.36111,2
2022,10,20,15,38,臺中市,東區,0,1,0,8,1,5,50,14,9,1,5,4,5,7,4,4,5,4,5,2,17,23,2,9,1,1,C03,7,9,1,10,2,12,,23,23,1,22,8,C03,120.697619,24.147965,2
2022,10,20,15,39,臺中市,太平區,0,1,0,8,1,5,50,5,1,1,5,4,5,7,1,1,10,5,5,2,18,42,2,9,1,1,C03,7,9,1,10,2,12,,42,42,1,21,8,C03,120.723403,24.11826,2
2022,10,20,15,40,臺中市,清水區,0,1,0,8,1,5,50,4,1,1,5,4,5,7,1,1,5,5,5,1,3,8,3,10,1,1,B03,7,5,1,8,2,8,,8,8,1,22,8,B03,120.574728,24.266458,2
2022,10,20,15,42,臺中市,西屯區,0,1,0,8,1,5,30,3,2,1,5,4,5,7,1,3,8,3,5,1,12,42,3,10,1,1,B03,7,11,1,8,2,4,,42,42,1,22,8,B03,120.654527,24.188398,2
2022,10,20,15,42,臺中市,大里區,0,2,0,8,1,5,50,3,2,1,5,4,5,7,4,4,5,4,5,1,16,6,2,8,3,4,C03,7,9,1,10,2,11,,6,6,1,22,9,C03,120.699508,24.110029,2
2022,10,20,15,44,臺中市,南屯區,0,1,0,8,1,5,50,14,7,1,5,4,5,7,4,4,5,5,4,2,17,10,2,9,1,1,C03,7,9,1,10,2,12,,23,10,1,22,8,C03,120.637535,24.153785,2
2022,10,20,15,45,臺中市,烏日區,0,0,0,8,,,60,,,,,,,,,,,,,,,23,,,,,B03,,,1,,2,,,23,,1,21,,B03,120.608744,24.108089,3
2022,10,20,15,46,臺中市,南屯區,0,0,0,8,,,50,,,,,,,,,,,,,,,17,,,,,B12,,,1,,1,,,17,,1,22,,B12,120.650619,24.15233,3
2022,10,20,15,48,臺中市,南區,0,0,0,,,,50,,,,,,,,,,,,,,,12,,,,,B03,,,1,,2,,,12,,1,22,,B03,120.665786,24.119211,3
2022,10,20,15,49,臺中市,南屯區,0,1,0,8,1,5,30,4,1,1,5,4,5,7,1,1,5,5,5,2,3,60,2,9,4,5,H01,8,16,8,20,10,15,,60,60,1,22,8,H01,120.64829,24.132036,2
2022,10,20,15,49,臺中市,大甲區,0,1,0,8,1,5,50,5,1,1,5,4,5,7,1,1,10,5,5,2,16,6,3,10,1,1,B03,7,6,1,8,2,5,,6,6,1,5,8,B03,120.63238,24.34582,2
2022,10,20,15,50,臺中市,大雅區,0,1,0,8,1,5,50,3,1,1,5,4,5,7,3,1,9,4,4,1,17,6,3,10,1,1,B12,7,5,1,8,2,6,,6,6,1,22,9,B12,120.660063,24.231627,2
2022,10,20,16,4,臺中市,南區,0,1,0,8,1,5,50,14,9,1,5,4,5,7,4,4,1,4,5,2,17,23,3,10,1,1,C03,7,9,1,10,2,12,,23,23,1,18,8,C03,120.659194,24.111126,2
2022,10,20,16,5,臺中市,南區,0,0,0,,,,,,,,,,,,,,,,,,,67,,,,,,,,,,,,,67,,1,,,,120.678235,24.124894,3
2022,10,20,16,7,臺中市,西屯區,0,2,0,8,1,5,50,3,1,1,5,4,5,7,2,1,10,5,5,2,17,43,3,10,1,1,C03,7,14,1,10,2,12,,43,43,1,22,8,C03,120.664097,24.17259,2
2022,10,20,16,12,臺中市,大雅區,0,1,0,8,1,5,30,14,9,1,5,4,5,7,4,4,10,5,5,2,17,23,2,9,1,1,C03,7,9,1,10,11,11,,23,23,1,21,8,C03,120.647054,24.234732,2
2022,10,20,16,14,臺中市,東勢區,0,1,0,8,1,5,40,3,2,1,5,4,5,7,4,4,1,4,4,1,17,6,3,10,1,1,B03,7,6,1,8,2,15,,6,6,1,21,8,B03,120.831558,24.247503,2
2022,10,20,16,18,臺中市,南屯區,0,0,0,,,,50,,,,,,,,,,,,,,,23,,,,,B03,,,1,,2,,,23,,1,4,,B03,120.628609,24.140148,3
2022,10,20,16,20,臺中市,太平區,0,1,0,8,1,5,50,4,1,1,5,4,5,7,1,1,10,5,5,2,16,25,2,9,1,1,C03,7,9,1,10,2,14,,25,25,1,22,5,C03,120.700547,24.147973,2
2022,10,20,16,20,臺中市,梧棲區,0,0,0,8,,,50,,,,,,,,,,,,,,,6,,,,,B03,,,1,,1,,,6,,1,9,,B03,120.526459,24.22247,3
2022,10,20,16,23,臺中市,大里區,0,3,0,8,1,5,30,4,1,1,5,4,5,7,4,4,5,5,5,2,15,6,2,9,1,1,C03,7,9,1,10,2,14,,6,6,1,22,9,C03,120.685344,24.111992,2
2022,10,20,16,25,臺中市,南屯區,0,0,0,8,,,30,,,,,,,,,,,,,,,16,,,,,C03,,,1,,1,,,16,,1,22,,C03,120.615003,24.151545,3
2022,10,20,16,26,臺中市,沙鹿區,0,1,0,8,1,5,50,4,1,1,5,4,5,7,1,1,10,5,5,2,16,6,3,10,1,1,B03,7,5,1,8,2,5,,6,6,1,2,1,B03,120.561882,24.236926,2
2022,10,20,16,30,臺中市,北區,0,1,0,8,1,5,50,3,2,1,5,4,5,7,4,4,5,4,4,1,16,7,3,10,3,4,B03,7,8,1,8,2,5,,7,7,1,22,9,B03,120.652471,24.145588,2
2022,10,20,16,39,臺中市,霧峰區,0,1,0,8,1,5,30,4,1,1,5,4,5,7,4,4,10,5,5,2,15,6,2,9,1,1,C03,7,9,1,10,2,12,,6,6,1,22,9,C03,120.6983,24.0712,2
2022,10,20,16,48,臺中市,霧峰區,0,1,0,8,1,5,40,14,9,1,5,4,5,7,4,4,5,5,5,1,16,26,3,10,1,1,C03,7,5,1,10,2,14,,26,26,1,22,8,C03,120.715011,24.073647,2
2022,10,20,16,48,臺中市,烏日區,0,0,0,8,,,50,,,,,,,,,,,,,,,7,,,,,B03,,,1,,2,,,7,,1,21,,B03,120.643538,24.07772,3
2022,10,20,16,48,臺中市,豐原區,0,1,0,8,2,5,50,5,2,1,5,4,5,7,2,1,4,4,4,2,16,6,2,8,1,1,C03,7,5,4,3,2,11,,6,6,1,4,8,C03,120.714599,24.257538,2
2022,10,20,16,49,臺中市,烏日區,0,1,0,8,1,5,30,11,9,1,5,4,5,1,4,4,10,4,5,2,10,23,2,9,1,4,C03,7,9,1,10,2,11,,23,23,1,21,7,C03,120.642046,24.104601,2
2022,10,20,16,56,臺中市,霧峰區,0,0,0,8,,,50,,,,,,,,,,,,,,,16,,,,,B03,,,1,,1,,,16,,1,4,,B03,120.696496,24.065502,3
2022,10,20,17,1,臺中市,霧峰區,0,3,0,8,1,5,50,14,8,1,5,4,5,7,4,4,10,4,4,2,3,23,2,9,4,5,H01,8,18,8,20,10,16,,51,23,1,22,8,H01,120.707635,24.076537,2
2022,10,20,17,2,臺中市,南屯區,0,0,0,8,,,50,,,,,,,,,,,,,,,16,,,,,B03,,,1,,2,,,16,,1,5,,B03,120.628206,24.140582,3
2022,10,20,17,4,臺中市,大雅區,0,1,0,8,1,5,50,14,8,1,5,4,5,7,4,4,9,4,5,2,17,11,3,10,1,1,B12,7,11,1,8,2,8,,11,11,1,22,9,B12,120.647935,24.215007,2
2022,10,20,17,5,臺中市,東區,0,0,0,8,,,1,,,,,,,,,,,,,,,19,,,,,C03,,,1,,2,,,19,19,1,22,,C03,120.710466,24.145057,3
2022,10,20,17,7,臺中市,潭子區,0,1,0,8,1,5,50,3,2,1,5,4,5,7,4,4,5,4,5,1,17,23,2,9,1,1,C03,7,9,1,10,2,11,,23,23,1,22,8,C03,120.722601,24.203129,2
2022,10,20,17,10,臺中市,大雅區,0,0,0,8,,,50,,,,,,,,,,,,,,,7,,,,,B03,,,1,,1,,,7,,1,22,,B03,120.630312,24.240697,3
2022,10,20,17,10,臺中市,東勢區,0,1,0,8,1,5,50,4,1,1,5,4,5,7,3,1,10,5,5,2,10,26,2,9,1,1,C03,7,9,1,10,2,11,,26,26,1,19,8,C03,120.84213,24.25171,2
2022,10,20,17,14,臺中市,霧峰區,0,0,0,8,,,60,,,,,,,,,,,,,,,26,,,,,C03,,,1,,2,,,26,,1,4,,C03,120.6963,24.054327,3
2022,10,20,17,22,臺中市,豐原區,0,0,0,8,,,50,,,,,,,,,,,,,,,23,,,,,B03,,,1,,2,,,23,16,1,21,,B03,120.747434,24.26954,3
2022,10,20,17,24,臺中市,太平區,0,1,0,8,1,5,50,3,1,1,5,4,5,7,4,4,10,5,5,2,16,23,3,10,1,1,B03,7,14,3,18,2,8,,38,23,1,21,8,B03,120.70423,24.155078,2
2022,10,20,17,25,臺中市,大里區,0,2,0,8,3,5,50,3,2,1,5,4,5,7,4,4,5,5,5,1,11,26,2,7,1,1,C03,7,9,1,10,2,14,,26,26,1,22,8,C03,120.694348,24.090862,2
2022,10,20,17,28,臺中市,沙鹿區,0,2,0,8,1,5,50,4,1,1,5,4,5,7,2,1,1,4,4,2,17,44,2,8,1,1,C03,7,9,1,10,2,12,,23,44,1,22,9,C03,120.566909,24.229288,2
2022,10,20,17,29,臺中市,大里區,0,2,0,8,1,5,50,4,1,1,5,4,5,7,2,1,10,5,5,1,11,6,2,8,1,1,C03,7,5,1,10,2,12,,6,6,1,18,5,C03,120.70857,24.085295,2
2022,10,20,17,31,臺中市,大甲區,0,2,0,8,3,5,70,4,8,1,5,4,5,7,1,1,1,4,4,1,13,23,2,7,1,1,C03,7,9,1,10,2,11,,23,23,1,21,1,C03,120.64336,24.41257,2
2022,10,20,17,36,臺中市,南屯區,0,0,0,8,,,50,,,,,,,,,,,,,,,23,,,,,C03,,,1,,2,,,23,23,2,22,,C03,120.622507,24.140343,3
2022,10,20,17,37,臺中市,北屯區,0,1,0,8,2,5,50,3,1,1,5,4,5,7,1,1,10,5,5,2,16,25,3,10,1,1,B03,7,5,1,8,2,6,,25,25,1,22,8,B03,120.717776,24.182255,2
2022,10,20,17,40,臺中市,大安區,0,0,0,8,1,5,50,14,9,1,5,4,5,7,4,4,10,4,5,1,11,23,3,10,,,B03,7,9,1,8,1,8,,23,23,1,22,8,B03,120.603961,24.35006,3
2022,10,20,17,45,臺中市,龍井區,0,1,0,8,3,5,50,3,2,1,5,4,5,7,4,4,10,3,2,2,16,6,2,9,1,1,C03,7,9,1,10,2,14,,23,23,1,22,9,C03,120.573759,24.185856,2
2022,10,20,17,46,臺中市,北屯區,0,2,0,8,3,5,50,5,1,1,5,4,5,7,2,1,10,5,5,2,16,6,2,9,1,1,C02,7,6,1,9,2,14,,6,6,1,21,8,C02,120.686571,24.188506,2
2022,10,20,17,52,臺中市,西屯區,0,0,0,8,,,50,,,,,,,,,,,,,,,17,,,,,B03,,,1,,11,,,17,,1,22,,B03,120.641076,24.167898,3
2022,10,20,18,3,臺中市,南區,0,0,0,8,1,5,50,14,9,1,5,4,5,7,4,4,5,4,5,2,12,7,3,10,1,1,C03,7,7,1,10,2,14,,7,7,1,5,8,C03,120.682502,24.134035,3
2022,10,20,18,3,臺中市,龍井區,0,1,0,8,3,5,40,14,8,1,5,4,5,7,4,4,3,4,4,1,13,16,2,8,1,1,C03,7,9,1,10,2,11,,16,16,1,22,9,C03,120.579735,24.194404,2
2022,10,20,18,4,臺中市,大雅區,0,0,0,8,,,50,,,,,,,,,,,,,,,23,,,,,C03,,,1,,2,,,23,,1,21,,C03,120.642273,24.229109,3
2022,10,20,18,5,臺中市,西區,0,2,0,8,3,5,50,14,9,1,5,4,5,7,4,4,5,4,5,2,13,16,2,9,1,1,C03,7,9,1,10,2,11,,16,16,1,8,9,C03,120.667222,24.146752,2
2022,10,20,18,5,臺中市,烏日區,0,1,0,8,3,5,50,7,9,1,5,4,5,7,4,4,5,5,5,2,13,16,2,9,1,1,C03,7,9,1,10,2,11,,16,16,1,21,8,C03,120.62548,24.109204,2
2022,10,20,18,6,臺中市,潭子區,0,0,0,8,,,30,,,,,,,,,,,,,,,23,,,,,B03,,,1,,2,,,23,23,1,22,,B03,120.689733,24.231775,3
2022,10,20,18,7,臺中市,大里區,0,1,0,8,3,5,60,5,1,1,5,4,5,7,1,1,1,2,5,2,12,42,2,9,1,1,C03,7,9,1,10,2,14,,42,42,1,22,9,C03,120.671678,24.102369,2
2022,10,20,18,9,臺中市,北區,0,1,0,8,3,5,50,3,2,1,5,4,5,7,4,4,5,4,4,1,17,23,2,9,3,4,C03,7,9,1,10,2,12,,23,23,1,22,9,C03,120.680806,24.158003,2
2022,10,20,18,13,臺中市,沙鹿區,0,0,0,8,,,50,,,,,,,,,,,,,,,6,,,,,B12,,,1,,2,,,6,,1,22,,B12,120.566612,24.23626,3
2022,10,20,18,15,臺中市,大雅區,0,1,0,8,1,5,50,3,1,1,5,4,5,7,4,4,9,4,4,1,17,6,3,10,1,1,B03,7,6,1,8,2,2,,6,6,1,22,9,B03,120.649939,24.227144,2
2022,10,20,18,15,臺中市,北區,0,1,0,8,3,5,40,14,8,1,5,4,5,7,4,4,1,4,4,2,18,43,2,9,1,1,C03,7,9,1,10,2,14,,43,43,1,20,8,C03,120.677494,24.153092,2
2022,10,20,18,15,臺中市,東區,0,0,0,,,,50,,,,,,,,,,,,,,,16,,,,,B03,,,1,,2,,,16,,1,22,,B03,120.707527,24.136208,3
2022,10,20,18,20,臺中市,沙鹿區,0,1,0,8,3,5,50,14,7,1,5,4,5,7,4,4,5,5,4,2,13,23,2,8,1,1,C03,7,9,1,10,2,11,,23,23,1,18,2,C03,120.579241,24.219751,2
2022,10,20,18,28,臺中市,沙鹿區,0,0,0,8,,,60,,,,,,,,,,,,,,,7,,,,,B03,,,1,,2,,,7,,1,22,,B03,120.573781,24.230041,3
2022,10,20,18,30,臺中市,大雅區,0,2,0,8,3,5,50,4,1,1,5,4,5,7,1,1,10,5,5,2,15,25,2,8,1,1,C03,7,9,1,10,2,11,,25,25,1,22,8,C03,120.649537,24.216313,2
2022,10,20,18,30,臺中市,南屯區,0,0,0,,,,50,,,,,,,,,,,,,,,43,,,,,B03,,,1,,2,,,43,,1,4,,B03,120.63397,24.142314,3
2022,10,20,18,31,臺中市,西區,0,0,0,,,,50,,,,,,,,,,,,,,,23,,,,,B03,,,1,,1,,,23,,1,22,,B03,120.673517,24.147762,3
2022,10,20,18,31,臺中市,后里區,0,1,0,8,3,5,50,14,8,1,5,4,5,5,4,4,4,4,4,2,13,28,3,10,3,4,B03,7,13,1,8,2,7,,28,28,1,4,8,B03,120.700312,24.309804,2
2022,10,20,18,32,臺中市,北屯區,0,1,0,8,3,5,50,14,9,1,5,4,5,7,4,4,1,4,5,2,16,26,2,8,1,1,C03,7,1,1,10,2,11,,26,26,1,22,8,C03,120.693395,24.163112,2
2022,10,20,18,34,臺中市,南區,0,1,0,8,3,5,50,4,2,1,5,4,5,7,2,1,3,2,4,2,16,6,3,10,1,1,B03,7,6,1,8,2,2,,6,6,1,21,8,B03,120.671986,24.119141,2
2022,10,20,18,34,臺中市,大里區,0,2,0,8,3,5,50,4,1,1,5,4,5,7,1,1,10,5,5,2,13,23,2,9,1,1,C03,7,9,1,10,2,11,,23,23,1,22,8,C03,120.690064,24.092694,2
2022,10,20,18,35,臺中市,龍井區,0,3,0,8,3,5,40,14,8,1,5,4,5,7,4,4,3,4,3,1,13,16,2,9,1,1,C03,7,9,1,10,2,13,,16,16,1,22,2,C03,120.580879,24.199928,2
2022,10,20,18,36,臺中市,西區,0,3,0,8,3,5,50,4,1,1,5,4,5,7,2,1,10,5,5,2,16,9,3,10,1,1,B03,7,6,1,8,2,5,,9,9,1,5,8,B03,120.678394,24.136479,2
2022,10,20,18,36,臺中市,南區,0,2,0,8,3,5,50,4,1,1,5,4,5,7,4,4,1,4,5,2,18,23,2,9,1,4,C03,7,9,1,10,2,11,,23,23,1,21,8,C03,120.656512,24.12066,2
2022,10,20,18,40,臺中市,北區,0,1,0,8,3,5,50,3,1,1,5,4,5,7,1,1,2,4,4,1,18,43,2,9,1,1,C03,7,12,1,10,2,15,,43,43,1,21,1,C03,120.691041,24.158738,2
2022,10,20,18,41,臺中市,南屯區,0,0,0,,,,50,,,,,,,,,,,,,,,7,,,,,B03,,,1,,2,,,7,7,1,22,,B03,120.64647,24.125434,3
2022,10,20,18,41,臺中市,龍井區,0,0,0,,,,30,,,,,,,,,,,,,,,23,,,,,C03,,,1,,2,,,23,,1,22,,C03,120.592745,24.182348,4
2022,10,20,18,41,臺中市,烏日區,0,1,0,7,3,5,50,4,2,1,5,4,5,7,4,4,5,4,5,1,18,23,2,9,1,1,C03,7,9,1,10,2,12,14,23,23,1,21,8,C03,120.65329,24.055924,2
2022,10,20,18,45,臺中市,后里區,0,2,0,8,3,5,50,4,1,1,5,4,5,7,1,1,5,5,5,1,16,6,2,8,1,1,C03,7,5,1,10,2,11,,6,27,1,21,8,C03,120.702278,24.298986,2
2022,10,20,18,46,臺中市,大里區,0,1,0,8,1,5,50,3,1,1,5,4,5,7,2,1,10,5,5,2,11,6,3,10,1,1,B03,7,5,1,8,2,2,,6,6,1,4,5,B03,120.729377,24.093287,2
2022,10,20,18,47,臺中市,西區,0,0,0,8,,,50,,,,,,,,,,,,,,,16,,,,,B03,,,1,,1,,,16,,1,22,,B03,120.671819,24.149139,3
2022,10,20,18,47,臺中市,南屯區,0,1,0,8,3,5,50,4,1,1,5,4,5,7,1,1,10,5,5,2,16,6,3,10,1,1,B03,7,6,1,8,2,2,,6,6,1,22,8,B03,120.635375,24.151525,2
2022,10,20,18,48,臺中市,西區,0,0,0,8,,,50,,,,,,,,,,,,,,,23,,,,,A02,,,1,,1,,,23,,1,10,,A02,120.665837,24.15212,3
2022,10,20,18,48,臺中市,沙鹿區,0,3,0,8,3,5,50,4,1,1,5,4,5,7,2,1,10,5,5,2,16,9,2,8,1,1,C03,7,6,1,10,2,12,,9,9,1,18,2,C03,120.575411,24.226489,2
2022,10,20,18,48,臺中市,大甲區,0,1,0,8,3,5,50,5,1,1,5,4,5,7,1,1,10,5,5,2,17,23,3,10,1,1,B12,7,9,1,8,2,2,,23,23,1,21,8,B12,120.63212,24.35546,2
2022,10,20,18,55,臺中市,北屯區,0,0,0,8,,,80,,,,,,,,,,,,,,,23,,,,,B03,,,1,,1,,,23,,1,21,,B03,120.718903,24.163376,3
2022,10,20,18,59,臺中市,北區,0,0,0,,,,50,,,,,,,,,,,,,,,23,,,,,B03,,,1,,11,,,23,23,1,22,,B03,120.686252,24.15482,3
2022,10,20,19,0,臺中市,南屯區,0,0,0,,,,40,,,,,,,,,,,,,,,23,,,,,B03,,,1,,2,,,23,,1,4,,B03,120.634348,24.136786,3
2022,10,20,19,14,臺中市,沙鹿區,0,1,0,8,3,5,50,5,1,1,5,4,5,7,2,1,1,4,2,2,12,7,2,2,1,1,A41,7,8,1,1,2,8,,7,7,1,10,9,A41,120.571385,24.199228,2
2022,10,20,19,19,臺中市,西屯區,0,1,0,8,3,5,50,4,2,1,5,4,5,7,2,1,8,3,4,1,11,6,3,10,1,1,B03,7,11,1,8,2,1,,6,6,1,20,8,B03,120.648777,24.158585,2
2022,10,20,19,22,臺中市,太平區,0,1,0,8,3,5,50,4,1,1,5,4,5,7,2,1,10,5,5,2,16,6,2,7,1,1,C03,7,5,1,8,2,11,,6,6,1,21,8,C03,120.714368,24.137845,2
2022,10,20,19,24,臺中市,豐原區,0,0,0,8,,,60,,,,,,,,,,,,,,,16,,,,,B03,,,1,,2,,,16,16,1,22,,B03,120.729594,24.243136,3
2022,10,20,19,35,臺中市,東區,0,0,0,8,,,50,,,,,,,,,,,,,,,12,,,,,A12,,,1,,2,,,12,,1,10,,A12,120.701537,24.143117,3
2022,10,20,19,50,臺中市,東區,0,2,0,8,1,5,50,14,9,1,5,4,5,7,4,4,9,5,5,2,16,3,3,10,1,1,B03,7,5,1,8,2,2,,3,3,1,22,8,B03,120.701447,24.138263,2
2022,10,20,19,51,臺中市,北屯區,0,1,0,8,3,5,50,4,1,1,5,4,5,7,2,1,10,5,5,2,16,6,3,10,1,1,C03,7,6,2,18,2,12,,6,6,1,16,8,C03,120.68534,24.17232,2
2022,10,20,19,58,臺中市,東區,0,0,0,8,,,50,,,,,,,,,,,,,,,43,,,,,B03,,,1,,10,,,43,43,1,22,,B03,120.696594,24.15036,3
2022,10,20,20,2,臺中市,北區,0,1,0,8,3,5,50,14,9,1,5,4,5,7,4,4,2,4,4,2,14,12,3,10,1,1,B03,7,2,1,8,2,7,,12,12,1,21,8,B03,120.685198,24.154015,2
2022,10,20,20,6,臺中市,大里區,0,0,0,8,1,5,60,14,9,1,5,4,5,7,4,4,1,4,4,2,17,42,,,,,C03,,,1,,2,,,42,,1,22,,C03,120.689081,24.079006,3
2022,10,20,20,15,臺中市,南區,0,2,0,8,3,5,50,3,1,1,5,4,5,7,4,4,1,4,5,2,16,6,3,10,1,1,B12,7,11,1,8,2,5,,6,6,1,22,8,B12,120.645857,24.111641,2
2022,10,20,20,20,臺中市,中區,0,1,0,8,3,5,50,4,1,1,5,4,5,7,1,1,10,5,5,2,16,6,3,10,1,1,B03,7,5,1,8,2,8,,6,6,1,22,8,B03,120.674312,24.14279,2
2022,10,20,20,21,臺中市,大雅區,0,0,0,8,,,30,,,,,,,,,,,,,,,17,,,,,B12,,,1,,1,,,17,17,1,22,,B12,120.647064,24.22267,3
2022,10,20,20,30,臺中市,沙鹿區,0,3,0,8,3,5,40,3,11,1,5,4,5,7,2,1,1,2,3,2,13,23,2,8,1,1,C03,7,9,1,10,2,11,,23,23,1,18,5,C03,120.574722,24.226653,2
2022,10,20,20,35,臺中市,西屯區,0,1,0,8,3,5,30,3,2,1,5,4,5,7,4,4,1,3,1,1,17,6,3,10,1,1,B11,7,6,1,8,2,7,,6,6,1,22,8,B11,120.61103,24.184841,2
2022,10,20,20,38,臺中市,北屯區,0,0,0,8,,,50,,,,,,,,,,,,,,,23,,,,,B03,,,1,,2,,,23,,1,22,,B03,120.681268,24.169658,3
2022,10,20,20,49,臺中市,南屯區,0,1,0,8,1,5,50,4,1,1,5,4,5,7,1,1,5,4,4,2,17,25,3,10,1,1,B03,7,6,1,8,2,5,,25,25,1,22,8,B03,120.623158,24.149807,2
2022,10,20,21,14,臺中市,西屯區,0,2,0,8,3,5,30,3,1,1,5,4,5,7,1,1,10,5,5,2,16,25,2,9,1,1,C03,7,5,1,10,2,14,,25,25,1,22,5,C03,120.655331,24.174999,2
2022,10,20,21,15,臺中市,東區,0,0,0,,,,50,,,,,,,,,,,,,,,23,,,,,B01,,,1,,2,,,23,,1,22,,B01,120.68908,24.134188,3
2022,10,20,21,23,臺中市,北屯區,0,0,0,8,,,30,,,,,,,,,,,,,,,6,,,,,B03,,,1,,1,,,6,,1,5,,B03,120.715026,24.163988,3
2022,10,20,21,30,臺中市,潭子區,0,0,0,8,,,50,,,,,,,,,,,,,,,25,,,,,B03,,,1,,2,,,25,25,1,22,,B03,120.706031,24.200805,3
2022,10,20,21,31,臺中市,西區,0,1,0,8,1,5,50,3,1,1,5,4,5,7,4,4,10,5,5,2,13,23,2,8,1,1,C03,7,9,1,10,2,11,,23,23,1,5,5,C03,120.676181,24.134298,2
2022,10,20,21,38,臺中市,大里區,0,0,0,8,,,30,,,,,,,,,,,,,,,6,,,,,C03,,,1,,2,,,6,,1,4,,C03,120.709064,24.085134,3
2022,10,20,21,40,臺中市,大雅區,0,0,0,8,,,50,,,,,,,,,,,,,,,43,,,,,,,,,,,,,43,43,,,,,120.65588,24.22732,3
2022,10,20,21,45,臺中市,龍井區,0,5,0,8,3,5,40,14,8,1,5,4,5,7,4,4,10,5,1,1,17,23,2,9,3,4,C03,7,9,1,10,2,11,,23,23,1,22,9,C03,120.579932,24.194336,2
2022,10,20,21,50,臺中市,北區,0,2,0,8,3,5,50,3,2,1,5,4,3,7,1,1,1,4,4,2,17,7,2,9,1,1,C03,7,8,1,10,2,14,,7,7,1,20,8,C03,120.694446,24.158399,2
2022,10,20,21,50,臺中市,北區,0,1,0,8,1,5,30,4,1,1,5,4,5,7,4,4,5,4,5,1,16,6,2,9,3,4,C03,7,9,1,10,2,11,,23,6,1,22,9,C03,120.683279,24.161117,2
2022,10,20,22,2,臺中市,南區,0,2,0,8,3,5,50,14,9,1,5,4,5,7,4,4,9,4,5,2,12,23,2,9,1,1,C03,7,9,1,10,2,11,,23,23,1,21,8,C03,120.673666,24.128912,2
2022,10,20,22,2,臺中市,龍井區,0,1,0,8,1,5,50,3,9,1,5,4,5,7,4,4,5,5,5,1,17,23,2,9,3,4,C03,7,9,1,10,2,11,,23,23,1,22,9,C03,120.592097,24.190957,2
2022,10,20,22,42,臺中市,太平區,0,1,0,8,3,5,50,4,1,1,5,4,5,7,1,1,5,5,5,2,18,23,2,9,1,1,C03,7,9,1,10,2,14,,23,23,1,21,8,C03,120.719431,24.131456,2
2022,10,20,22,47,臺中市,西屯區,0,0,0,8,,,50,,,,,,,,,,,,,,,12,,,,,B03,,,1,,2,,,12,,1,22,,B03,120.654544,24.176284,3
2022,10,20,22,48,臺中市,西區,0,2,0,8,3,5,50,4,1,1,5,4,5,7,2,1,10,5,5,2,16,42,2,9,1,1,C03,7,9,1,10,2,14,,42,42,1,5,5,C03,120.666736,24.141067,2
2022,10,20,22,50,臺中市,北屯區,0,2,0,8,3,5,50,4,1,1,5,4,5,7,1,1,5,4,4,2,12,6,2,8,1,1,C03,7,5,1,10,2,14,,6,6,1,22,8,C03,120.68047,24.197907,2
2022,10,20,23,2,臺中市,西屯區,0,0,0,8,,,40,,,,,,,,,,,,,,,67,,,,,,,,,,,,,67,,1,,,,120.613626,24.185448,3
2022,10,20,23,2,臺中市,霧峰區,0,2,0,8,3,5,50,4,1,1,5,4,5,7,1,1,10,5,5,2,16,8,2,9,1,1,C03,7,5,1,10,2,14,,8,8,1,22,8,C03,120.698686,24.064478,2
2022,10,20,23,12,臺中市,北區,0,0,0,8,,,30,,,,,,,,,,,,,,,43,,,,,C03,,,1,,11,,,43,,1,22,,C03,120.68881,24.154329,3
2022,10,20,23,12,臺中市,大里區,0,0,0,8,,,80,,,,,,,,,,,,,,,7,,,,,B12,,,1,,2,,,7,,1,22,,B12,120.698144,24.112424,3
2022,10,20,23,38,臺中市,北屯區,0,0,0,8,,,50,,,,,,,,,,,,,,,23,,,,,B03,,,1,,2,,,23,,1,4,,B03,120.723036,24.175595,3
2022,10,21,0,0,臺中市,西屯區,0,1,0,8,3,5,50,14,8,1,5,4,5,7,4,4,1,4,1,2,29,23,2,7,1,1,C03,7,9,1,10,2,11,,23,23,1,22,8,C03,120.63783,24.185743,2