年,月,日,時,分,縣市,區,死,受傷,2-30,天候,光線,道路類別,速限,道路型態,事故位置,路面鋪裝,路面狀態,路面缺陷,障礙物,視距,號誌種類,號誌動作,分向設施,快車道或一般車道間,快慢車道間,路面邊線,事故類型及型態,主要肇因,受傷程度,主要傷處,保護裝備,行動電話,當事者區分,車輛用途,當事者行動狀態,駕駛資格情形,駕駛執照種類,飲酒情形,車輛撞擊部位最初,車輛撞擊部位其他,肇事因素個別,肇事因素主要,肇事逃逸,職業,旅次目的,車種,GPS緯度,GPS經度,事故類別
2022,10,21,0,29,臺中市,梧棲區,0,0,0,8,,,50,,,,,,,,,,,,,,,23,,,,,B03,,,1,,2,,,23,,1,22,,B03,120.562561,24.257544,3
2022,10,21,0,42,臺中市,西屯區,0,0,0,8,,,50,,,,,,,,,,,,,,,23,,,,,B03,,,1,,1,,,23,,1,4,,B03,120.64491,24.175135,3
2022,10,21,1,26,臺中市,西區,0,0,0,,,,50,,,,,,,,,,,,,,,10,,,,,B03,,,1,,1,,,10,,1,5,,B03,120.658285,24.146716,3
2022,10,21,3,10,臺中市,潭子區,0,1,0,8,3,5,50,14,8,1,5,4,5,7,4,4,1,3,4,1,17,23,2,9,1,1,C03,7,15,1,10,2,11,,23,23,1,22,8,C03,120.702449,24.192621,2
2022,10,21,6,8,臺中市,西區,0,2,0,8,1,5,50,5,1,1,5,4,5,7,2,1,10,5,5,2,16,25,2,9,1,1,C03,7,6,1,10,2,14,,25,25,1,5,5,C03,120.668775,24.13206,2
2022,10,21,6,38,臺中市,北屯區,0,1,0,8,1,5,50,14,9,1,5,4,1,7,4,4,1,4,5,2,12,7,3,10,1,1,A11,7,8,1,1,2,5,,7,7,1,21,8,A11,120.664628,24.201307,2
2022,10,21,6,47,臺中市,西屯區,0,0,0,8,,,50,,,,,,,,,,,,,,,23,,,,,B03,,,1,,2,,,23,,1,4,,B03,120.655011,24.198511,3
2022,10,21,6,52,臺中市,太平區,0,0,0,8,,,30,,,,,,,,,,,,,,,12,,,,,A12,,,1,,1,,,12,,1,21,,A12,120.724198,24.145031,3
2022,10,21,6,59,臺中市,清水區,0,2,0,8,1,5,30,4,1,1,5,4,5,7,4,4,10,5,5,2,16,6,2,9,1,1,C03,7,9,3,18,2,12,,6,6,1,21,8,C03,120.577884,24.300211,2
2022,10,21,7,0,臺中市,神岡區,0,1,0,8,1,5,50,14,9,1,5,4,5,7,4,4,4,4,4,2,12,19,2,9,3,4,C03,7,1,1,10,2,14,,19,19,1,22,9,C03,120.680631,24.247621,2
2022,10,21,7,2,臺中市,大甲區,0,1,0,8,1,5,50,14,7,1,5,4,5,7,4,4,5,5,4,2,17,26,3,10,1,1,C03,7,8,1,10,2,13,,26,7,1,9,1,C03,120.655054,24.388727,2
2022,10,21,7,5,臺中市,大里區,0,2,0,8,1,5,30,4,1,1,5,4,5,7,4,4,10,5,5,2,15,6,2,9,1,1,C03,7,9,1,10,2,12,,6,6,1,9,8,C03,120.709064,24.085134,2
2022,10,21,7,5,臺中市,烏日區,0,1,0,8,1,5,60,14,8,1,5,4,5,7,4,4,1,4,4,1,16,7,3,10,1,1,B12,7,7,1,2,2,2,,7,7,1,21,8,B12,120.638797,24.108268,2
2022,10,21,7,9,臺中市,潭子區,0,1,0,8,1,5,60,14,8,1,5,4,5,7,4,4,1,4,4,1,16,7,3,10,1,1,C03,7,8,1,10,2,12,,7,7,1,22,8,C03,120.708275,24.229328,2
2022,10,21,7,10,臺中市,大里區,0,0,0,8,,,50,,,,,,,,,,,,,,,16,,,,,C03,,,1,,2,,,16,,1,18,,C03,120.687484,24.088185,3
2022,10,21,7,13,臺中市,龍井區,0,0,0,8,,,40,,,,,,,,,,,,,,,17,,,,,A05,,,1,,2,,,17,,1,10,,A05,120.585993,24.185468,3
2022,10,21,7,18,臺中市,神岡區,0,0,0,8,,,50,,,,,,,,,,,,,,,7,,,,,B12,,,1,,2,,,7,,1,22,,B12,120.692026,24.248148,3
2022,10,21,7,23,臺中市,西屯區,0,0,0,8,,,40,,,,,,,,,,,,,,,19,,,,,B03,,,1,,1,,,19,,1,22,,B03,120.664728,24.166671,3
2022,10,21,7,23,臺中市,石岡區,0,0,0,8,,,40,,,,,,,,,,,,,,,16,,,,,C03,,,1,,2,,,16,,1,21,,C03,120.78344,24.27464,3
2022,10,21,7,24,臺中市,南屯區,0,0,0,8,,,50,,,,,,,,,,,,,,,12,,,,,B03,,,1,,1,,,12,,1,22,,B03,120.610086,24.142131,3
2022,10,21,7,25,臺中市,西屯區,0,0,0,8,,,30,,,,,,,,,,,,,,,44,,,,,B03,,,1,,11,,,44,,1,22,,B03,120.61862,24.188939,3
2022,10,21,7,31,臺中市,西屯區,0,0,0,8,,,50,,,,,,,,,,,,,,,42,,,,,B03,,,1,,1,,,42,,1,22,,B03,120.610123,24.157419,3
2022,10,21,7,31,臺中市,豐原區,0,1,0,8,1,5,30,14,9,1,5,4,5,7,4,4,10,5,5,1,13,16,2,8,1,1,C03,7,14,1,10,2,11,,16,16,1,21,1,C03,120.731631,24.271242,2
2022,10,21,7,33,臺中市,龍井區,0,2,0,8,1,5,50,14,9,1,5,4,5,7,4,4,5,5,5,1,16,26,2,9,1,1,C03,7,1,1,10,2,12,,26,26,1,22,8,C03,120.584321,24.182963,2
2022,10,21,7,34,臺中市,北屯區,0,3,0,8,1,5,30,3,1,1,5,4,5,7,4,4,10,5,5,2,17,6,2,9,1,1,C03,7,5,1,10,2,14,,6,6,1,21,8,C03,120.700105,24.179925,2
2022,10,21,7,34,臺中市,西屯區,0,0,0,8,,,50,,,,,,,,,,,,,,,23,,,,,C03,,,1,,1,,,23,,1,18,,C03,120.642811,24.187211,3
2022,10,21,7,35,臺中市,烏日區,0,1,0,8,1,5,60,14,8,1,5,4,5,7,4,4,1,4,4,1,27,23,2,9,1,4,C03,7,9,1,8,2,11,,23,23,1,21,9,C03,120.612909,24.106177,2
2022,10,21,7,35,臺中市,沙鹿區,0,0,0,8,,,30,,,,,,,,,,,,,,,17,,,,,B12,,,1,,2,,,17,,2,12,,B12,120.559942,24.233243,3
2022,10,21,7,38,臺中市,神岡區,0,1,0,8,1,5,50,3,2,1,5,4,5,7,4,4,9,4,4,1,16,16,2,8,3,4,F03,7,5,8,20,2,16,,8,16,1,22,9,F03,120.650379,24.258557,2
2022,10,21,7,39,臺中市,南區,0,2,0,8,1,5,50,14,8,1,5,4,5,7,4,4,5,4,4,2,16,7,3,10,1,1,C03,7,8,1,10,2,12,,7,7,1,22,9,C03,120.661255,24.132346,2
2022,10,21,7,44,臺中市,南屯區,0,0,0,8,,,50,,,,,,,,,,,,,,,2,,,,,A12,,,1,,1,,,2,,1,22,,A12,120.609617,24.15527,3
2022,10,21,7,44,臺中市,南屯區,0,1,0,8,1,5,30,4,1,1,5,4,5,7,4,4,10,5,5,1,15,14,3,10,1,1,B02,7,9,1,5,2,8,4,14,14,1,1,5,B02,120.635684,24.117482,2
2022,10,21,7,45,臺中市,梧棲區,0,1,0,8,1,5,50,14,8,1,5,4,5,7,1,1,1,4,5,1,16,4,2,9,1,1,C03,7,5,1,10,2,14,,4,4,1,9,1,C03,120.53323,24.242636,2
2022,10,21,7,48,臺中市,太平區,0,1,0,8,1,5,50,4,1,1,5,4,5,7,1,1,10,5,5,2,16,25,3,10,1,1,B03,7,5,1,8,2,1,,25,25,1,21,8,B03,120.728803,24.096433,2
2022,10,21,7,52,臺中市,西屯區,0,0,0,8,,,50,,,,,,,,,,,,,,,7,,,,,A41,,,1,,1,,,7,,1,22,,A41,120.608523,24.157395,3
2022,10,21,7,52,臺中市,沙鹿區,0,0,0,8,,,50,,,,,,,,,,,,,,,6,,,,,B03,,,1,,2,,,6,6,1,19,,B03,120.562515,24.224421,3
2022,10,21,7,53,臺中市,沙鹿區,0,2,0,8,1,5,50,3,1,1,5,4,5,7,4,4,10,5,5,2,15,6,2,9,1,1,C03,7,9,1,10,2,14,,6,6,1,21,8,C03,120.560006,24.238967,2
2022,10,21,7,54,臺中市,北屯區,0,0,0,8,,,80,,,,,,,,,,,,,,,16,,,,,B02,,,1,,1,,,16,16,1,21,,B02,120.683065,24.201307,3
2022,10,21,7,55,臺中市,豐原區,0,1,0,8,1,5,50,3,2,1,5,4,5,7,1,1,4,4,5,1,17,6,3,10,1,1,C03,7,5,1,11,2,11,,6,6,1,4,1,C03,120.748994,24.265411,2
2022,10,21,7,56,臺中市,中區,0,1,0,8,1,5,50,4,1,1,5,4,5,7,1,1,10,5,5,2,16,6,3,10,1,1,B03,7,6,1,8,2,6,,6,6,1,5,8,B03,120.683065,24.13938,2
2022,10,21,7,56,臺中市,大里區,0,1,0,8,1,5,60,4,2,1,5,4,5,7,2,1,1,4,4,1,12,23,2,8,1,1,C03,7,9,1,10,2,11,,23,23,1,21,1,C03,120.691561,24.100584,2
2022,10,21,7,57,臺中市,北屯區,0,0,0,8,,,40,,,,,,,,,,,,,,,23,,,,,B03,,,1,,1,,,23,,1,22,,B03,120.719173,24.163268,3
2022,10,21,7,57,臺中市,大里區,0,0,0,8,,,50,,,,,,,,,,,,,,,17,,,,,C03,,,1,,2,,,17,,1,5,,C03,120.70905,24.110621,3
2022,10,21,7,57,臺中市,石岡區,0,0,0,8,,,50,,,,,,,,,,,,,,,44,,,,,,,,,,,,,44,,1,,,,120.776515,24.275541,3
2022,10,21,7,58,臺中市,西屯區,0,0,0,8,,,70,,,,,,,,,,,,,,,42,,,,,B01,,,1,,2,,,42,,1,10,,B01,120.623158,24.17954,3
2022,10,21,7,59,臺中市,西屯區,0,3,0,8,1,5,50,5,1,1,5,4,5,7,1,1,10,5,5,2,12,9,2,9,1,1,C03,7,6,1,10,2,12,,9,9,1,22,8,C03,120.624453,24.194025,2
2022,10,21,7,59,臺中市,龍井區,0,0,0,8,,,50,,,,,,,,,,,,,,,23,,,,,C03,,,1,,2,,,23,23,1,18,,C03,120.549591,24.210024,3
2022,10,21,8,0,臺中市,神岡區,0,1,0,8,1,5,30,14,9,1,5,4,5,7,4,4,10,5,5,1,17,42,3,10,1,1,B03,7,5,1,8,2,4,,42,42,1,22,8,B03,120.661453,24.277272,2
2022,10,21,8,2,臺中市,西區,0,0,0,8,,,50,,,,,,,,,,,,,,,23,,,,,B03,,,1,,1,,,23,,1,21,,B03,120.65702,24.153177,3
2022,10,21,8,3,臺中市,南區,0,2,0,8,1,5,50,14,9,1,5,4,5,7,1,1,1,4,4,2,13,23,2,9,1,1,C03,7,8,3,18,2,11,,23,23,1,22,8,C03,120.668951,24.119245,2
2022,10,21,8,3,臺中市,龍井區,0,0,0,8,,,30,,,,,,,,,,,,,,,23,,,,,G03,,,1,,2,,,23,,1,9,,G03,120.589493,24.183729,3
2022,10,21,8,4,臺中市,后里區,0,0,0,8,1,5,50,14,9,1,5,4,5,7,1,1,8,5,4,1,13,23,,,,,B03,,,1,,1,,,23,,1,21,,B03,120.706082,24.311736,3
2022,10,21,8,5,臺中市,大里區,0,1,0,8,1,5,50,14,7,1,5,4,5,7,4,4,5,5,5,1,16,26,3,10,1,1,B03,7,11,1,8,2,8,,26,26,1,9,8,B03,120.69902,24.096069,2
2022,10,21,8,11,臺中市,西屯區,0,1,0,8,1,5,30,4,1,1,5,4,5,7,4,4,10,3,5,2,16,6,2,9,1,1,B03,7,5,1,8,1,5,,6,6,1,22,8,B03,120.6648,24.16722,2
2022,10,21,8,12,臺中市,北區,0,0,0,8,,,50,,,,,,,,,,,,,,,7,,,,,B03,,,1,,1,,,7,,1,22,,B03,120.682985,24.14585,3
2022,10,21,8,12,臺中市,南屯區,0,0,0,8,,,50,,,,,,,,,,,,,,,23,,,,,B03,,,1,,1,,,23,,1,4,,B03,120.652724,24.150738,3
2022,10,21,8,16,臺中市,西屯區,0,1,0,8,1,5,50,14,9,1,5,4,5,7,4,4,1,4,5,2,13,16,2,9,1,1,C03,7,9,1,10,2,11,,16,16,1,22,8,C03,120.649063,24.167474,2
2022,10,21,8,18,臺中市,潭子區,0,1,0,8,1,5,40,14,11,1,5,4,5,7,4,4,1,4,4,1,13,16,2,9,1,1,C03,7,9,1,10,2,11,14,16,16,1,22,8,C03,120.693486,24.216174,2
2022,10,21,8,19,臺中市,西區,0,0,0,,,,50,,,,,,,,,,,,,,,16,,,,,B03,,,1,,1,,,16,,1,21,,B03,120.665554,24.153803,3
2022,10,21,8,20,臺中市,大雅區,0,2,0,8,1,5,50,14,9,1,5,4,5,7,4,4,9,5,5,1,17,19,2,9,1,1,F03,7,1,8,20,2,16,,19,19,1,21,8,F03,120.671114,24.22719,2
2022,10,21,8,20,臺中市,西區,0,0,0,8,,,50,,,,,,,,,,,,,,,23,,,,,B03,,,1,,1,,,23,,1,21,,B03,120.662609,24.155678,4
2022,10,21,8,20,臺中市,神岡區,0,2,0,8,1,5,1,14,9,1,5,4,5,7,4,4,10,5,5,2,17,19,2,9,3,4,C03,7,1,1,10,2,11,,19,19,1,22,9,C03,120.707751,24.270982,2
2022,10,21,8,23,臺中市,北屯區,0,0,0,8,,,50,,,,,,,,,,,,,,,12,,,,,B03,,,1,,2,,,12,,1,21,,B03,120.708651,24.16453,3
2022,10,21,8,29,臺中市,西區,0,0,0,8,,,50,,,,,,,,,,,,,,,18,,,,,B03,,,1,,2,,,18,18,1,21,,B03,120.674871,24.138434,3
2022,10,21,8,30,臺中市,霧峰區,0,1,0,8,1,5,50,4,1,1,5,4,5,7,4,4,10,5,5,2,16,6,3,10,1,1,B03,7,5,1,8,2,1,,6,6,1,5,8,B03,120.699613,24.068969,2
2022,10,21,8,30,臺中市,烏日區,0,0,0,8,1,5,50,14,20,1,5,4,5,7,4,4,10,5,5,2,24,33,3,10,3,4,A11,7,9,1,1,2,9,,33,33,1,21,4,A11,120.639059,24.11396,3
2022,10,21,8,32,臺中市,南區,0,2,0,8,1,5,40,14,8,1,5,4,5,7,4,4,1,4,4,2,13,16,2,9,1,1,C03,7,9,1,10,2,11,,16,16,1,22,8,C03,120.660483,24.123619,2
2022,10,21,8,35,臺中市,西區,0,1,0,8,1,5,30,4,1,1,5,4,5,7,1,1,10,5,5,2,13,16,2,8,1,1,C03,7,9,1,10,2,11,,16,16,1,5,8,C03,120.656776,24.146716,2
2022,10,21,8,39,臺中市,北屯區,0,1,0,8,1,5,50,14,8,1,5,4,5,7,4,4,1,4,4,2,16,6,3,10,1,1,B03,7,6,1,8,2,5,,6,6,1,21,8,B03,120.664331,24.18509,2
2022,10,21,8,39,臺中市,神岡區,0,0,0,8,,,30,,,,,,,,,,,,,,,17,,,,,B03,,,1,,1,,,17,,1,22,,B03,120.693215,24.236805,3
2022,10,21,8,41,臺中市,霧峰區,0,0,0,8,,,60,,,,,,,,,,,,,,,16,,,,,C03,,,1,,2,,,16,,1,18,,C03,120.692374,24.045671,3
2022,10,21,8,44,臺中市,潭子區,0,1,0,8,1,5,50,3,2,1,5,4,5,7,1,1,5,4,5,1,17,23,3,10,1,1,C03,7,14,4,14,2,11,,26,23,1,22,8,C03,120.673523,24.20544,2
2022,10,21,8,55,臺中市,西區,0,2,0,8,1,5,50,4,1,1,5,4,5,7,1,1,10,5,5,2,16,26,2,9,1,1,C03,7,5,1,10,2,14,,26,26,1,21,8,C03,120.657356,24.145022,2
2022,10,21,8,59,臺中市,南屯區,0,0,0,8,,,50,,,,,,,,,,,,,,,23,,,,,B12,,,1,,2,,,23,,1,22,,B12,120.60936,24.134484,3
2022,10,21,9,3,臺中市,南屯區,0,0,0,8,1,5,50,14,9,1,5,4,5,7,4,4,1,2,5,2,13,23,3,10,1,1,B03,7,9,1,8,2,1,,23,23,1,22,,B03,120.632431,24.145509,3
2022,10,21,9,4,臺中市,北屯區,0,2,0,8,1,5,50,14,9,1,5,4,5,7,4,4,5,4,5,2,13,16,2,9,3,4,C03,7,9,1,10,2,11,,16,16,1,21,8,C03,120.707726,24.169868,2
2022,10,21,9,16,臺中市,西區,0,0,0,8,,,40,,,,,,,,,,,,,,,12,,,,,B03,,,1,,1,,,12,,1,21,,B03,120.665498,24.15601,3
2022,10,21,9,21,臺中市,西屯區,0,0,0,8,,,50,,,,,,,,,,,,,,,16,,,,,B03,,,1,,1,,,16,,1,22,,B03,120.636543,24.171433,3
2022,10,21,9,24,臺中市,大里區,0,0,0,8,,,50,,,,,,,,,,,,,,,42,,,,,B12,,,1,,2,,,42,,1,5,,B12,120.679153,24.095395,3
2022,10,21,9,25,臺中市,大里區,0,0,0,8,,,40,,,,,,,,,,,,,,,12,,,,,A41,,,1,,2,,,12,,1,10,,A41,120.712956,24.087476,3
2022,10,21,9,33,臺中市,西屯區,0,0,0,8,,,50,,,,,,,,,,,,,,,23,,,,,B03,,,1,,1,,,23,,1,21,,B03,120.656596,24.200616,3
2022,10,21,9,34,臺中市,沙鹿區,0,1,0,8,1,5,50,3,1,1,5,4,5,7,4,4,10,5,5,2,16,6,2,9,1,1,C03,7,6,1,10,2,14,,6,6,1,20,5,C03,120.568954,24.244722,2
2022,10,21,9,35,臺中市,清水區,0,0,0,8,,,50,,,,,,,,,,,,,,,23,,,,,B03,,,1,,2,,,23,,1,21,,B03,120.573731,24.268364,3
2022,10,21,9,49,臺中市,南屯區,0,0,0,8,,,50,,,,,,,,,,,,,,,16,,,,,B03,,,1,,1,,,16,,1,22,,B03,120.612523,24.138374,3
2022,10,21,9,50,臺中市,和平區,0,0,0,8,1,2,30,11,13,1,5,4,5,1,4,4,10,5,5,1,29,42,3,10,1,1,B03,7,15,1,8,2,5,,42,42,1,4,8,B03,121.349392,24.389745,3
2022,10,21,9,51,臺中市,南區,0,0,0,,,,50,,,,,,,,,,,,,,,6,,,,,B03,,,1,,2,,,6,,1,22,,B03,120.66589,24.123748,3
2022,10,21,9,51,臺中市,西屯區,0,0,0,8,,,50,,,,,,,,,,,,,,,23,,,,,B03,,,1,,1,,,23,,1,22,,B03,120.618652,24.178729,3
2022,10,21,9,51,臺中市,大甲區,0,0,0,8,,,70,,,,,,,,,,,,,,,10,,,,,B03,,,1,,2,,,10,10,1,19,,B03,120.650695,24.380136,3
2022,10,21,10,0,臺中市,大里區,0,0,0,8,,,30,,,,,,,,,,,,,,,12,,,,,B12,,,1,,2,,,12,,1,12,,B12,120.727263,24.094777,3
2022,10,21,10,0,臺中市,大里區,0,0,0,8,,,30,,,,,,,,,,,,,,,23,,,,,B02,,,1,,2,,,23,,1,4,,B02,120.705766,24.088231,3
2022,10,21,10,7,臺中市,龍井區,0,1,0,8,1,5,30,4,1,1,5,4,5,7,4,4,10,5,5,2,16,6,2,8,1,1,C03,7,9,1,10,2,12,,6,6,1,22,8,C03,120.59503,24.18814,2
2022,10,21,10,8,臺中市,沙鹿區,0,1,0,8,1,5,50,4,2,1,5,4,5,7,1,1,1,4,4,2,13,23,3,10,1,1,B03,7,5,1,8,2,8,,23,23,1,21,8,B03,120.568813,24.223595,2
2022,10,21,10,10,臺中市,北屯區,0,2,0,8,1,5,30,11,9,1,5,4,5,7,4,4,10,5,5,2,10,17,2,9,1,1,C03,7,9,1,10,2,11,,17,17,1,21,8,C03,120.744396,24.160594,2
2022,10,21,10,15,臺中市,清水區,0,0,0,8,,,50,,,,,,,,,,,,,,,23,,,,,B03,,,1,,2,,,23,,1,21,,B03,120.576552,24.269007,3
2022,10,21,10,21,臺中市,西屯區,0,0,0,8,,,50,,,,,,,,,,,,,,,23,,,,,A11,,,1,,2,,,23,,1,22,,A11,120.621411,24.1857,3
2022,10,21,10,22,臺中市,東區,0,1,0,8,1,5,50,3,1,1,5,4,5,7,1,1,10,5,5,2,17,42,2,9,1,1,C03,7,15,1,10,2,12,,42,42,1,22,8,C03,120.695999,24.134902,2
2022,10,21,10,25,臺中市,神岡區,0,2,0,8,1,5,60,14,9,1,5,4,5,7,4,4,1,4,5,1,13,16,2,9,1,1,C03,7,9,1,10,2,11,,16,16,1,22,1,C03,120.678593,24.243567,2
2022,10,21,10,27,臺中市,西區,0,0,0,8,,,50,,,,,,,,,,,,,,,42,,,,,B03,,,1,,2,,,42,,1,5,,B03,120.657466,24.14602,3
2022,10,21,10,30,臺中市,沙鹿區,0,1,0,8,1,5,50,4,2,1,5,4,5,7,4,4,5,5,5,1,16,6,2,9,1,1,C03,7,6,2,18,2,14,,6,6,1,16,8,C03,120.554547,24.226089,2
2022,10,21,10,35,臺中市,大里區,1,1,0,8,1,5,50,5,1,1,5,4,5,7,1,1,10,5,5,2,16,9,3,10,1,1,A12,7,6,1,7,2,1,7,9,9,1,10,8,A12,120.698587,24.079487,1
2022,10,21,10,35,臺中市,清水區,0,0,0,8,,,60,,,,,,,,,,,,,,,23,,,,,B12,,,6,,3,,,23,23,1,22,,B12,120.549248,24.282088,3
2022,10,21,10,38,臺中市,后里區,0,2,0,8,1,5,50,4,2,1,5,4,5,7,3,1,4,4,5,1,13,23,2,9,1,1,C03,7,9,1,10,2,11,,23,23,1,4,8,C03,120.707781,24.306122,2
2022,10,21,10,43,臺中市,大雅區,0,1,0,8,1,5,50,4,2,1,5,4,5,7,1,1,5,5,5,1,17,23,3,10,1,1,B03,7,9,1,8,2,2,,23,23,1,21,8,B03,120.648638,24.225859,2
2022,10,21,10,43,臺中市,沙鹿區,0,2,0,8,1,5,50,14,7,1,5,4,5,7,4,4,5,5,4,2,17,7,2,9,1,1,C03,7,7,1,10,11,11,,7,7,1,21,8,C03,120.562844,24.237683,2
2022,10,21,10,47,臺中市,太平區,0,0,0,8,,,30,,,,,,,,,,,,,,,42,,,,,B12,,,1,,2,,,42,,1,21,,B12,120.712406,24.132522,3
2022,10,21,10,58,臺中市,東區,0,0,0,8,1,6,50,4,1,1,5,4,5,7,1,1,10,5,5,2,13,23,3,10,1,1,B12,7,5,1,8,2,1,,23,23,1,22,8,B12,120.701456,24.138879,3
2022,10,21,11,0,臺中市,神岡區,0,0,0,8,,,50,,,,,,,,,,,,,,,1,,,,,B03,,,1,,2,,,1,,1,22,,B03,120.683682,24.251273,3
2022,10,21,11,4,臺中市,沙鹿區,0,1,0,8,1,5,30,3,1,1,5,4,5,7,4,4,10,5,5,2,16,6,2,9,1,1,C03,7,5,1,10,2,14,,6,6,1,19,7,C03,120.559805,24.23799,2
2022,10,21,11,13,臺中市,烏日區,0,0,0,8,,,60,,,,,,,,,,,,,,,12,,,,,B03,,,1,,2,,,12,,1,21,,B03,120.634881,24.106599,3
2022,10,21,11,15,臺中市,霧峰區,0,0,0,8,,,40,,,,,,,,,,,,,,,6,,,,,B03,,,1,,2,,,6,,1,20,,B03,120.664141,24.047803,3
2022,10,21,11,28,臺中市,西屯區,0,0,0,8,,,40,,,,,,,,,,,,,,,12,,,,,A11,,,1,,1,,,12,,1,21,,A11,120.634066,24.161566,3
2022,10,21,11,30,臺中市,梧棲區,0,0,0,8,,,50,,,,,,,,,,,,,,,12,,,,,A11,,,1,,2,,,12,,1,9,,A11,120.537696,24.262498,3
2022,10,21,11,34,臺中市,烏日區,0,0,0,8,1,5,50,4,1,1,5,4,5,7,4,4,5,4,5,1,15,6,3,10,3,4,B03,7,9,1,8,2,5,,6,6,1,21,9,B03,120.624485,24.103682,3
2022,10,21,11,36,臺中市,潭子區,0,0,0,8,,,50,,,,,,,,,,,,,,,23,,,,,B03,,,1,,2,,,23,,1,22,,B03,120.698868,24.194598,3
2022,10,21,11,38,臺中市,龍井區,0,2,0,8,1,5,30,4,1,1,5,4,5,7,4,4,10,5,5,2,16,6,2,8,1,1,C03,7,9,1,10,2,11,,6,6,1,22,8,C03,120.591016,24.188402,2
2022,10,21,11,41,臺中市,中區,0,2,0,8,1,5,30,4,1,1,5,4,5,7,4,4,10,5,5,2,15,6,2,9,3,4,C03,7,9,1,9,2,11,,6,6,1,22,5,C03,120.680788,24.13791,2
2022,10,21,11,43,臺中市,烏日區,0,0,0,8,,,30,,,,,,,,,,,,,,,6,,,,,B03,,,1,,2,,,6,,1,21,,B03,120.626825,24.082009,3
2022,10,21,11,45,臺中市,西屯區,0,1,0,8,1,5,40,14,8,1,5,4,5,7,4,4,4,3,4,2,16,23,2,9,1,1,C03,7,9,1,10,1,11,,23,23,1,22,8,C03,120.635949,24.169605,2
2022,10,21,11,48,臺中市,東區,0,1,0,8,1,5,50,3,1,1,5,4,5,7,4,4,10,5,5,2,12,42,3,10,1,1,B12,7,15,1,8,2,2,,42,42,1,5,8,B12,120.693153,24.151607,2
2022,10,21,11,48,臺中市,清水區,0,0,0,8,,,90,,,,,,,,,,,,,,,42,,,,,B02,,,1,,2,,,42,,1,21,,B02,120.553015,24.296798,3
2022,10,21,11,50,臺中市,豐原區,0,0,0,8,,,30,,,,,,,,,,,,,,,23,,,,,B12,,,1,,2,,,23,,1,21,,B12,120.710262,24.237803,3
2022,10,21,11,52,臺中市,沙鹿區,0,0,0,8,,,40,,,,,,,,,,,,,,,7,,,,,B03,,,1,,2,,,7,,1,21,,B03,120.57024,24.23635,3
2022,10,21,11,56,臺中市,南屯區,0,0,0,8,1,5,50,14,13,1,5,4,5,7,4,4,5,4,4,2,16,18,3,10,1,1,B03,7,3,1,8,11,2,,18,18,2,1,7,B03,120.654547,24.144858,3
2022,10,21,11,57,臺中市,西屯區,0,0,0,8,,,30,,,,,,,,,,,,,,,23,,,,,B03,,,1,,1,,,23,23,1,22,,B03,120.619652,24.195692,3
2022,10,21,12,0,臺中市,南屯區,0,0,0,8,1,5,50,3,2,1,5,4,5,7,2,1,5,2,5,2,13,23,3,10,1,1,B12,7,9,1,8,1,1,,23,23,1,11,3,B12,120.622269,24.14031,3
2022,10,21,12,4,臺中市,西屯區,0,1,0,8,1,5,50,14,9,1,5,4,5,7,4,4,5,5,5,2,14,12,3,10,1,1,B03,7,2,1,8,2,3,,12,12,1,20,8,B03,120.647653,24.172726,2
2022,10,21,12,6,臺中市,北屯區,0,0,0,8,,,40,,,,,,,,,,,,,,,23,,,,,B03,,,1,,2,,,23,,1,21,,B03,120.686416,24.192526,3
2022,10,21,12,14,臺中市,西屯區,0,0,0,8,,,80,,,,,,,,,,,,,,,43,,,,,A41,,,1,,2,,,43,,1,21,,A41,120.628141,24.161696,3
2022,10,21,12,17,臺中市,西區,0,0,0,8,,,40,,,,,,,,,,,,,,,26,,,,,B03,,,1,,2,,,26,,1,21,,B03,120.661542,24.137831,3
2022,10,21,12,19,臺中市,西區,0,0,0,,,,40,,,,,,,,,,,,,,,12,,,,,B03,,,1,,1,,,12,,1,21,,B03,120.661455,24.137364,3
2022,10,21,12,19,臺中市,大里區,0,0,0,8,,,50,,,,,,,,,,,,,,,25,,,,,B12,,,1,,2,,,25,25,1,10,,B12,120.686935,24.121046,3
2022,10,21,12,19,臺中市,沙鹿區,0,0,0,8,,,50,,,,,,,,,,,,,,,23,,,,,B12,,,1,,2,,,23,,1,1,,B12,120.565187,24.242786,3
2022,10,21,12,20,臺中市,北屯區,0,0,0,8,,,50,,,,,,,,,,,,,,,19,,,,,A02,,,1,,1,,,19,,1,21,,A02,120.68598,24.180208,3
2022,10,21,12,23,臺中市,西區,0,2,0,8,1,5,50,4,1,1,5,4,5,7,1,1,10,5,5,2,16,6,2,9,1,1,C03,7,5,1,10,2,11,,6,6,1,5,8,C03,120.661725,24.144333,2