年,月,日,時,分,縣市,區,死,受傷,2-30,天候,光線,道路類別,速限,道路型態,事故位置,路面鋪裝,路面狀態,路面缺陷,障礙物,視距,號誌種類,號誌動作,分向設施,快車道或一般車道間,快慢車道間,路面邊線,事故類型及型態,主要肇因,受傷程度,主要傷處,保護裝備,行動電話,當事者區分,車輛用途,當事者行動狀態,駕駛資格情形,駕駛執照種類,飲酒情形,車輛撞擊部位最初,車輛撞擊部位其他,肇事因素個別,肇事因素主要,肇事逃逸,職業,旅次目的,車種,GPS緯度,GPS經度,事故類別
2022,10,22,17,54,臺中市,北屯區,0,1,0,8,2,5,50,4,9,1,5,4,5,7,2,1,3,4,5,2,12,26,2,9,1,1,C03,7,7,1,10,2,12,,26,26,1,22,8,C03,120.692866,24.162611,2
2022,10,22,17,56,臺中市,西屯區,0,0,0,8,,,50,,,,,,,,,,,,,,,23,,,,,B03,,,1,,1,,,23,,1,22,,B03,120.663811,24.166551,3
2022,10,22,17,58,臺中市,西區,0,1,0,8,3,5,50,14,8,1,5,4,5,7,4,4,1,4,4,2,16,7,3,10,3,4,B03,7,8,1,8,2,5,,7,7,1,22,5,B03,120.657283,24.153362,2
2022,10,22,18,3,臺中市,北屯區,0,0,0,8,,,50,,,,,,,,,,,,,,,12,,,,,B03,,,1,8,1,,,12,12,1,21,,B03,120.730219,24.177124,3
2022,10,22,18,10,臺中市,北屯區,0,0,0,8,,,80,,,,,,,,,,,,,,,16,,,,,B03,,,1,,1,,,16,,1,21,,B03,120.720789,24.169891,3
2022,10,22,18,15,臺中市,西屯區,0,0,0,8,3,5,50,3,7,1,5,4,5,7,1,1,1,3,1,2,13,23,3,10,1,1,B03,7,9,1,8,2,1,,23,23,1,22,8,B03,120.618939,24.181265,3
2022,10,22,18,17,臺中市,西屯區,0,1,0,8,3,5,50,14,9,1,5,4,5,7,4,4,9,5,5,2,16,6,3,10,3,4,B03,7,5,1,8,2,1,,6,6,1,22,8,B03,120.593851,24.18425,2
2022,10,22,18,20,臺中市,南區,0,1,0,8,3,5,30,3,1,1,5,4,5,7,4,4,10,5,5,2,16,6,2,9,3,4,C03,7,5,1,10,2,12,,6,6,1,5,8,C03,120.690108,24.135835,2
2022,10,22,18,21,臺中市,大甲區,0,0,0,8,,,50,,,,,,,,,,,,,,,12,,,,,B12,,,1,,2,,,12,,1,21,,B12,120.6198,24.3453,3
2022,10,22,18,25,臺中市,霧峰區,0,0,0,8,,,50,,,,,,,,,,,,,,,23,,,,,B02,,,1,,2,,,23,,1,18,,B02,120.697701,24.063785,3
2022,10,22,18,26,臺中市,北區,0,0,0,8,,,50,,,,,,,,,,,,,,,23,,,,,C03,,,1,,2,,,23,23,1,22,,C03,120.666351,24.159218,3
2022,10,22,18,35,臺中市,西區,0,0,0,8,3,5,50,4,2,1,5,4,5,7,1,1,3,4,4,2,13,23,,,,,B03,,,1,,1,,,23,,1,22,,B03,120.659687,24.157317,3
2022,10,22,18,46,臺中市,烏日區,0,3,0,8,3,5,50,3,1,1,5,4,5,7,4,4,10,5,5,2,3,23,2,9,1,1,C03,7,9,4,8,2,11,14,23,23,1,21,8,C03,120.626865,24.107748,2
2022,10,22,18,49,臺中市,太平區,0,1,0,8,3,5,50,4,1,1,5,4,5,7,1,1,10,5,5,2,16,6,3,10,1,1,B12,7,6,1,10,2,2,,6,6,1,22,5,B12,120.723424,24.149473,2
2022,10,22,18,50,臺中市,東區,0,0,0,8,,,50,,,,,,,,,,,,,,,12,,,,,B03,,,1,,2,,,12,12,1,22,,B03,120.702228,24.139317,3
2022,10,22,18,52,臺中市,外埔區,0,3,0,8,3,5,40,3,1,1,5,4,5,7,4,4,10,5,5,2,16,13,2,9,1,1,C03,7,9,1,10,2,14,,13,16,1,21,1,C03,120.654768,24.330209,2
2022,10,22,18,59,臺中市,西屯區,0,2,0,8,3,5,50,4,1,1,5,4,5,7,1,1,10,5,5,2,13,23,3,10,3,4,B03,7,9,1,8,6,8,,23,23,1,22,8,B03,120.655293,24.20034,2
2022,10,22,19,1,臺中市,西屯區,0,0,0,8,,,30,,,,,,,,,,,,,,,6,,,,,C03,,,1,,1,,,6,,1,22,,C03,120.65029,24.168926,3
2022,10,22,19,4,臺中市,南屯區,0,0,0,8,,,60,,,,,,,,,,,,,,,23,,,,,B12,,,1,,1,,,23,,1,22,,B12,120.59719,24.155644,3
2022,10,22,19,5,臺中市,西屯區,0,0,0,8,3,5,50,14,9,1,4,4,5,7,4,4,5,4,5,2,12,19,3,10,1,1,B03,7,1,1,8,1,8,,19,19,1,22,8,B03,120.635182,24.166782,3
2022,10,22,19,12,臺中市,北區,0,3,0,8,3,5,50,4,2,1,5,4,5,7,1,1,1,4,5,2,13,16,2,8,1,1,C03,7,9,1,10,2,11,,16,16,1,5,5,C03,120.674451,24.162983,2
2022,10,22,19,17,臺中市,南區,0,1,0,8,3,5,50,5,2,1,5,4,5,7,2,1,3,2,5,2,17,10,2,9,1,1,C03,7,11,1,10,2,11,,10,10,1,21,8,C03,120.661476,24.121735,2
2022,10,22,19,21,臺中市,北屯區,0,1,0,8,3,5,50,14,9,1,5,4,5,7,4,4,5,5,5,2,16,26,3,10,1,1,B03,7,1,1,8,2,8,,26,26,1,21,8,B03,120.710048,24.181047,2
2022,10,22,19,25,臺中市,北區,0,2,0,8,3,5,50,4,1,1,5,4,5,7,4,4,5,5,5,2,16,6,2,9,1,1,C03,7,9,1,10,2,11,,14,6,1,22,8,C03,120.664255,24.161118,2
2022,10,22,19,30,臺中市,西屯區,0,0,0,8,3,5,30,14,9,1,5,4,5,7,4,4,10,5,5,2,17,18,3,10,1,1,C03,7,15,1,10,2,14,12,18,18,1,22,8,C03,120.665925,24.174068,3
2022,10,22,19,34,臺中市,北區,0,0,0,8,3,5,50,3,2,1,5,4,5,7,1,1,1,4,4,2,12,2,3,10,1,1,B03,7,9,1,8,2,4,,2,2,1,5,5,B03,120.694145,24.161198,3
2022,10,22,19,36,臺中市,西區,0,1,0,8,3,5,30,14,9,1,5,4,5,7,4,4,10,5,5,2,8,23,3,10,3,4,B01,7,15,1,4,2,5,,23,23,1,21,8,B01,120.654084,24.145514,2
2022,10,22,19,37,臺中市,南屯區,0,1,0,8,3,5,50,4,1,1,5,4,5,7,1,1,10,5,5,2,17,9,3,10,1,1,C03,7,6,1,10,2,15,,9,9,1,7,8,C03,120.632786,24.145766,2
2022,10,22,19,38,臺中市,霧峰區,0,1,0,8,3,5,50,4,1,1,5,4,5,7,3,1,10,5,5,2,15,6,3,10,1,1,B03,7,9,1,8,2,5,,6,6,1,22,8,B03,120.697061,24.063415,2
2022,10,22,19,48,臺中市,西區,0,1,0,8,3,5,50,4,1,1,5,4,5,7,1,1,10,5,5,2,11,6,3,10,1,1,C03,7,5,1,10,2,11,,6,8,1,22,9,C03,120.660186,24.146726,2
2022,10,22,19,50,臺中市,南屯區,0,0,0,8,,,50,,,,,,,,,,,,,,,12,,,,,B03,,,1,,1,,,12,12,1,22,,B03,120.626416,24.142233,3
2022,10,22,19,51,臺中市,南屯區,0,1,0,8,3,5,40,4,1,1,5,4,5,7,2,1,5,5,4,2,16,10,3,10,1,1,B03,7,11,1,8,2,8,,10,10,1,4,8,B03,120.626383,24.115068,2
2022,10,22,19,51,臺中市,龍井區,0,0,0,8,,,30,,,,,,,,,,,,,,,17,,,,,B12,,,1,,2,,,17,,1,22,,B12,120.589318,24.180491,3
2022,10,22,19,57,臺中市,豐原區,0,2,0,8,3,5,50,4,1,1,5,4,5,7,1,1,10,5,5,2,17,19,2,9,1,1,C03,7,1,1,10,2,14,,19,19,1,22,8,C03,120.703123,24.249458,2
2022,10,22,19,58,臺中市,西區,0,0,0,8,,,50,,,,,,,,,,,,,,,26,,,,,C03,,,1,,1,,,26,,1,22,,C03,120.674271,24.148307,3
2022,10,22,20,2,臺中市,龍井區,0,1,0,8,3,5,40,3,1,1,5,4,5,7,2,1,10,5,5,2,23,23,2,9,1,1,C03,7,9,3,18,2,12,,23,23,1,9,8,C03,120.579908,24.189449,2
2022,10,22,20,5,臺中市,南屯區,0,0,0,8,,,50,,,,,,,,,,,,,,,23,,,,,B03,,,1,,2,,,23,,1,22,,B03,120.611775,24.135927,3
2022,10,22,20,7,臺中市,西屯區,0,0,0,8,,,50,,,,,,,,,,,,,,,23,,,,,B12,,,1,,1,,,23,,1,22,,B12,120.642257,24.172632,3
2022,10,22,20,21,臺中市,南區,0,1,0,8,3,5,50,4,1,1,5,4,5,7,2,1,10,5,5,2,16,6,3,10,3,4,B03,7,5,1,8,2,8,,6,6,1,5,8,B03,120.680013,24.130116,2
2022,10,22,20,30,臺中市,龍井區,0,1,0,8,3,5,50,14,8,1,5,4,5,7,4,4,1,4,4,2,17,40,3,10,3,4,B03,7,13,1,8,2,4,,40,40,1,5,7,B03,120.545948,24.191896,2
2022,10,22,20,34,臺中市,太平區,0,0,0,8,,,50,,,,,,,,,,,,,,,23,,,,,B12,,,1,,2,,,23,,1,22,,B12,120.714269,24.137847,3
2022,10,22,20,40,臺中市,南屯區,0,1,0,8,3,5,50,4,1,1,5,4,5,7,1,1,10,5,5,2,16,6,3,10,1,1,A05,7,6,1,2,2,5,,6,6,1,10,8,A05,120.623323,24.145343,2
2022,10,22,20,48,臺中市,豐原區,0,1,0,8,3,5,40,3,1,1,5,4,5,7,4,4,10,4,4,2,14,12,3,10,1,1,B03,7,2,1,8,2,3,,12,12,1,22,8,B03,120.725108,24.253279,2
2022,10,22,20,51,臺中市,大里區,0,1,0,8,3,5,50,4,1,1,5,4,5,7,1,1,10,5,5,2,15,25,3,10,1,1,B03,7,9,1,8,2,1,,25,25,1,22,5,B03,120.689498,24.108016,2
2022,10,22,21,10,臺中市,豐原區,0,0,0,8,,,30,,,,,,,,,,,,,,,18,,,,,B02,,,1,,2,,,18,18,1,22,,B02,120.732541,24.252956,3
2022,10,22,21,11,臺中市,北區,0,0,0,8,,,50,,,,,,,,,,,,,,,12,,,,,B03,,,1,,1,,,12,,1,22,,B03,120.689886,24.150309,3
2022,10,22,21,48,臺中市,太平區,0,0,0,8,,,50,,,,,,,,,,,,,,,23,,,,,B12,,,1,,1,,,23,,1,6,,B12,120.717345,24.158534,3
2022,10,22,21,50,臺中市,沙鹿區,0,0,0,8,,,30,,,,,,,,,,,,,,,6,,,,,B03,,,1,,2,,,6,,1,3,,B03,120.568431,24.240754,3
2022,10,22,21,51,臺中市,大肚區,0,1,0,8,3,5,40,3,1,1,5,4,5,7,2,1,10,5,5,2,13,16,2,9,1,1,C03,7,9,1,10,2,11,,16,16,1,22,8,C03,120.58326,24.168487,2
2022,10,22,22,0,臺中市,北區,0,0,0,8,,,50,,,,,,,,,,,,,,,9,,,,,B03,,,1,,11,,,9,,1,22,,B03,120.686034,24.154975,3
2022,10,22,22,5,臺中市,南屯區,0,0,0,8,,,50,,,,,,,,,,,,,,,16,,,,,C03,,,1,,1,,,16,,1,22,,C03,120.639611,24.147153,3
2022,10,22,22,8,臺中市,西區,0,0,0,8,,,50,,,,,,,,,,,,,,,26,,,,,C03,,,1,,2,,,26,,1,22,,C03,120.666817,24.153109,3
2022,10,22,22,22,臺中市,大肚區,0,1,0,8,3,5,30,3,1,1,5,4,5,7,4,4,5,5,5,1,16,6,2,9,1,1,C03,7,5,1,10,2,11,,6,6,1,4,1,C03,120.536406,24.152418,2
2022,10,22,22,59,臺中市,南區,0,1,0,8,3,5,50,14,7,1,5,4,3,7,4,4,5,4,4,2,2,23,3,10,3,4,B03,7,9,1,8,2,2,,23,23,1,21,8,B03,120.682306,24.129761,2
2022,10,22,23,1,臺中市,沙鹿區,0,3,0,8,1,5,60,4,1,1,5,4,5,7,3,1,10,5,5,2,17,6,2,9,1,1,C03,7,9,1,10,2,11,,16,6,1,9,9,C03,120.606402,24.247363,2
2022,10,22,23,3,臺中市,清水區,0,0,0,8,,,30,,,,,,,,,,,,,,,12,,,,,B03,,,1,,1,,,12,,1,21,,B03,120.578117,24.282252,3
2022,10,22,23,24,臺中市,潭子區,0,1,0,8,3,5,50,4,1,1,5,4,5,7,1,1,10,5,5,2,16,6,3,10,1,1,B03,7,6,1,8,2,5,,6,6,1,22,8,B03,120.700537,24.211674,2
2022,10,22,23,28,臺中市,北區,0,0,0,,,,50,,,,,,,,,,,,,,,23,,,,,C03,,,1,,1,,,23,,1,21,,C03,120.689988,24.158056,3
2022,10,22,23,38,臺中市,豐原區,0,1,0,8,3,5,50,14,9,1,5,4,5,7,4,4,3,4,5,2,17,43,3,10,1,1,C03,7,9,3,18,9,12,,43,43,1,22,8,C03,120.700644,24.249125,2
2022,10,22,23,51,臺中市,北區,0,0,0,8,,,50,,,,,,,,,,,,,,,23,,,,,B03,,,1,,2,,,23,,1,22,,B03,120.680608,24.162973,3
2022,10,22,23,55,臺中市,中區,0,1,0,8,3,5,50,4,1,1,5,4,5,7,3,1,10,5,5,2,15,6,3,10,1,1,B01,7,9,1,1,2,8,,6,6,1,10,8,B01,120.676542,24.142268,2
2022,10,22,23,55,臺中市,西區,0,1,0,8,3,5,50,4,1,1,5,4,5,7,4,4,10,5,5,2,15,6,2,8,1,1,C03,7,9,1,10,2,12,,6,6,1,22,9,C03,120.660172,24.151979,2
2022,10,23,0,5,臺中市,潭子區,0,0,0,8,,,50,,,,,,,,,,,,,,,23,,,,,B03,,,1,,2,,,23,,1,20,,B03,120.705251,24.215592,3
2022,10,23,0,45,臺中市,新社區,0,3,0,8,1,5,40,11,9,1,5,4,5,7,4,4,5,5,5,1,11,26,2,9,1,1,B03,7,5,1,8,2,1,,26,26,1,22,8,B03,120.889046,24.103263,2
2022,10,23,0,46,臺中市,龍井區,0,1,0,8,1,5,30,14,9,1,5,4,5,7,4,4,10,5,5,2,17,23,2,7,3,4,C03,7,9,1,10,2,14,,23,23,1,22,9,C03,120.591898,24.180281,2
2022,10,23,0,46,臺中市,新社區,0,0,0,8,3,5,40,14,9,1,5,4,5,7,4,4,5,5,5,1,19,42,3,10,3,4,B03,7,9,1,8,2,4,,42,42,1,22,8,B03,120.878813,24.127244,3
2022,10,23,1,15,臺中市,大里區,0,1,0,8,3,5,50,4,1,1,5,4,5,7,1,1,10,5,5,2,17,23,2,9,1,1,C03,7,9,1,10,2,14,,23,23,1,21,8,C03,120.676191,24.114929,2
2022,10,23,3,5,臺中市,大里區,0,2,0,8,3,5,50,14,9,1,5,4,5,7,4,4,9,3,5,1,13,16,2,9,1,1,C03,7,9,1,10,2,11,,16,16,1,18,8,C03,120.678606,24.114831,2
2022,10,23,3,25,臺中市,沙鹿區,0,1,0,8,3,5,40,14,8,1,5,4,5,7,4,4,1,4,1,1,26,23,2,1,1,1,C03,7,9,1,9,7,11,,23,23,1,18,5,C03,120.569184,24.23736,2
2022,10,23,4,5,臺中市,大里區,0,2,0,8,3,5,50,4,1,1,5,4,5,7,3,1,10,5,5,2,16,6,2,4,1,1,B03,7,9,1,8,2,1,,6,6,1,9,8,B03,120.684957,24.107051,2
2022,10,23,4,28,臺中市,太平區,0,1,0,8,3,5,50,14,9,1,5,4,5,7,4,4,5,4,5,1,18,43,2,9,1,1,C03,7,9,1,10,2,14,,43,43,1,18,8,C03,120.734765,24.134517,2
2022,10,23,5,24,臺中市,北屯區,0,2,0,8,3,5,30,4,1,1,5,4,5,7,3,1,10,5,5,2,29,23,2,7,1,1,B03,7,6,1,8,2,1,,23,23,1,22,8,B03,120.707535,24.19757,2
2022,10,23,5,43,臺中市,西屯區,0,1,0,8,2,5,50,14,7,1,5,4,5,7,4,4,1,4,4,2,17,43,2,9,3,4,C03,7,9,1,10,2,15,,43,26,1,22,9,C03,120.668682,24.177906,2
2022,10,23,6,30,臺中市,大里區,0,1,0,8,2,5,50,14,7,1,5,4,5,7,4,4,5,2,4,1,12,19,3,10,1,1,B01,7,1,1,4,2,8,,19,19,1,10,8,B01,120.683452,24.110271,2
2022,10,23,7,15,臺中市,霧峰區,0,2,0,8,1,5,50,4,8,1,5,4,5,7,1,1,9,5,4,1,9,23,2,9,1,1,C03,7,9,4,8,2,11,,23,23,1,22,8,C03,120.698691,24.06459,2
2022,10,23,8,11,臺中市,南屯區,0,1,0,8,1,5,50,4,1,1,5,4,5,7,1,1,3,4,4,2,17,6,3,10,1,1,B03,7,5,1,8,2,1,,6,6,1,22,8,B03,120.651418,24.150995,2
2022,10,23,8,29,臺中市,南區,0,2,0,7,1,5,50,14,9,1,5,4,5,7,4,4,3,4,5,2,16,7,2,9,1,1,C03,7,7,1,10,2,14,,7,7,1,22,9,C03,120.670339,24.120328,2
2022,10,23,8,35,臺中市,大雅區,0,2,0,8,1,5,50,3,2,1,5,4,5,7,1,1,1,3,5,1,16,44,2,9,1,1,C03,7,9,1,10,2,11,,44,44,1,22,9,C03,120.644761,24.22653,2
2022,10,23,8,40,臺中市,豐原區,0,2,0,7,1,5,40,14,7,1,5,4,5,7,4,4,1,4,4,2,12,19,2,1,1,1,B12,7,1,1,8,2,7,,19,19,1,22,8,B12,120.717203,24.256753,2
2022,10,23,9,2,臺中市,北屯區,0,0,0,8,,,50,,,,,,,,,,,,,,,16,,,,,B03,,,1,,1,,,16,,1,21,,B03,120.697745,24.170349,3
2022,10,23,9,22,臺中市,西區,0,0,0,8,,,50,,,,,,,,,,,,,,,19,,,,,C03,,,1,,1,,,19,,1,4,,C03,120.660206,24.149703,3
2022,10,23,9,35,臺中市,南屯區,0,0,0,,,,40,,,,,,,,,,,,,,,25,,,,,B03,,,1,,1,,,25,,1,22,,B03,120.623237,24.149781,3
2022,10,23,9,35,臺中市,大里區,0,0,0,8,,,30,,,,,,,,,,,,,,,18,,,,,B03,,,1,,2,,,18,,1,22,,B03,120.698771,24.06472,3
2022,10,23,9,38,臺中市,南屯區,0,1,0,8,1,5,50,14,9,1,5,4,5,7,4,4,5,4,5,2,18,42,2,9,3,4,F01,7,9,8,20,2,15,,42,42,1,22,9,F01,120.60047,24.139375,2
2022,10,23,9,46,臺中市,后里區,0,3,0,8,1,5,50,14,9,1,5,4,5,7,4,4,5,5,5,2,12,8,2,9,1,1,C03,7,5,1,10,2,14,,8,8,1,22,8,C03,120.703185,24.307971,2
2022,10,23,9,52,臺中市,北區,0,0,0,8,,,50,,,,,,,,,,,,,,,23,,,,,B03,,,1,,1,,,23,23,1,5,,B03,120.684878,24.142594,3
2022,10,23,9,55,臺中市,太平區,0,1,0,7,1,5,50,4,9,1,5,4,5,7,4,4,10,5,5,2,15,6,2,9,1,1,C03,7,9,1,10,2,11,,6,6,1,9,5,C03,120.714582,24.153209,2
2022,10,23,9,58,臺中市,東區,0,2,0,8,1,5,30,4,1,1,5,4,5,7,4,4,10,5,5,2,15,6,2,9,1,1,C03,7,9,1,10,9,11,,6,6,1,5,8,C03,120.684874,24.134297,2
2022,10,23,10,4,臺中市,東區,0,0,0,,,,50,,,,,,,,,,,,,,,12,,,,,B03,,,1,,2,,,12,,1,22,,B03,120.705405,24.135624,3
2022,10,23,10,4,臺中市,北屯區,0,0,0,8,,,50,,,,,,,,,,,,,,,25,,,,,B03,,,1,,1,,,25,,1,21,,B03,120.721811,24.181854,3
2022,10,23,10,5,臺中市,沙鹿區,0,1,0,8,1,5,50,4,1,1,5,4,5,7,1,1,10,5,5,2,16,9,3,10,1,1,B03,7,6,1,8,2,2,,9,9,1,6,5,B03,120.569272,24.244627,2
2022,10,23,10,10,臺中市,東勢區,0,0,0,8,,,50,,,,,,,,,,,,,,,12,,,,,B03,,,1,,11,,,12,,1,22,,B03,120.834083,24.251833,3
2022,10,23,10,17,臺中市,沙鹿區,0,2,0,8,1,5,40,14,8,1,5,4,5,7,4,4,3,3,3,1,17,6,3,10,3,4,B03,7,6,1,8,2,1,,6,6,1,22,8,B03,120.585061,24.250241,2
2022,10,23,10,20,臺中市,南區,0,2,0,7,1,5,50,4,1,1,5,4,5,7,4,4,10,5,5,2,15,6,2,9,1,1,C03,7,9,1,10,2,11,,6,6,1,22,9,C03,120.669995,24.120255,2
2022,10,23,10,25,臺中市,大雅區,0,1,0,8,1,5,50,3,1,1,5,4,5,7,1,2,10,5,5,2,17,10,3,10,1,1,B03,7,11,1,8,2,6,,10,10,1,22,8,B03,120.628101,24.242249,2
2022,10,23,10,25,臺中市,大里區,0,1,0,8,1,5,50,3,1,1,5,4,5,7,4,4,10,5,5,2,17,6,3,10,1,1,C03,7,5,1,9,2,15,,6,6,1,9,3,C03,120.702977,24.089085,2
2022,10,23,10,26,臺中市,清水區,0,2,0,8,1,5,50,4,1,1,5,4,5,7,3,1,1,4,4,2,15,23,3,10,1,1,B03,7,9,1,8,9,1,,23,23,1,21,8,B03,120.5329,24.268214,2
2022,10,23,10,29,臺中市,北屯區,0,0,0,8,,,50,,,,,,,,,,,,,,,42,,,,,A12,,,1,,2,,,42,,1,22,,A12,120.733471,24.160733,3
2022,10,23,10,30,臺中市,神岡區,0,1,0,8,1,5,50,3,1,1,5,4,5,7,4,4,10,5,5,1,17,6,3,10,1,1,B03,7,5,1,8,2,7,,6,6,1,12,8,B03,120.703667,24.270935,2
2022,10,23,10,33,臺中市,龍井區,0,1,0,8,1,5,30,4,1,1,5,4,5,7,4,4,10,5,5,2,16,6,2,8,1,1,C03,7,9,1,10,2,12,,6,6,1,2,8,C03,120.597488,24.189072,2
2022,10,23,10,45,臺中市,豐原區,0,1,0,8,1,5,50,3,1,1,5,4,5,7,4,4,10,5,5,2,16,23,3,10,1,1,C03,7,5,1,10,2,11,,23,23,1,20,8,C03,120.719474,24.252638,2
2022,10,23,10,57,臺中市,清水區,0,2,0,6,1,5,50,14,8,1,4,4,5,7,4,4,1,4,4,1,13,23,2,9,1,1,C03,7,9,1,10,2,11,,23,23,1,21,8,C03,120.604547,24.314256,2
2022,10,23,11,7,臺中市,大安區,0,0,0,8,,,30,,,,,,,,,,,,,,,53,,,,,H01,,,8,,2,,,53,,1,22,,H01,120.585755,24.379724,3
2022,10,23,11,10,臺中市,東勢區,0,0,0,8,,,60,,,,,,,,,,,,,,,23,,,,,B03,,,1,,2,,,23,,1,21,,B03,120.822899,24.261337,3
2022,10,23,11,20,臺中市,東區,0,1,0,8,1,5,50,4,1,1,5,4,5,7,4,4,5,5,5,2,15,6,2,8,1,1,C03,7,9,1,10,2,11,,6,6,1,22,8,C03,120.692973,24.128358,2
2022,10,23,11,25,臺中市,豐原區,0,1,0,8,1,5,50,4,1,1,5,4,5,7,1,1,5,5,5,2,15,25,3,10,1,1,C03,7,9,1,10,2,14,,25,25,1,21,8,C03,120.723786,24.247531,2
2022,10,23,11,30,臺中市,東區,0,2,0,8,1,5,50,14,9,1,5,4,5,7,4,4,5,4,5,2,3,51,2,9,4,5,H01,8,18,8,20,2,16,,51,51,1,5,8,H01,120.68982,24.142933,2
2022,10,23,11,33,臺中市,北區,0,1,0,8,1,5,50,3,1,1,5,4,5,7,1,1,10,5,5,2,16,6,3,10,1,1,C03,7,5,1,10,2,13,,6,6,1,5,8,C03,120.677269,24.142388,2
2022,10,23,11,43,臺中市,南區,0,0,0,8,,,50,,,,,,,,,,,,,,,43,,,,,B03,,,1,,2,,,43,,1,22,,B03,120.650113,24.120461,3
2022,10,23,11,47,臺中市,西屯區,0,1,0,7,1,5,30,3,1,1,5,4,5,7,3,1,10,5,5,2,16,26,3,10,1,1,B03,7,5,1,8,2,8,,26,23,1,21,8,B03,120.655185,24.190246,2
2022,10,23,11,52,臺中市,大甲區,0,1,0,8,1,5,30,3,2,1,5,4,5,7,4,4,10,5,5,2,16,6,3,10,1,1,B03,7,6,1,8,2,8,,6,6,1,22,9,B03,120.615186,24.341495,2
2022,10,23,12,4,臺中市,梧棲區,0,1,0,6,1,5,50,3,1,1,4,4,5,7,4,4,10,5,5,2,3,23,3,10,1,1,B12,7,9,1,8,2,1,,23,23,1,21,8,B12,120.542644,24.246209,2
2022,10,23,12,6,臺中市,西區,0,1,0,7,1,5,50,4,1,1,4,4,5,7,1,1,10,5,5,2,15,25,3,10,1,1,B03,7,9,1,8,2,1,,25,25,1,22,9,B03,120.668624,24.144398,2
2022,10,23,12,6,臺中市,北屯區,0,1,0,8,1,5,50,5,4,1,5,4,5,7,4,4,5,2,4,2,13,23,3,10,1,1,B03,7,9,1,8,2,5,,23,23,1,5,8,B03,120.686005,24.188868,2
2022,10,23,12,10,臺中市,北區,0,0,0,8,,,50,,,,,,,,,,,,,,,23,,,,,B03,,,1,,1,,,23,,1,5,,B03,120.679298,24.165404,3
2022,10,23,12,13,臺中市,烏日區,0,1,0,8,1,5,50,14,12,1,5,4,5,7,4,4,1,4,4,1,13,16,3,10,1,1,C03,7,9,1,10,2,11,,44,16,1,22,8,C03,120.611197,24.10757,2
2022,10,23,12,15,臺中市,霧峰區,0,0,0,8,,,50,,,,,,,,,,,,,,,12,,,,,B12,,,1,,2,,,12,,1,22,,B12,120.696956,24.06339,3
2022,10,23,12,21,臺中市,豐原區,0,1,0,7,1,5,40,14,7,1,5,4,5,7,4,4,5,4,4,2,12,19,3,10,1,1,B03,7,1,1,8,2,5,,19,19,1,22,8,B03,120.706211,24.24362,2
2022,10,23,12,30,臺中市,南區,0,1,0,8,1,5,50,4,1,1,5,4,5,7,4,4,10,5,5,2,15,6,2,9,1,1,C03,7,9,1,10,2,11,,6,6,1,22,8,C03,120.662125,24.125127,2
2022,10,23,12,30,臺中市,南屯區,0,2,0,6,1,5,50,3,1,1,4,4,5,7,4,4,5,5,5,2,17,23,3,10,1,1,B02,7,9,1,8,2,8,,23,23,1,22,8,B02,120.610287,24.138482,2
2022,10,23,12,33,臺中市,西區,0,0,0,8,,,50,,,,,,,,,,,,,,,19,,,,,B03,,,1,,1,,,19,,1,4,,B03,120.674251,24.142832,3
2022,10,23,12,33,臺中市,東區,0,0,0,,,,50,,,,,,,,,,,,,,,23,,,,,C03,,,6,,2,,,23,,1,22,,C03,120.685693,24.136161,3
2022,10,23,12,33,臺中市,西屯區,0,0,0,,,,50,,,,,,,,,,,,,,,23,,,,,C03,,,1,,1,,,23,,1,22,,C03,120.649293,24.162619,3
2022,10,23,12,40,臺中市,龍井區,0,1,0,6,1,5,50,14,13,1,4,4,5,7,4,4,5,5,5,1,17,40,3,10,1,1,B03,7,14,6,18,2,8,,40,40,1,2,7,B03,120.581562,24.175087,2
2022,10,23,12,45,臺中市,太平區,0,0,0,8,,,50,,,,,,,,,,,,,,,19,,,,,B03,,,1,,2,,,19,,1,22,,B03,120.716295,24.15703,3
2022,10,23,12,51,臺中市,西區,0,1,0,6,1,5,50,4,1,1,4,4,5,7,1,1,10,5,5,2,18,43,2,9,1,1,C03,7,9,1,10,1,15,,43,43,1,22,9,C03,120.663263,24.163328,2
2022,10,23,12,52,臺中市,龍井區,0,2,0,6,1,5,60,4,1,1,4,4,5,7,1,1,10,5,5,2,16,9,3,10,1,1,B03,7,6,1,8,2,5,,9,9,1,20,8,B03,120.574501,24.181213,2
2022,10,23,12,53,臺中市,東區,0,1,0,6,1,5,50,14,8,1,4,4,5,7,4,4,5,4,4,2,16,19,2,9,1,1,C03,7,1,1,10,2,11,,19,19,1,22,8,C03,120.692815,24.128198,2