年,月,日,時,分,縣市,區,死,受傷,2-30,天候,光線,道路類別,速限,道路型態,事故位置,路面鋪裝,路面狀態,路面缺陷,障礙物,視距,號誌種類,號誌動作,分向設施,快車道或一般車道間,快慢車道間,路面邊線,事故類型及型態,主要肇因,受傷程度,主要傷處,保護裝備,行動電話,當事者區分,車輛用途,當事者行動狀態,駕駛資格情形,駕駛執照種類,飲酒情形,車輛撞擊部位最初,車輛撞擊部位其他,肇事因素個別,肇事因素主要,肇事逃逸,職業,旅次目的,車種,GPS緯度,GPS經度,事故類別
2022,10,23,12,55,臺中市,太平區,0,0,0,6,,,50,,,,,,,,,,,,,,,12,,,,,B03,,,1,,2,,,12,,1,22,,B03,120.726944,24.154086,3
2022,10,23,12,56,臺中市,中區,0,3,0,6,1,5,50,4,1,1,4,4,5,7,1,1,10,5,5,2,17,6,2,9,3,4,C03,7,6,1,10,2,11,,6,6,1,21,8,C03,120.675975,24.141326,2
2022,10,23,12,57,臺中市,北區,0,0,0,6,,,50,,,,,,,,,,,,,,,23,,,,,C03,,,1,,2,,,23,,1,5,,C03,120.684763,24.151569,3
2022,10,23,13,1,臺中市,北屯區,0,0,0,8,,,50,,,,,,,,,,,,,,,12,,,,,B03,,,1,,2,,,12,,1,22,,B03,120.686786,24.186246,3
2022,10,23,13,7,臺中市,西區,0,0,0,6,,,40,,,,,,,,,,,,,,,12,,,,,B03,,,1,,1,,,12,,1,2,,B03,120.668511,24.135561,3
2022,10,23,13,12,臺中市,南屯區,0,0,0,,,,50,,,,,,,,,,,,,,,6,,,,,B03,,,1,,1,,,6,6,1,22,,B03,120.63625,24.151284,3
2022,10,23,13,18,臺中市,南屯區,0,0,0,,,,50,,,,,,,,,,,,,,,12,,,,,B03,,,1,,1,,,12,,1,22,,B03,120.651741,24.13943,3
2022,10,23,13,25,臺中市,太平區,0,1,0,6,1,5,50,3,1,1,4,4,5,7,4,4,10,5,5,2,16,19,3,10,1,1,B03,7,1,1,10,2,8,,19,19,1,23,8,B03,120.713298,24.159886,2
2022,10,23,13,35,臺中市,大里區,0,0,0,6,,,50,,,,,,,,,,,,,,,60,,,,,H01,,,8,,10,,,60,,1,20,,H01,120.701886,24.085768,3
2022,10,23,13,38,臺中市,太平區,0,0,0,6,,,50,,,,,,,,,,,,,,,6,,,,,B03,,,1,,1,,,6,,1,22,,B03,120.7128,24.149808,3
2022,10,23,13,40,臺中市,北屯區,0,1,0,6,1,5,40,14,5,1,4,4,5,7,4,4,1,5,3,2,13,16,3,10,1,1,B03,7,12,1,8,2,1,3,16,16,1,5,8,B03,120.730159,24.161514,2
2022,10,23,13,43,臺中市,烏日區,0,3,0,8,1,5,70,4,1,1,5,4,5,7,2,1,10,5,5,2,17,19,2,9,1,1,C03,7,1,1,10,2,12,,19,19,1,5,8,C03,120.600511,24.110591,2
2022,10,23,13,59,臺中市,大里區,0,1,0,6,1,5,50,4,1,1,4,4,5,7,1,1,10,5,5,2,16,6,3,10,1,1,B03,7,5,1,8,2,5,,6,6,1,5,5,B03,120.689361,24.118745,2
2022,10,23,14,9,臺中市,太平區,0,1,0,6,1,5,30,11,9,1,4,4,5,7,4,4,10,5,5,1,29,42,2,9,1,1,C03,7,9,1,10,2,12,11,42,42,1,22,8,C03,120.711727,24.125678,2
2022,10,23,14,16,臺中市,西屯區,0,1,0,6,1,5,50,14,9,1,4,4,5,7,2,1,5,4,5,2,17,23,2,8,1,1,C03,7,6,1,10,2,11,,23,23,1,5,8,C03,120.651801,24.158893,2
2022,10,23,14,29,臺中市,南區,0,0,0,,,,50,,,,,,,,,,,,,,,19,,,,,B03,,,1,,2,,,44,19,1,22,,B03,120.683083,24.134036,3
2022,10,23,14,30,臺中市,大里區,0,2,0,6,1,5,50,4,1,1,4,4,5,7,1,1,9,4,5,1,17,42,2,9,1,1,C03,7,9,1,10,2,13,,42,42,1,22,8,C03,120.698323,24.080693,2
2022,10,23,14,43,臺中市,南區,0,1,0,6,1,5,50,4,2,1,4,4,5,7,1,1,10,5,5,2,18,23,2,9,1,1,C03,7,9,1,10,2,12,,23,23,1,22,9,C03,120.686166,24.135638,2
2022,10,23,14,49,臺中市,烏日區,0,1,0,6,1,5,60,3,9,1,4,4,5,7,4,4,1,4,5,1,16,19,3,10,1,1,B03,7,1,3,18,2,8,,19,19,1,21,7,B03,120.642601,24.109392,2
2022,10,23,14,55,臺中市,南屯區,0,0,0,6,,,50,,,,,,,,,,,,,,,23,,,,,B03,,,1,,1,,,23,23,1,22,,B03,120.630901,24.122416,3
2022,10,23,15,1,臺中市,大里區,0,1,0,6,1,5,30,3,1,1,4,4,5,7,4,4,10,5,5,2,16,8,3,10,1,1,B03,7,5,1,8,2,1,,8,8,1,22,8,B03,120.699121,24.084011,2
2022,10,23,15,2,臺中市,大里區,0,0,0,6,,,50,,,,,,,,,,,,,,,12,,,,,B03,,,1,,1,,,12,,1,22,,B03,120.680565,24.115063,3
2022,10,23,15,9,臺中市,東區,0,0,0,6,,,50,,,,,,,,,,,,,,,16,,,,,C03,,,1,10,2,,,16,16,1,21,,C03,120.684116,24.135063,3
2022,10,23,15,15,臺中市,清水區,0,0,0,6,,,50,,,,,,,,,,,,,,,44,,,,,B03,,,1,,2,,,44,44,1,21,,B03,120.550241,24.26474,3
2022,10,23,15,16,臺中市,北區,0,0,0,,,,50,,,,,,,,,,,,,,,23,,,,,B02,,,1,,1,,,23,,1,5,,B02,120.682858,24.153225,3
2022,10,23,15,18,臺中市,太平區,0,1,0,6,1,5,50,5,1,1,4,4,5,7,2,1,10,5,5,2,16,25,2,7,1,1,C03,7,1,1,10,2,11,,25,25,1,22,8,C03,120.724869,24.149741,2
2022,10,23,15,23,臺中市,北屯區,0,0,0,6,,,40,,,,,,,,,,,,,,,7,,,,,C03,,,1,,2,,,7,,1,21,,C03,120.715149,24.164191,3
2022,10,23,15,24,臺中市,豐原區,0,0,0,6,,,50,,,,,,,,,,,,,,,16,,,,,B03,,,1,,2,,,16,,1,21,,B03,120.75065,24.269565,3
2022,10,23,15,25,臺中市,西區,0,0,0,6,,,50,,,,,,,,,,,,,,,12,,,,,B03,,,1,,1,,,12,,1,4,,B03,120.660954,24.147437,3
2022,10,23,15,25,臺中市,西區,0,1,0,6,1,5,50,4,1,1,4,4,5,7,2,1,10,5,5,2,15,25,3,10,1,1,B03,7,9,1,8,2,1,,25,25,1,21,8,B03,120.662572,24.163561,2
2022,10,23,15,26,臺中市,霧峰區,0,0,0,8,,,80,,,,,,,,,,,,,,,23,,,,,B03,,,1,,2,,,23,,1,4,,B03,120.686638,24.056982,3
2022,10,23,15,30,臺中市,沙鹿區,0,3,0,6,1,5,70,3,1,1,4,4,5,7,1,1,10,5,5,2,23,23,3,10,1,1,B03,7,9,1,8,2,1,,23,23,1,21,8,B03,120.580758,24.201702,2
2022,10,23,15,33,臺中市,太平區,0,0,0,8,,,30,,,,,,,,,,,,,,,42,,,,,B03,,,1,,2,7,,42,42,1,22,,B03,120.718795,24.121366,3
2022,10,23,15,33,臺中市,后里區,0,0,0,6,1,5,50,11,9,1,4,4,5,7,4,4,10,5,5,1,11,4,3,10,1,1,F03,7,6,8,20,7,11,,4,21,1,9,7,F03,120.738682,24.325157,3
2022,10,23,15,35,臺中市,北屯區,0,0,0,6,,,40,,,,,,,,,,,,,,,23,,,,,B03,,,1,,1,,,23,,1,22,,B03,120.696196,24.176188,3
2022,10,23,15,35,臺中市,西屯區,0,0,0,6,1,5,50,3,1,1,4,4,5,7,4,4,1,4,5,2,16,6,3,10,1,1,B03,7,6,1,8,1,2,,6,6,1,22,8,B03,120.635222,24.172542,3
2022,10,23,15,51,臺中市,龍井區,0,2,0,6,1,5,50,14,9,1,4,4,5,7,4,4,9,4,5,2,17,26,2,7,1,1,C03,7,11,1,10,2,11,,26,26,1,18,1,C03,120.593035,24.182701,2
2022,10,23,15,52,臺中市,西區,0,1,0,6,1,5,50,14,9,1,4,4,5,7,4,4,5,4,5,2,12,6,3,10,1,1,B03,7,6,1,8,2,2,,6,6,1,22,9,B03,120.668963,24.150986,2
2022,10,23,16,0,臺中市,北屯區,0,0,0,8,,,50,,,,,,,,,,,,,,,12,,,,,B02,,,1,,1,,,12,12,1,22,,B02,120.685641,24.194228,3
2022,10,23,16,1,臺中市,北屯區,0,1,0,6,1,5,40,4,1,1,4,4,5,7,2,1,10,5,5,2,13,13,2,9,1,1,C03,7,9,1,10,2,11,,13,13,1,22,8,C03,120.686105,24.18022,2
2022,10,23,16,6,臺中市,北區,0,0,0,6,,,50,,,,,,,,,,,,,,,12,,,,,B03,,,1,,2,,,12,,1,22,,B03,120.676172,24.150283,3
2022,10,23,16,7,臺中市,南屯區,0,0,0,8,,,40,,,,,,,,,,,,,,,60,,,,,,,,,,,,,60,,1,,,,120.648335,24.13335,3
2022,10,23,16,10,臺中市,大雅區,0,0,0,6,,,60,,,,,,,,,,,,,,,23,,,,,B03,,,1,,1,,,23,,1,22,,B03,120.651211,24.209742,3
2022,10,23,16,10,臺中市,太平區,0,1,0,6,1,5,50,14,9,1,4,4,5,7,4,4,1,4,5,2,13,23,3,10,1,1,B03,7,14,1,10,2,1,,23,23,1,22,5,B03,120.712842,24.146315,2
2022,10,23,16,12,臺中市,大里區,0,2,0,7,1,5,30,4,1,1,4,4,5,7,4,4,10,5,5,2,15,6,2,9,1,1,C03,7,9,1,10,2,12,,6,6,1,22,8,C03,120.706126,24.084086,2
2022,10,23,16,16,臺中市,龍井區,0,0,0,6,,,60,,,,,,,,,,,,,,,42,,,,,B12,,,1,,11,,,42,,1,21,,B12,120.57369,24.185286,3
2022,10,23,16,18,臺中市,和平區,0,0,0,,,,50,,,,,,,,,,,,,,,16,,,,,B03,,,1,,2,,,16,16,1,22,,B03,121.158915,24.248531,3
2022,10,23,16,27,臺中市,北屯區,0,1,0,6,1,5,50,4,1,1,4,4,5,7,1,1,10,5,5,2,16,6,3,10,1,1,B11,7,5,1,3,2,5,,6,6,1,21,8,B11,120.691967,24.175124,2
2022,10,23,16,30,臺中市,西區,0,0,0,6,,,50,,,,,,,,,,,,,,,10,,,,,B03,,,1,,2,,,10,,1,2,,B03,120.666567,24.150869,3
2022,10,23,16,32,臺中市,西區,0,0,0,6,,,50,,,,,,,,,,,,,,,6,,,,,C03,,,1,,1,,,6,6,1,4,,C03,120.657924,24.145576,3
2022,10,23,16,35,臺中市,霧峰區,0,0,0,8,,,40,,,,,,,,,,,,,,,23,,,,,B03,,,1,,2,,,23,,1,4,,B03,120.685891,24.022738,3
2022,10,23,16,43,臺中市,豐原區,0,1,0,7,1,5,50,5,2,1,4,4,5,7,4,4,5,5,4,2,11,42,3,10,1,1,B12,7,5,1,8,2,4,7,42,42,1,21,8,B12,120.717155,24.248178,2
2022,10,23,16,56,臺中市,北區,0,0,0,6,,,50,,,,,,,,,,,,,,,42,,,,,B03,,,1,,2,,,42,,1,22,,B03,120.682577,24.154149,3
2022,10,23,16,56,臺中市,太平區,0,1,0,7,1,5,40,4,1,1,4,4,5,7,2,1,10,5,5,2,17,42,2,9,1,1,C03,7,15,1,10,2,15,,42,42,1,22,8,C03,120.715544,24.136161,2
2022,10,23,16,57,臺中市,烏日區,0,1,0,6,1,5,50,4,18,1,4,4,5,7,2,1,10,5,5,2,3,15,3,10,1,1,B03,7,5,1,8,2,5,,15,15,1,21,7,B03,120.590013,24.113621,2
2022,10,23,17,0,臺中市,西屯區,0,2,0,6,2,5,40,4,1,1,4,4,5,7,1,1,5,4,4,2,18,42,2,9,1,1,C03,7,6,1,10,2,12,,42,42,1,22,8,C03,120.644251,24.194815,2
2022,10,23,17,4,臺中市,潭子區,0,0,0,6,,,50,,,,,,,,,,,,,,,40,,,,,B03,,,1,,2,,,40,40,1,22,,B03,120.706058,24.202819,3
2022,10,23,17,11,臺中市,南區,0,1,0,6,1,5,40,11,9,1,4,4,5,7,4,4,5,5,4,2,16,23,2,9,1,1,C03,7,13,1,10,2,11,,23,23,1,22,8,C03,120.649876,24.116,2
2022,10,23,17,16,臺中市,烏日區,0,1,0,6,2,5,50,14,7,1,4,4,5,7,4,4,1,4,4,1,18,23,2,9,1,1,C03,7,9,1,10,2,14,,23,23,1,19,8,C03,120.589595,24.113891,2
2022,10,23,17,16,臺中市,梧棲區,0,1,0,6,3,5,30,3,1,1,4,4,5,7,4,4,10,5,5,2,16,6,3,10,1,1,B03,7,9,1,10,2,5,,6,6,1,4,8,B03,120.531289,24.257862,2
2022,10,23,17,18,臺中市,龍井區,0,0,0,6,,,30,,,,,,,,,,,,,,,18,,,,,B03,,,1,,2,,,18,,1,21,,B03,120.588411,24.179618,3
2022,10,23,17,29,臺中市,南區,0,0,0,6,,,50,,,,,,,,,,,,,,,23,,,,,B03,,,1,,1,,,23,23,1,22,,B03,120.663892,24.124887,3
2022,10,23,17,30,臺中市,北屯區,0,0,0,8,,,50,,,,,,,,,,,,,,,12,,,,,B12,,,1,,1,,,12,12,1,22,,B12,120.697531,24.160807,3
2022,10,23,17,30,臺中市,豐原區,0,0,0,6,,,50,,,,,,,,,,,,,,,23,,,,,B03,,,1,,2,,,23,,1,22,,B03,120.718117,24.244279,4
2022,10,23,17,32,臺中市,大里區,0,0,0,8,,,50,,,,,,,,,,,,,,,16,,,,,C03,,,1,,2,,,16,,1,22,,C03,120.702675,24.088375,3
2022,10,23,17,35,臺中市,北屯區,0,2,0,6,2,5,50,3,2,1,4,4,5,7,4,4,10,5,5,2,3,51,2,9,4,5,H01,8,16,8,20,10,16,,51,51,1,20,7,H01,120.696611,24.17688,2
2022,10,23,17,37,臺中市,豐原區,0,0,0,6,,,30,,,,,,,,,,,,,,,12,,,,,B03,,,1,,2,,,12,,1,21,,B03,120.705083,24.250336,3
2022,10,23,17,39,臺中市,北屯區,0,2,0,6,2,5,30,4,1,1,4,4,5,7,4,4,10,5,5,2,15,6,2,9,1,1,B03,7,9,1,6,2,1,,6,6,1,22,8,B03,120.680364,24.179335,2
2022,10,23,17,45,臺中市,東區,0,2,0,6,3,5,50,14,9,1,4,4,5,7,4,4,5,5,5,2,17,26,2,9,1,1,C03,7,11,1,10,2,14,,26,26,1,21,8,C03,120.699456,24.145485,2
2022,10,23,17,46,臺中市,北屯區,0,2,0,6,3,5,50,3,1,1,4,4,5,7,3,1,10,5,5,2,16,19,3,10,1,1,B03,7,1,1,8,2,8,,19,19,1,21,8,B03,120.741694,24.180343,2
2022,10,23,17,49,臺中市,烏日區,0,2,0,6,3,5,50,3,1,1,4,4,5,7,2,1,10,5,5,2,16,8,3,10,1,1,B12,7,5,1,8,2,5,,8,8,1,21,1,B12,120.643284,24.078953,2
2022,10,23,17,51,臺中市,北區,0,0,0,,,,40,,,,,,,,,,,,,,,23,,,,,B03,,,1,,2,,,23,,1,5,,B03,120.682577,24.158379,3
2022,10,23,18,1,臺中市,潭子區,0,2,0,6,3,5,60,14,8,1,4,4,5,7,4,4,1,4,4,1,2,23,2,8,1,1,C03,7,9,1,10,2,11,,23,23,1,22,8,C03,120.708275,24.229328,2
2022,10,23,18,1,臺中市,南區,0,0,0,6,,,50,,,,,,,,,,,,,,,23,,,,,B01,,,1,4,2,,,23,23,1,21,,B01,120.653065,24.122489,3
2022,10,23,18,5,臺中市,大甲區,0,0,0,8,,,50,,,,,,,,,,,,,,,23,,,,,B03,,,1,,2,,,23,23,1,19,,B03,120.62821,24.34508,3
2022,10,23,18,6,臺中市,南屯區,0,0,0,6,,,40,,,,,,,,,,,,,,,23,,,,,C03,,,1,,2,,,23,,1,4,,C03,120.638532,24.153857,3
2022,10,23,18,6,臺中市,南屯區,0,1,0,8,3,5,50,3,1,1,4,4,5,7,3,1,10,5,5,2,12,7,2,9,1,1,C03,7,7,1,10,2,14,,7,7,1,4,8,C03,120.602735,24.135709,2
2022,10,23,18,7,臺中市,北區,0,1,0,6,3,5,50,4,1,1,4,4,5,7,2,1,5,4,5,2,16,8,3,10,1,1,B03,7,5,1,8,2,7,,8,8,1,22,8,B03,120.684755,24.167025,2
2022,10,23,18,7,臺中市,霧峰區,0,0,0,8,,,50,,,,,,,,,,,,,,,25,,,,,B03,,,1,,2,,,25,,1,4,,B03,120.695953,24.065768,3
2022,10,23,18,11,臺中市,東區,0,0,0,,,,,,,,,,,,,,,,,,,67,,,,,,,,,,,,,67,,1,,,,120.689253,24.131337,3
2022,10,23,18,13,臺中市,龍井區,0,2,0,6,3,5,50,14,9,1,4,4,5,7,4,4,9,4,5,1,13,23,2,9,1,1,C03,7,9,1,10,2,11,,23,23,1,22,7,C03,120.588546,24.179463,2
2022,10,23,18,24,臺中市,烏日區,0,0,0,8,3,5,50,5,1,1,5,4,5,7,1,1,1,4,5,1,12,17,,,,,B03,,,1,,2,,,23,17,1,22,,B03,120.616219,24.110055,3
2022,10,23,18,25,臺中市,沙鹿區,0,0,0,6,3,5,50,14,9,1,4,4,5,7,4,4,5,4,5,1,13,23,3,10,1,1,B12,7,9,1,8,7,1,,23,23,1,4,5,B12,120.575711,24.227757,3
2022,10,23,18,34,臺中市,太平區,0,0,0,6,,,50,,,,,,,,,,,,,,,23,,,,,B03,,,1,,2,,,23,,1,22,,B03,120.716736,24.124363,3
2022,10,23,18,37,臺中市,北屯區,0,0,0,6,,,50,,,,,,,,,,,,,,,66,,,,,,,,,,,,,66,,1,,,,120.705387,24.190651,3
2022,10,23,18,38,臺中市,西區,0,0,0,6,3,5,50,4,1,1,4,4,5,7,1,1,10,5,5,2,12,2,,,,,B03,,,1,,2,,,2,,1,22,,B03,120.675975,24.141326,3
2022,10,23,18,41,臺中市,梧棲區,0,0,0,8,,,40,,,,,,,,,,,,,,,23,,,,,B03,,,1,,2,,,23,,1,9,,B03,120.531298,24.25793,4
2022,10,23,18,47,臺中市,后里區,0,0,0,6,3,5,50,14,2,1,4,4,5,7,2,1,1,4,4,1,17,42,,,,,C03,,,1,,2,,,42,,1,22,,C03,120.72173,24.3061,3
2022,10,23,18,54,臺中市,豐原區,0,1,0,6,3,5,50,14,9,1,4,4,5,7,2,1,5,2,5,1,17,43,2,9,1,1,C03,7,9,1,10,2,11,,43,43,1,21,1,C03,120.720245,24.264299,2
2022,10,23,18,56,臺中市,大里區,0,0,0,8,,,30,,,,,,,,,,,,,,,17,,,,,B03,,,3,,1,,,17,17,2,22,,B03,120.70379,24.093954,3
2022,10,23,19,0,臺中市,西屯區,0,0,0,8,3,5,50,3,1,1,5,4,5,7,4,4,5,4,5,2,13,42,3,10,1,1,B03,7,15,1,8,2,1,,42,42,1,22,8,B03,120.641444,24.183672,3
2022,10,23,19,0,臺中市,龍井區,0,0,0,,,,30,,,,,,,,,,,,,,,17,,,,,B03,,,1,,2,,,17,,1,22,,B03,120.585002,24.18443,3
2022,10,23,19,1,臺中市,沙鹿區,0,2,0,7,3,5,40,14,9,1,4,4,5,7,4,4,10,5,5,1,9,23,2,9,1,1,C03,7,9,1,10,2,11,,23,23,1,4,9,C03,120.564463,24.253961,2
2022,10,23,19,10,臺中市,南區,0,0,0,8,,,50,,,,,,,,,,,,,,,42,,,,,C03,,,1,10,9,,,42,42,2,21,,C03,120.672828,24.130051,3
2022,10,23,19,14,臺中市,太平區,0,1,0,6,3,5,30,3,1,1,4,4,5,7,4,4,10,5,5,2,16,1,2,9,1,1,C03,7,4,1,10,2,12,,1,1,1,22,8,C03,120.727283,24.147684,2
2022,10,23,19,15,臺中市,東區,0,0,0,8,,,50,,,,,,,,,,,,,,,12,,,,,B03,,,1,8,2,,,12,12,1,5,,B03,120.694308,24.142625,3
2022,10,23,19,15,臺中市,北屯區,0,0,0,8,,,50,,,,,,,,,,,,,,,23,,,,,B03,,,1,,1,,,23,,1,22,,B03,120.703403,24.169668,3
2022,10,23,19,19,臺中市,南屯區,0,0,0,8,,,50,,,,,,,,,,,,,,,19,,,,,B03,,,1,,2,,,19,,1,4,,B03,120.6474,24.129708,3
2022,10,23,19,23,臺中市,龍井區,0,1,0,6,3,5,50,3,18,1,4,4,5,7,2,1,10,5,5,2,3,15,3,10,3,4,B12,7,5,1,6,2,5,,15,15,1,5,9,B12,120.550013,24.208843,2
2022,10,23,19,23,臺中市,清水區,0,1,0,7,3,5,50,4,1,1,4,4,5,7,4,4,10,5,5,2,15,6,3,10,1,1,C03,7,9,1,9,2,12,,6,6,1,5,5,C03,120.563078,24.275391,2
2022,10,23,19,27,臺中市,沙鹿區,0,0,0,6,,,60,,,,,,,,,,,,,,,7,,,,,B03,,,1,,2,,,7,,1,20,,B03,120.574295,24.229982,3
2022,10,23,19,45,臺中市,南屯區,0,0,0,,,,40,,,,,,,,,,,,,,,8,,,,,B03,,,5,,1,,,8,,1,4,,B03,120.624108,24.152316,3
2022,10,23,20,10,臺中市,南區,0,1,0,8,3,5,50,14,9,1,5,4,5,7,4,4,5,4,5,2,12,44,3,10,1,4,B03,7,9,1,8,2,8,,44,44,1,21,8,B03,120.662883,24.116868,2
2022,10,23,20,10,臺中市,沙鹿區,0,1,0,7,3,5,50,4,1,1,4,4,5,7,2,1,10,5,5,2,16,27,3,10,1,1,C03,7,6,1,10,2,13,,27,27,1,18,5,C03,120.562456,24.233421,2
2022,10,23,20,15,臺中市,西區,0,0,0,8,,,50,,,,,,,,,,,,,,,23,,,,,B03,,,1,,1,,,23,,1,22,,B03,120.667475,24.141915,3
2022,10,23,20,40,臺中市,北屯區,0,0,0,8,,,50,,,,,,,,,,,,,,,6,,,,,B03,,,1,,1,,,6,,1,21,,B03,120.702967,24.178229,3
2022,10,23,20,50,臺中市,太平區,0,0,0,8,,,50,,,,,,,,,,,,,,,19,,,,,C03,,,1,,2,,,19,,1,22,,C03,120.720636,24.140037,3
2022,10,23,21,10,臺中市,太平區,0,0,0,8,,,80,,,,,,,,,,,,,,,42,,,,,B03,,,1,,2,,,42,,1,4,,B03,120.717662,24.157865,3
2022,10,23,21,16,臺中市,大雅區,0,2,0,8,3,5,60,14,8,1,5,4,5,7,3,1,1,4,5,1,3,23,2,9,1,1,C03,7,9,1,10,2,11,,23,23,1,22,9,C03,120.668761,24.238548,2
2022,10,23,21,21,臺中市,南屯區,0,0,0,8,,,50,,,,,,,,,,,,,,,12,,,,,B03,,,1,,1,,,12,,1,20,,B03,120.652438,24.139973,3
2022,10,23,21,22,臺中市,南區,0,0,0,8,,,40,,,,,,,,,,,,,,,23,,,,,B12,,,1,,2,,,23,,1,22,,B12,120.6584,24.116535,3
2022,10,23,21,41,臺中市,西區,0,0,0,8,,,50,,,,,,,,,,,,,,,23,,,,,B03,,,1,,1,,,23,,1,22,,B03,120.655403,24.150861,3
2022,10,23,22,7,臺中市,南屯區,0,4,0,8,3,5,50,3,2,1,5,4,5,7,4,4,10,5,5,2,12,17,2,9,3,4,C03,7,9,1,10,2,14,,17,17,1,12,8,C03,120.64697,24.147885,2
2022,10,23,22,10,臺中市,西區,0,1,0,8,3,5,50,14,8,1,5,4,5,7,4,4,3,4,4,2,17,18,3,10,1,1,B03,7,3,1,8,2,8,,18,18,1,21,8,B03,120.6582,24.155244,2
2022,10,23,22,15,臺中市,西區,0,0,0,8,,,50,,,,,,,,,,,,,,,12,,,,,B03,,,1,8,1,,,12,12,1,22,,B03,120.66351,24.144709,3
2022,10,23,22,23,臺中市,太平區,0,0,0,8,,,50,,,,,,,,,,,,,,,12,,,,,B12,,,1,,2,,,12,,1,21,,B12,120.729388,24.141781,3
2022,10,23,22,27,臺中市,南屯區,0,1,0,8,3,5,40,4,1,1,5,4,5,7,1,1,10,5,5,2,16,25,3,10,1,1,B03,7,6,1,8,2,6,,25,25,1,8,8,B03,120.623141,24.149931,2
2022,10,23,22,37,臺中市,豐原區,0,0,0,8,,,50,,,,,,,,,,,,,,,67,,,,,B03,,,1,,11,,,38,67,1,22,,B03,120.708512,24.241819,3
2022,10,23,23,35,臺中市,大里區,0,0,0,8,,,40,,,,,,,,,,,,,,,23,,,,,B03,,,1,,2,,,23,,1,19,,B03,120.6882,24.094319,3
2022,10,23,23,40,臺中市,烏日區,0,0,0,8,,,30,,,,,,,,,,,,,,,14,,,,,B03,,,1,,2,,,14,14,1,21,,B03,120.635027,24.11043,3
2022,10,24,0,25,臺中市,霧峰區,0,2,0,8,4,5,40,3,1,1,5,4,5,7,3,1,10,5,5,2,16,10,3,10,3,4,B03,7,11,1,8,2,8,,10,10,1,3,8,B03,120.687401,24.046147,2
2022,10,24,1,20,臺中市,神岡區,0,0,0,8,,,50,,,,,,,,,,,,,,,22,,,,,B03,,,1,,3,,,22,,1,22,,B03,120.656411,24.251965,3
2022,10,24,1,24,臺中市,潭子區,0,1,0,8,3,5,80,14,9,1,5,4,5,7,4,4,1,4,5,1,16,7,2,7,1,1,B03,7,8,1,8,7,5,,7,7,1,22,9,B03,120.72143,24.194685,2
2022,10,24,4,37,臺中市,北屯區,0,0,0,8,,,50,,,,,,,,,,,,,,,23,,,,,B03,,,1,,2,,,23,,1,21,,B03,120.670486,24.200708,3
2022,10,24,5,20,臺中市,大里區,0,0,0,8,,,70,,,,,,,,,,,,,,,43,,,,,B02,,,1,,2,,,43,,1,22,,B02,120.664136,24.080783,3
2022,10,24,6,20,臺中市,西屯區,0,0,0,8,1,5,30,14,9,1,5,4,5,7,4,4,10,5,5,2,14,12,3,10,3,1,B03,7,2,1,8,1,6,,12,12,1,22,8,B03,120.657295,24.168449,3
2022,10,24,6,40,臺中市,大里區,0,0,0,8,,,50,,,,,,,,,,,,,,,42,,,,,C03,,,1,,2,,,42,,1,5,,C03,120.665529,24.110692,3
2022,10,24,6,42,臺中市,沙鹿區,0,2,0,8,1,5,70,3,1,1,5,4,5,7,1,1,10,5,5,2,16,25,2,9,1,1,C03,7,1,1,10,2,14,,19,25,1,22,9,C03,120.621054,24.242287,2
2022,10,24,6,54,臺中市,北屯區,0,0,0,8,,,50,,,,,,,,,,,,,,,7,,,,,B03,,,1,,2,,,7,,1,9,,B03,120.719298,24.162453,3
2022,10,24,6,54,臺中市,豐原區,0,0,0,8,,,50,,,,,,,,,,,,,,,42,,,,,B03,,,1,,2,,,42,,1,22,,B03,120.699207,24.248976,3
2022,10,24,7,2,臺中市,沙鹿區,0,1,0,8,1,5,50,4,1,1,5,4,5,7,2,1,10,5,5,2,16,6,3,10,1,1,B03,7,6,1,8,2,5,,6,6,1,22,8,B03,120.570942,24.216294,2
2022,10,24,7,7,臺中市,北屯區,0,0,0,8,,,50,,,,,,,,,,,,,,,16,,,,,C03,,,1,,1,,,16,,1,22,,C03,120.69406,24.163963,3
2022,10,24,7,9,臺中市,梧棲區,0,0,0,8,,,50,,,,,,,,,,,,,,,23,,,,,,,,,,,,,23,,1,,,,120.535331,24.220917,3
2022,10,24,7,12,臺中市,東區,0,0,0,,,,50,,,,,,,,,,,,,,,6,,,,,B12,,,1,,2,,,6,,1,22,,B12,120.69828,24.135263,3
2022,10,24,7,13,臺中市,豐原區,0,0,0,8,,,50,,,,,,,,,,,,,,,16,,,,,B03,,,1,,2,,,16,16,1,21,,B03,120.743762,24.264357,3
2022,10,24,7,17,臺中市,沙鹿區,0,0,0,8,,,50,,,,,,,,,,,,,,,8,,,,,B03,,,1,,2,,,8,,1,22,,B03,120.567945,24.254007,3