年,月,日,時,分,縣市,區,死,受傷,2-30,天候,光線,道路類別,速限,道路型態,事故位置,路面鋪裝,路面狀態,路面缺陷,障礙物,視距,號誌種類,號誌動作,分向設施,快車道或一般車道間,快慢車道間,路面邊線,事故類型及型態,主要肇因,受傷程度,主要傷處,保護裝備,行動電話,當事者區分,車輛用途,當事者行動狀態,駕駛資格情形,駕駛執照種類,飲酒情形,車輛撞擊部位最初,車輛撞擊部位其他,肇事因素個別,肇事因素主要,肇事逃逸,職業,旅次目的,車種,GPS緯度,GPS經度,事故類別
2022,10,24,15,45,臺中市,北屯區,0,1,0,8,1,5,50,14,8,1,5,4,5,7,4,4,5,5,4,2,16,7,3,10,1,1,B12,7,8,1,8,2,2,,7,7,1,22,8,B12,120.685574,24.189417,2
2022,10,24,15,45,臺中市,梧棲區,0,1,0,8,1,5,40,4,1,1,5,4,5,7,4,4,5,5,5,2,15,6,2,9,1,1,C03,7,9,1,10,2,13,,6,6,1,4,8,C03,120.53306,24.256864,2
2022,10,24,15,58,臺中市,北區,0,0,0,,,,50,,,,,,,,,,,,,,,6,,,,,B03,,,6,,1,,,6,,1,5,,B03,120.68359,24.168439,3
2022,10,24,16,3,臺中市,北屯區,0,0,0,8,,,50,,,,,,,,,,,,,,,26,,,,,C03,,,1,,1,,,26,26,1,21,,C03,120.690034,24.1823,3
2022,10,24,16,3,臺中市,龍井區,0,1,0,8,1,5,30,3,1,1,5,4,5,7,4,4,10,5,5,2,18,42,2,8,1,1,C03,7,9,3,18,2,12,,42,42,1,22,8,C03,120.575854,24.183456,2
2022,10,24,16,11,臺中市,北區,0,0,0,8,,,50,,,,,,,,,,,,,,,7,,,,,C03,,,1,,11,,,7,,1,21,,C03,120.676153,24.173395,3
2022,10,24,16,17,臺中市,大甲區,0,0,0,8,,,30,,,,,,,,,,,,,,,12,,,,,B03,,,1,,2,,,12,,1,21,,B03,120.64189,24.37017,3
2022,10,24,16,18,臺中市,南區,0,0,0,8,,,50,,,,,,,,,,,,,,,23,,,,,B03,,,1,8,2,,,23,23,1,5,,B03,120.694281,24.142533,3
2022,10,24,16,18,臺中市,西屯區,0,1,0,8,1,5,50,3,1,1,5,4,5,7,4,4,10,5,5,2,16,10,3,10,3,4,C03,7,11,1,10,2,11,,10,10,1,22,8,C03,120.655325,24.165654,2
2022,10,24,16,22,臺中市,龍井區,0,1,0,8,1,5,60,4,1,1,5,4,5,7,1,1,1,2,1,1,17,9,3,10,1,1,B03,7,6,1,8,2,2,,9,9,1,21,8,B03,120.583003,24.187283,2
2022,10,24,16,28,臺中市,太平區,0,0,0,8,,,50,,,,,,,,,,,,,,,42,,,,,B12,,,1,,9,7,,42,42,1,21,,B12,120.720381,24.150853,3
2022,10,24,16,28,臺中市,龍井區,0,0,0,8,,,40,,,,,,,,,,,,,,,12,,,,,B02,,,1,,11,,,12,,1,22,,B02,120.583033,24.187183,3
2022,10,24,16,35,臺中市,北屯區,0,2,0,8,1,5,40,14,7,1,5,4,5,7,4,4,9,5,4,2,12,19,2,8,1,1,C03,7,1,1,10,2,14,,19,19,1,21,8,C03,120.68383,24.170939,2
2022,10,24,16,36,臺中市,西屯區,0,1,0,8,1,5,50,14,9,1,5,4,5,7,4,4,5,4,5,2,16,26,3,10,3,4,B03,7,11,1,8,2,4,,26,26,1,22,8,B03,120.61504,24.181433,2
2022,10,24,16,44,臺中市,西區,0,3,0,8,1,5,50,3,1,1,5,4,5,7,4,4,5,5,5,2,16,19,2,9,1,1,C03,7,1,1,10,2,11,,19,19,1,5,9,C03,120.658373,24.13365,2
2022,10,24,16,49,臺中市,梧棲區,0,3,0,8,1,5,50,4,1,1,5,4,5,7,4,4,10,5,5,2,15,6,2,8,1,1,C03,7,9,1,10,2,12,,6,6,1,5,1,C03,120.528071,24.25224,2
2022,10,24,17,0,臺中市,沙鹿區,0,0,0,8,,,30,,,,,,,,,,,,,,,12,,,,,B12,,,1,,2,,,12,,1,4,,B12,120.578431,24.220689,3
2022,10,24,17,12,臺中市,西屯區,0,1,0,8,2,5,50,3,1,1,5,4,5,7,1,1,10,5,5,2,13,23,2,9,3,4,F01,7,9,8,20,11,16,,23,23,1,22,8,F01,120.63556,24.162969,2
2022,10,24,17,13,臺中市,龍井區,0,1,0,8,1,5,50,14,9,1,5,4,5,7,4,4,9,5,5,1,16,23,3,10,1,1,B12,7,9,1,2,2,5,,23,23,1,10,1,B12,120.54561,24.186691,2
2022,10,24,17,15,臺中市,清水區,0,1,0,8,1,5,50,4,1,1,5,4,5,7,4,4,5,5,5,1,15,6,2,7,1,1,C03,7,9,1,10,2,11,,6,6,1,21,8,C03,120.566219,24.27169,2
2022,10,24,17,17,臺中市,西區,0,1,0,8,2,5,50,4,2,1,5,4,5,7,1,1,3,4,4,2,17,26,3,10,1,1,B03,7,8,1,8,2,1,,26,26,1,4,7,B03,120.672019,24.146301,2
2022,10,24,17,22,臺中市,龍井區,0,0,0,8,,,30,,,,,,,,,,,,,,,18,,,,,B12,,,1,,2,,,18,,1,21,,B12,120.593814,24.187771,3
2022,10,24,17,22,臺中市,豐原區,0,1,0,8,1,5,30,14,9,1,5,4,5,6,4,4,10,5,5,2,16,19,3,10,1,1,B03,7,1,1,8,2,1,,19,19,1,22,8,B03,120.717885,24.249975,2
2022,10,24,17,24,臺中市,太平區,0,2,0,8,3,5,50,14,9,1,5,4,5,7,4,4,5,5,4,1,17,19,2,9,1,1,C03,7,1,1,10,2,14,,19,19,1,19,8,C03,120.72295,24.118457,2
2022,10,24,17,27,臺中市,北屯區,0,1,0,8,2,5,50,4,1,1,5,4,5,7,4,4,10,5,5,2,17,6,3,10,1,1,B01,7,5,1,2,2,1,,6,6,1,10,8,B01,120.719426,24.17803,2
2022,10,24,17,39,臺中市,北區,0,3,0,8,3,5,40,14,8,1,5,4,5,7,4,4,3,4,5,2,13,19,3,10,3,4,C03,7,1,1,10,2,13,,19,19,1,5,8,C03,120.665521,24.154321,2
2022,10,24,17,40,臺中市,龍井區,0,0,0,8,,,50,,,,,,,,,,,,,,,18,,,,,B03,,,1,,2,,,18,,1,21,,B03,120.575769,24.176805,3
2022,10,24,17,40,臺中市,神岡區,0,2,0,8,1,5,50,3,1,1,5,4,5,7,1,1,5,4,5,1,17,25,2,9,1,1,C03,7,9,1,10,2,13,,25,25,1,12,8,C03,120.690824,24.248134,2
2022,10,24,17,41,臺中市,西區,0,0,0,8,,,50,,,,,,,,,,,,,,,7,,,,,B03,,,1,,1,,,7,,1,21,,B03,120.672406,24.146498,3
2022,10,24,17,42,臺中市,霧峰區,0,2,0,8,3,5,40,4,1,1,5,4,5,6,1,1,5,4,4,1,16,26,2,9,3,4,C03,7,5,1,10,2,12,,26,26,1,18,8,C03,120.686626,24.053691,2
2022,10,24,17,42,臺中市,烏日區,0,1,0,8,3,5,30,3,1,1,5,4,5,7,4,4,10,5,5,1,27,43,2,9,1,1,C03,7,6,1,10,2,15,,43,43,1,4,8,C03,120.631234,24.07036,2
2022,10,24,17,48,臺中市,后里區,0,0,0,8,,,50,,,,,,,,,,,,,,,43,,,,,B03,,,1,,2,,,43,23,1,22,,B03,120.717793,24.309618,3
2022,10,24,17,48,臺中市,大甲區,0,0,0,,,,50,,,,,,,,,,,,,,,23,,,,,A41,,,1,,2,,,23,,1,10,,A41,120.62507,24.37235,3
2022,10,24,17,49,臺中市,龍井區,0,0,0,8,,,50,,,,,,,,,,,,,,,23,,,,,C03,,,1,,2,,,23,,1,21,,C03,120.592334,24.181481,3
2022,10,24,17,53,臺中市,北區,0,0,0,8,,,50,,,,,,,,,,,,,,,23,,,,,B03,,,1,,1,,,23,,1,22,,B03,120.671751,24.172693,3
2022,10,24,17,53,臺中市,豐原區,0,0,0,8,,,50,,,,,,,,,,,,,,,12,,,,,B12,,,1,,2,,,12,12,1,21,,B12,120.72277,24.249333,3
2022,10,24,17,54,臺中市,西屯區,0,2,0,8,3,5,50,4,1,1,5,4,5,7,1,1,5,4,5,2,17,23,2,8,1,1,C03,7,9,1,10,2,12,,23,23,1,22,8,C03,120.657948,24.184695,2
2022,10,24,17,55,臺中市,豐原區,0,0,0,8,,,50,,,,,,,,,,,,,,,17,,,,,B03,,,1,,9,,,17,,1,22,,B03,120.713722,24.249533,3
2022,10,24,17,56,臺中市,大肚區,0,1,0,8,3,5,50,14,9,1,5,4,5,7,4,4,9,4,5,1,13,23,2,8,1,1,C03,7,9,1,10,2,11,,23,23,1,18,1,C03,120.5779,24.169186,2
2022,10,24,18,0,臺中市,北屯區,0,2,0,8,3,5,50,3,1,1,5,4,5,7,4,4,10,5,5,2,16,23,2,9,1,1,C03,7,9,1,10,2,11,,23,23,1,18,8,C03,120.730105,24.171861,2
2022,10,24,18,0,臺中市,烏日區,0,1,0,8,3,5,50,3,1,1,5,4,5,7,4,4,10,5,5,2,16,23,3,10,1,1,B03,7,11,1,8,2,1,,23,23,1,22,8,B03,120.602928,24.108816,2
2022,10,24,18,1,臺中市,西屯區,0,2,0,8,2,5,40,14,12,1,5,4,5,7,4,4,5,5,4,2,2,23,2,9,3,4,F01,7,9,8,20,2,16,,23,23,1,16,1,F01,120.66618,24.169486,2
2022,10,24,18,2,臺中市,大雅區,0,1,0,8,3,5,50,4,1,1,5,4,5,7,1,1,5,4,5,1,16,19,2,9,1,1,C03,7,1,1,10,2,12,,19,19,1,22,9,C03,120.65178,24.227978,2
2022,10,24,18,2,臺中市,西區,0,1,0,8,3,5,50,13,9,1,5,4,5,7,4,4,9,4,5,2,17,6,3,10,1,1,B03,7,8,1,8,2,1,,6,6,1,4,5,B03,120.667493,24.137868,2
2022,10,24,18,6,臺中市,后里區,0,1,0,8,3,5,50,4,1,1,5,4,5,7,1,1,10,5,5,2,17,23,2,9,1,1,C03,7,9,6,18,8,11,,23,23,1,9,1,C03,120.730461,24.309385,2
2022,10,24,18,7,臺中市,霧峰區,0,1,0,8,3,5,50,14,9,1,5,4,5,7,4,4,5,5,5,1,17,23,2,9,1,1,C03,7,9,1,10,2,12,,23,23,1,4,8,C03,120.686557,24.049497,2
2022,10,24,18,9,臺中市,北屯區,0,0,0,8,,,50,,,,,,,,,,,,,,,6,,,,,F02,,,8,,2,,,6,,1,21,,F02,120.673714,24.181071,3
2022,10,24,18,10,臺中市,北屯區,0,0,0,8,,,50,,,,,,,,,,,,,,,13,,,,,C03,,,1,,1,,,13,13,1,22,,C03,120.704808,24.169497,3
2022,10,24,18,10,臺中市,霧峰區,0,1,0,8,3,5,40,11,9,1,5,4,5,1,4,4,10,5,5,1,16,5,2,9,3,4,C03,7,15,1,10,2,14,,5,5,1,21,8,C03,120.682099,24.061224,2
2022,10,24,18,10,臺中市,后里區,0,1,0,8,1,5,50,4,1,1,5,4,5,7,1,2,10,5,5,2,16,25,2,9,1,1,C03,7,9,3,18,5,11,,25,25,1,22,8,C03,120.713538,24.306212,2
2022,10,24,18,11,臺中市,大里區,0,3,0,8,3,5,50,4,1,1,5,4,5,7,1,1,10,5,5,1,12,42,2,9,1,1,C03,7,14,1,10,2,13,,42,42,1,5,8,C03,120.687653,24.094816,2
2022,10,24,18,12,臺中市,西屯區,0,0,0,8,,,50,,,,,,,,,,,,,,,12,,,,,B03,,,1,,2,,,12,,1,22,,B03,120.656915,24.20118,3
2022,10,24,18,12,臺中市,神岡區,0,0,0,8,,,50,,,,,,,,,,,,,,,7,,,,,B03,,,1,,1,,,7,,1,22,,B03,120.696095,24.248364,3
2022,10,24,18,14,臺中市,潭子區,0,2,0,8,3,5,30,3,1,1,5,4,5,7,4,4,10,5,5,2,16,6,2,9,1,1,C03,7,5,3,18,2,14,,6,6,1,8,8,C03,120.697658,24.205153,2
2022,10,24,18,16,臺中市,太平區,0,1,0,8,3,5,50,14,7,1,5,4,5,7,4,4,5,5,4,1,13,42,2,8,1,1,C03,7,9,1,10,2,11,,42,42,1,21,8,C03,120.731864,24.113622,2
2022,10,24,18,19,臺中市,南屯區,0,1,0,8,3,5,50,3,4,1,5,4,5,7,1,1,5,2,5,2,13,23,2,9,1,1,C03,7,9,1,10,2,11,,23,23,1,22,8,C03,120.609764,24.140587,2
2022,10,24,18,21,臺中市,霧峰區,0,0,0,8,,,40,,,,,,,,,,,,,,,23,,,,,B03,,,1,,2,,,23,,1,4,,B03,120.687024,24.043916,3
2022,10,24,18,24,臺中市,西屯區,0,0,0,8,,,50,,,,,,,,,,,,,,,7,,,,,B03,,,1,,1,,,7,,1,22,,B03,120.65466,24.199556,3
2022,10,24,18,29,臺中市,西區,0,1,0,8,3,5,50,14,9,1,5,4,5,7,4,4,5,4,5,2,16,7,3,10,1,1,B02,7,7,1,8,2,6,,7,7,1,21,8,B02,120.667296,24.146925,2
2022,10,24,18,30,臺中市,神岡區,0,0,0,8,,,50,,,,,,,,,,,,,,,16,,,,,B03,,,1,,2,,,16,,1,12,,B03,120.695491,24.252248,3
2022,10,24,18,38,臺中市,西區,0,1,0,8,3,5,50,3,1,1,5,4,5,7,4,4,10,5,5,2,16,42,3,10,3,4,C03,7,15,1,10,2,14,,42,42,1,21,8,C03,120.674808,24.139569,2
2022,10,24,18,40,臺中市,西屯區,0,0,0,8,,,50,,,,,,,,,,,,,,,42,,,,,B03,,,1,,1,,,42,,1,22,,B03,120.654566,24.176276,3
2022,10,24,18,42,臺中市,北區,0,1,0,8,3,5,50,14,9,1,5,4,5,7,4,4,3,4,4,2,13,16,2,9,3,4,C03,7,9,1,10,2,11,,16,16,1,5,8,C03,120.667136,24.162736,2
2022,10,24,18,45,臺中市,清水區,0,0,0,8,,,50,,,,,,,,,,,,,,,6,,,,,B12,,,1,,1,,,6,,1,5,,B12,120.571797,24.27936,3
2022,10,24,18,48,臺中市,西屯區,0,0,0,8,3,5,50,3,1,1,5,4,5,7,1,1,5,2,5,2,16,8,3,10,1,1,C03,7,5,1,10,1,14,,8,6,1,22,8,C03,120.644939,24.182314,3
2022,10,24,18,50,臺中市,沙鹿區,0,1,0,8,3,5,50,14,8,1,5,4,5,7,4,4,1,4,4,2,17,7,3,10,1,1,B03,7,8,1,8,2,6,,7,7,1,19,7,B03,120.570718,24.217515,2
2022,10,24,18,54,臺中市,太平區,0,0,0,8,,,50,,,,,,,,,,,,,,,23,,,,,B03,,,1,,2,,,23,,1,21,,B03,120.715955,24.149227,3
2022,10,24,19,4,臺中市,南屯區,0,1,0,8,3,5,50,14,9,1,5,4,5,7,4,4,9,5,5,2,7,53,3,10,4,5,H01,8,20,8,20,10,16,,53,53,1,20,8,H01,120.644106,24.139894,2
2022,10,24,19,12,臺中市,東區,0,0,0,8,,,50,,,,,,,,,,,,,,,23,,,,,B03,,,1,8,2,,,44,23,1,5,,B03,120.700103,24.131786,3
2022,10,24,19,16,臺中市,豐原區,0,2,0,8,1,5,50,3,1,1,5,4,5,7,4,4,10,5,5,2,17,6,2,9,1,1,C03,7,5,1,10,2,14,,6,6,1,22,8,C03,120.725711,24.254703,2
2022,10,24,19,22,臺中市,大甲區,0,0,0,8,,,50,,,,,,,,,,,,,,,23,,,,,B12,,,1,,2,,,23,,1,22,,B12,120.614781,24.333344,3
2022,10,24,19,25,臺中市,太平區,0,2,0,8,3,5,50,5,1,1,5,4,5,7,2,1,10,5,5,2,16,6,2,9,1,1,C02,7,5,1,9,2,11,,6,6,1,21,8,C02,120.724564,24.149605,2
2022,10,24,19,25,臺中市,沙鹿區,0,2,0,8,3,5,40,14,8,1,5,4,5,7,4,4,1,4,4,1,17,43,2,9,1,1,C03,7,9,1,10,2,14,,43,43,1,9,5,C03,120.606321,24.247247,2
2022,10,24,19,31,臺中市,中區,0,0,0,8,3,5,50,4,2,1,5,4,5,7,1,1,5,4,5,2,13,23,,,,,B01,,,1,,2,,,23,,1,22,,B01,120.681782,24.140291,3
2022,10,24,19,32,臺中市,南屯區,0,1,0,8,3,5,50,14,8,1,5,4,5,7,4,4,1,5,3,2,18,42,2,9,1,1,C03,7,9,1,10,7,15,,42,42,1,22,8,C03,120.613474,24.148853,2
2022,10,24,19,39,臺中市,北屯區,0,2,0,8,3,5,50,4,1,1,5,4,5,7,1,1,10,5,5,2,18,23,2,9,1,1,C03,7,9,1,10,2,12,,23,23,1,21,8,C03,120.679873,24.173999,2
2022,10,24,19,40,臺中市,霧峰區,0,2,0,8,3,5,30,3,1,1,5,4,5,7,4,4,10,5,5,1,16,6,2,9,3,4,C03,7,5,1,10,2,14,,6,6,1,18,8,C03,120.713841,24.07304,2
2022,10,24,19,41,臺中市,西區,0,0,0,8,3,5,50,4,2,1,5,4,5,7,1,1,3,2,4,2,13,23,,,,,B03,,,1,,1,,,23,,1,5,,B03,120.657259,24.133906,3
2022,10,24,19,45,臺中市,太平區,0,0,0,8,,,50,,,,,,,,,,,,,,,16,,,,,B03,,,1,,1,5,,16,16,1,22,,B03,120.911895,24.149959,3
2022,10,24,19,47,臺中市,霧峰區,0,1,0,8,3,5,50,3,1,1,5,4,5,7,1,1,10,5,5,1,16,25,2,7,1,1,C03,7,9,1,10,2,11,,25,25,1,4,8,C03,120.676431,24.064095,2
2022,10,24,19,54,臺中市,大甲區,0,0,0,,,,40,,,,,,,,,,,,,,,8,,,,,C03,,,1,,2,,,8,,1,9,,C03,120.620856,24.346079,3
2022,10,24,19,55,臺中市,大甲區,0,1,0,8,3,5,50,14,9,1,5,4,5,7,4,4,10,5,5,1,26,23,2,1,1,1,B03,7,9,1,8,8,8,,23,23,1,22,9,B03,120.633719,24.355877,2
2022,10,24,20,9,臺中市,北屯區,0,0,0,8,,,50,,,,,,,,,,,,,,,10,,,,,B03,,,1,,1,,,10,10,1,22,,B03,120.68339,24.177706,3
2022,10,24,20,23,臺中市,北屯區,0,0,0,8,,,50,,,,,,,,,,,,,,,6,,,,,B03,,,1,,1,,,6,,1,21,,B03,120.686944,24.188249,3
2022,10,24,20,23,臺中市,東勢區,0,1,0,8,3,5,50,3,1,1,5,4,5,7,4,4,10,5,5,1,17,6,3,10,1,1,B12,7,5,1,8,2,8,,6,6,1,22,8,B12,120.830752,24.253253,2
2022,10,24,20,28,臺中市,龍井區,0,0,0,8,,,70,,,,,,,,,,,,,,,23,,,,,B02,,,1,,2,,,23,,1,9,,B02,120.509357,24.218508,3
2022,10,24,20,33,臺中市,大里區,0,2,0,8,3,5,50,3,1,1,5,4,5,7,1,1,3,1,5,2,12,16,2,9,3,4,C03,7,9,1,10,2,11,,16,16,1,21,8,C03,120.687554,24.086311,2
2022,10,24,20,37,臺中市,北區,0,0,0,8,,,50,,,,,,,,,,,,,,,23,,,,,B03,,,1,,1,,,23,,1,21,,B03,120.670645,24.158435,3
2022,10,24,20,44,臺中市,北區,0,2,0,8,3,5,50,4,1,1,5,4,5,7,1,1,10,5,5,2,12,26,3,10,3,4,B03,7,6,1,8,2,6,,26,26,1,5,8,B03,120.685456,24.163099,2
2022,10,24,21,13,臺中市,南區,0,0,0,,,,,,,,,,,,,,,,,,,67,,,,,C03,,,1,10,11,,,43,67,1,5,,C03,120.705001,24.14057,3
2022,10,24,21,20,臺中市,太平區,0,1,0,8,1,5,50,4,9,1,5,4,5,7,2,1,10,2,5,2,13,23,2,7,1,1,C03,7,9,1,10,2,11,,23,23,1,20,8,C03,120.709698,24.135051,2
2022,10,24,21,20,臺中市,沙鹿區,0,0,0,8,,,60,,,,,,,,,,,,,,,42,,,,,B03,,,1,,2,,,42,,1,21,,B03,120.597591,24.249998,3
2022,10,24,21,25,臺中市,神岡區,0,1,0,8,1,5,30,3,1,1,5,4,5,7,4,4,10,5,5,2,2,23,3,10,1,1,B03,7,5,1,8,2,4,,23,23,1,12,8,B03,120.698873,24.253533,2
2022,10,24,21,32,臺中市,霧峰區,0,2,0,8,3,5,60,14,13,1,5,4,5,7,4,4,1,4,4,1,17,23,2,8,1,1,C03,7,9,1,10,2,11,,23,23,1,4,8,C03,120.695893,24.065423,2
2022,10,24,21,35,臺中市,烏日區,0,1,0,8,3,5,50,14,9,1,5,4,5,7,4,4,1,4,5,2,18,23,2,9,1,1,C03,7,9,1,10,2,12,,23,23,1,22,8,C03,120.644888,24.117583,2
2022,10,24,21,42,臺中市,西屯區,0,2,0,8,3,5,50,4,1,1,5,4,5,7,4,4,10,5,5,2,16,6,2,9,3,4,C03,7,9,1,10,2,11,,44,6,1,22,8,C03,120.65528,24.170495,2
2022,10,24,21,50,臺中市,沙鹿區,0,2,0,8,3,5,40,14,7,1,5,4,5,7,4,4,9,5,4,2,17,11,2,9,1,1,C03,7,11,1,10,2,11,,11,11,1,5,8,C03,120.578285,24.222101,2
2022,10,24,21,51,臺中市,大里區,0,1,0,8,3,5,50,14,9,1,5,4,5,7,4,4,7,5,5,1,16,19,3,10,1,1,B03,7,1,1,8,2,8,,19,19,1,22,5,B03,120.690793,24.10856,2
2022,10,24,21,59,臺中市,沙鹿區,0,1,0,8,3,5,40,14,7,1,5,4,5,7,4,4,1,4,4,2,17,19,3,10,1,1,B03,7,1,1,8,2,4,,19,19,1,4,8,B03,120.56738,24.22711,2
2022,10,24,22,20,臺中市,北屯區,0,1,0,8,3,5,50,3,1,1,5,4,5,7,1,1,10,5,5,2,3,51,2,9,1,1,H01,8,18,8,20,10,16,,51,51,1,22,8,H01,120.701718,24.186765,2
2022,10,24,22,30,臺中市,大里區,0,0,0,8,,,50,,,,,,,,,,,,,,,44,,,,,C03,,,1,,9,,,44,,1,5,,C03,120.692049,24.100584,3
2022,10,24,22,36,臺中市,梧棲區,0,1,0,8,3,5,50,5,2,1,5,4,5,7,3,1,10,5,5,2,17,26,2,8,1,1,F02,7,5,8,20,2,16,,26,26,1,20,8,F02,120.53001,24.258224,2
2022,10,24,23,17,臺中市,北屯區,0,1,0,8,3,5,50,3,1,1,5,4,5,7,4,4,10,5,5,2,16,6,3,10,1,1,B12,7,6,1,8,2,5,,6,6,1,21,8,B12,120.704018,24.169493,2
2022,10,24,23,58,臺中市,霧峰區,0,0,0,8,,,70,,,,,,,,,,,,,,,23,,,,,B03,,,1,,2,,,23,,1,3,,B03,120.672484,24.042527,3
2022,10,25,0,43,臺中市,霧峰區,0,0,0,8,,,30,,,,,,,,,,,,,,,23,,,,,C03,,,1,,2,,,23,,1,3,,C03,120.665435,24.072508,3
2022,10,25,1,39,臺中市,北屯區,0,2,0,8,3,5,50,4,1,1,5,4,5,7,3,1,10,5,5,2,15,6,2,8,1,1,B03,7,9,1,8,2,5,,6,6,1,21,8,B03,120.691651,24.175048,2
2022,10,25,2,2,臺中市,北屯區,0,0,0,8,,,80,,,,,,,,,,,,,,,23,,,,,B03,,,1,,1,,,23,,1,21,,B03,120.666929,24.200952,3
2022,10,25,3,28,臺中市,北區,0,0,0,8,,,50,,,,,,,,,,,,,,,6,,,,,B03,,,1,,2,,,6,,1,22,,B03,120.686252,24.15482,3
2022,10,25,3,30,臺中市,北區,0,0,0,8,,,50,,,,,,,,,,,,,,,23,,,,,C03,,,1,,1,,,23,,1,22,,C03,120.68616,24.146227,3
2022,10,25,4,8,臺中市,豐原區,0,0,0,8,,,60,,,,,,,,,,,,,,,23,,,,,B03,,,3,,11,,,23,,1,4,,B03,120.73333,24.24653,3
2022,10,25,4,59,臺中市,北屯區,0,2,0,8,3,5,50,3,1,1,5,4,5,7,4,4,10,5,5,2,3,51,2,9,4,5,H01,8,16,8,20,10,16,,51,51,1,21,8,H01,120.686008,24.193423,2
2022,10,25,6,5,臺中市,清水區,0,0,0,8,,,50,,,,,,,,,,,,,,,23,,,,,B12,,,1,,2,,,23,,1,22,,B12,120.573321,24.262968,3
2022,10,25,6,15,臺中市,大里區,0,0,0,8,,,30,,,,,,,,,,,,,,,23,,,,,B03,,,1,,9,,,23,,1,5,,B03,120.69864,24.106066,3
2022,10,25,6,46,臺中市,豐原區,0,1,0,8,1,5,50,14,9,1,5,4,5,7,4,4,4,3,5,1,14,12,3,10,1,1,B03,7,2,1,8,2,6,,12,12,1,4,1,B03,120.724655,24.245249,2
2022,10,25,6,52,臺中市,潭子區,0,1,0,8,1,5,40,14,9,1,5,4,5,7,4,4,10,5,5,1,29,43,2,9,1,1,C03,7,15,6,18,11,15,,43,43,1,22,8,C03,120.711768,24.193014,2
2022,10,25,7,22,臺中市,大里區,0,0,0,8,,,50,,,,,,,,,,,,,,,7,,,,,B03,,,1,,2,,,7,,1,5,,B03,120.689891,24.092966,3
2022,10,25,7,26,臺中市,大雅區,0,3,0,8,1,5,50,4,1,1,5,4,5,7,1,1,9,4,4,1,17,23,2,8,1,1,C03,7,9,1,10,2,11,,23,23,1,22,9,C03,120.630417,24.240594,2
2022,10,25,7,26,臺中市,梧棲區,0,1,0,8,1,5,30,3,1,1,5,4,5,7,4,4,10,5,5,1,16,6,2,9,3,4,C03,7,5,1,10,2,11,,6,6,1,22,8,C03,120.531624,24.252918,2
2022,10,25,7,27,臺中市,西區,0,0,0,,,,50,,,,,,,,,,,,,,,16,,,,,B03,,,1,,1,,,16,,1,22,,B03,120.659687,24.157317,3
2022,10,25,7,30,臺中市,霧峰區,0,0,0,8,,,60,,,,,,,,,,,,,,,12,,,,,B03,,,1,,2,,,12,,1,22,,B03,120.696937,24.026291,3
2022,10,25,7,36,臺中市,北屯區,0,1,0,8,1,5,50,14,7,1,5,4,5,7,4,4,5,4,5,2,13,16,2,9,1,1,C03,7,9,1,10,2,11,,16,16,1,22,8,C03,120.707161,24.173471,2
2022,10,25,7,38,臺中市,清水區,0,0,0,8,,,50,,,,,,,,,,,,,,,12,,,,,B03,,,1,,1,,,12,,1,21,,B03,120.572435,24.264136,3
2022,10,25,7,39,臺中市,西區,0,1,0,8,1,5,50,4,1,1,5,4,5,7,2,1,10,5,5,2,16,6,3,10,1,1,B03,7,5,1,8,1,6,,6,6,1,4,8,B03,120.676936,24.135079,2
2022,10,25,7,41,臺中市,北屯區,0,2,0,8,1,5,30,4,1,1,5,4,5,7,4,4,10,5,5,2,15,6,2,9,1,1,C03,7,9,1,10,2,11,,6,6,1,18,8,C03,120.696303,24.162873,2
2022,10,25,7,41,臺中市,霧峰區,0,0,0,8,,,30,,,,,,,,,,,,,,,17,,,,,B03,,,1,,10,,,44,17,1,22,,B03,120.699411,24.058358,3
2022,10,25,7,48,臺中市,南區,0,1,0,8,1,5,50,4,1,1,5,4,5,7,1,1,10,5,5,2,16,6,3,10,1,1,B03,7,6,1,8,2,2,,6,6,1,22,8,B03,120.667633,24.125136,2
2022,10,25,7,49,臺中市,豐原區,0,1,0,8,1,5,50,14,8,1,5,4,5,7,4,4,1,4,4,1,17,6,3,10,3,4,B12,7,6,1,8,2,15,,6,6,1,22,8,B12,120.753028,24.272557,2
2022,10,25,7,50,臺中市,東區,0,0,0,,,,50,,,,,,,,,,,,,,,12,,,,,B03,,,1,,11,,,12,,1,22,,B03,120.70146,24.131748,3
2022,10,25,7,50,臺中市,北屯區,0,0,0,8,,,50,,,,,,,,,,,,,,,16,,,,,C03,,,1,,1,,,16,16,1,22,,C03,120.662657,24.188239,3
2022,10,25,7,52,臺中市,北區,0,0,0,8,,,40,,,,,,,,,,,,,,,16,,,,,C03,,,1,,2,,,16,,1,22,,C03,120.673591,24.155669,3
2022,10,25,7,52,臺中市,南區,0,1,0,8,1,5,40,14,9,1,5,4,5,7,4,4,9,5,5,2,17,19,3,10,1,1,B03,7,1,1,8,2,8,,19,19,1,22,8,B03,120.659328,24.113513,2