年,月,日,時,分,縣市,區,死,受傷,2-30,天候,光線,道路類別,速限,道路型態,事故位置,路面鋪裝,路面狀態,路面缺陷,障礙物,視距,號誌種類,號誌動作,分向設施,快車道或一般車道間,快慢車道間,路面邊線,事故類型及型態,主要肇因,受傷程度,主要傷處,保護裝備,行動電話,當事者區分,車輛用途,當事者行動狀態,駕駛資格情形,駕駛執照種類,飲酒情形,車輛撞擊部位最初,車輛撞擊部位其他,肇事因素個別,肇事因素主要,肇事逃逸,職業,旅次目的,車種,GPS緯度,GPS經度,事故類別
2022,10,25,7,52,臺中市,龍井區,0,1,0,8,1,5,30,3,1,1,5,4,5,7,4,4,10,5,5,2,16,6,3,10,1,1,B03,7,5,1,8,2,1,,6,6,1,12,8,B03,120.545063,24.180558,2
2022,10,25,7,58,臺中市,西區,0,2,0,8,2,5,50,3,2,1,5,4,5,7,2,1,5,4,5,2,10,4,2,8,1,1,C03,7,9,1,10,2,11,,4,4,1,2,9,C03,120.673436,24.136612,2
2022,10,25,8,5,臺中市,豐原區,0,0,0,,,,50,,,,,,,,,,,,,,,18,3,10,3,4,B03,7,3,1,8,2,2,6,18,18,1,21,4,B03,120.723141,24.245572,3
2022,10,25,8,6,臺中市,西區,0,1,0,8,1,5,50,4,1,1,5,4,5,7,1,1,1,2,4,2,13,23,3,10,1,1,C03,7,9,1,10,1,11,,23,23,1,4,5,C03,120.667406,24.141906,2
2022,10,25,8,11,臺中市,沙鹿區,0,0,0,8,,,60,,,,,,,,,,,,,,,23,,,,,B03,,,1,,2,,,23,,1,4,,B03,120.564691,24.23969,3
2022,10,25,8,12,臺中市,霧峰區,0,1,0,8,1,5,50,3,2,1,5,4,5,7,1,1,5,5,4,2,13,16,2,8,1,1,C03,7,9,1,10,2,11,,16,16,1,22,9,C03,120.677809,24.094486,2
2022,10,25,8,14,臺中市,北屯區,0,1,0,8,1,5,50,3,1,1,5,4,5,7,4,4,10,5,5,2,12,6,3,10,1,1,B03,7,6,1,8,2,2,,6,6,1,5,8,B03,120.714151,24.164415,2
2022,10,25,8,15,臺中市,西屯區,0,1,0,8,1,5,40,14,7,1,5,4,5,7,4,4,9,4,4,2,16,26,3,10,1,1,B03,7,8,1,8,2,4,,26,26,1,12,8,B03,120.617821,24.179213,2
2022,10,25,8,19,臺中市,梧棲區,0,0,0,8,,,30,,,,,,,,,,,,,,,19,,,,,B12,,,1,,2,,,19,19,1,5,,B12,120.54992,24.2554,3
2022,10,25,8,27,臺中市,霧峰區,0,3,0,8,1,5,40,4,1,1,5,4,5,7,1,1,10,5,5,2,16,6,2,9,1,1,C03,7,5,1,10,2,12,,6,6,1,22,8,C03,120.69126,24.047584,2
2022,10,25,8,30,臺中市,北屯區,0,0,0,8,,,40,,,,,,,,,,,,,,,42,,,,,C03,,,1,,2,,,42,,1,22,,C03,120.726378,24.159703,3
2022,10,25,8,34,臺中市,南屯區,0,0,0,8,,,30,,,,,,,,,,,,,,,19,,,,,B03,,,1,,1,,,19,19,1,22,,B03,120.641013,24.130783,3
2022,10,25,8,38,臺中市,西屯區,0,0,0,8,,,35,,,,,,,,,,,,,,,17,,,,,C03,,,1,,1,,,17,17,1,22,,C03,120.628639,24.175979,3
2022,10,25,8,39,臺中市,北區,0,2,0,8,1,5,50,4,1,1,5,4,5,7,4,4,10,5,5,2,15,6,3,10,1,1,B03,7,9,1,8,2,2,,6,6,1,22,9,B03,120.681993,24.16736,2
2022,10,25,8,50,臺中市,龍井區,0,0,0,8,1,3,50,14,1,1,5,4,1,7,3,1,5,5,5,1,13,23,3,10,3,4,B03,7,15,1,8,2,8,,23,16,1,22,9,B03,120.527257,24.215776,3
2022,10,25,8,54,臺中市,北屯區,0,0,0,8,,,50,,,,,,,,,,,,,,,6,,,,,B12,,,1,,2,,,6,,1,22,,B12,120.702761,24.178285,3
2022,10,25,8,55,臺中市,西區,0,1,0,8,1,5,50,4,1,1,5,4,5,7,2,1,10,5,5,2,16,23,2,9,1,1,C03,7,9,1,10,2,14,,23,23,1,5,8,C03,120.671236,24.145493,2
2022,10,25,9,4,臺中市,外埔區,0,1,0,8,1,5,30,4,1,1,5,4,5,7,4,4,10,5,5,2,16,6,2,9,1,1,C03,7,9,1,10,2,11,,6,6,1,22,8,C03,120.650183,24.33117,2
2022,10,25,9,5,臺中市,南區,0,2,0,8,1,5,50,3,1,1,5,4,5,7,4,4,1,5,5,2,16,6,2,9,1,1,C03,7,6,1,10,2,11,,6,6,1,22,8,C03,120.666855,24.127788,2
2022,10,25,9,5,臺中市,烏日區,0,0,0,8,1,5,30,3,2,1,5,4,5,7,4,4,10,5,5,2,14,12,3,10,3,4,B12,7,2,1,8,2,3,,12,12,1,21,9,B12,120.606272,24.108586,3
2022,10,25,9,19,臺中市,南屯區,0,0,0,,,,40,,,,,,,,,,,,,,,23,,,,,B03,,,1,,1,,,23,,1,22,,B03,120.632879,24.123328,3
2022,10,25,9,20,臺中市,大雅區,0,0,0,8,,,50,,,,,,,,,,,,,,,23,,,,,B03,,,1,,2,,,23,,1,22,,B03,120.641993,24.230416,3
2022,10,25,9,21,臺中市,烏日區,0,1,0,8,1,5,30,4,1,1,5,4,5,7,4,4,10,5,5,2,16,23,3,10,1,1,B03,7,9,1,8,2,1,,23,23,1,4,8,B03,120.631896,24.078343,2
2022,10,25,9,22,臺中市,西屯區,0,1,0,8,1,5,30,11,9,1,5,4,5,7,4,4,10,5,5,1,16,43,3,10,1,1,B12,7,9,1,8,2,4,,43,43,1,4,8,B12,120.633459,24.183673,2
2022,10,25,9,25,臺中市,大里區,0,0,0,8,,,50,,,,,,,,,,,,,,,23,,,,,C03,,,1,,2,,,23,,1,22,,C03,120.667044,24.105244,3
2022,10,25,9,30,臺中市,大里區,0,1,0,8,1,5,50,14,9,1,5,4,5,7,4,4,5,5,5,2,17,49,3,10,1,1,B12,7,9,1,8,2,2,,49,49,1,12,3,B12,120.709033,24.111241,2
2022,10,25,9,30,臺中市,烏日區,0,2,0,8,1,5,30,3,1,1,5,4,5,7,4,4,10,5,5,2,11,6,3,10,1,1,B03,7,5,1,8,2,4,,6,6,1,22,8,B03,120.638331,24.070904,2
2022,10,25,9,33,臺中市,烏日區,0,1,0,8,1,5,50,4,1,1,5,4,4,7,2,1,10,5,5,2,16,8,3,10,1,1,C03,7,5,1,10,2,14,,8,8,1,21,8,C03,120.618148,24.105683,2
2022,10,25,9,38,臺中市,霧峰區,0,1,0,8,1,5,50,14,9,1,5,4,5,7,4,4,9,5,5,1,18,23,2,9,1,1,C03,7,9,1,10,2,11,,23,23,1,4,8,C03,120.712813,24.080248,2
2022,10,25,9,38,臺中市,烏日區,0,1,0,8,1,5,60,14,8,1,5,4,5,7,4,4,1,4,4,1,16,9,3,10,3,4,B03,7,6,1,8,2,15,,9,9,1,21,9,B03,120.632563,24.10593,2
2022,10,25,9,39,臺中市,大里區,0,2,0,8,1,5,50,14,9,1,5,4,5,7,1,1,5,2,5,1,12,17,2,9,1,1,C03,7,8,1,10,9,12,,17,17,1,22,8,C03,120.68941,24.115553,2
2022,10,25,9,40,臺中市,北屯區,0,1,0,8,1,5,50,4,1,1,5,4,5,7,2,3,10,5,5,2,17,6,3,10,1,1,A11,7,9,1,8,2,2,,6,6,1,10,4,A11,120.692439,24.19282,2
2022,10,25,9,46,臺中市,南屯區,0,1,0,8,1,5,50,3,2,1,5,4,5,7,2,1,1,2,1,2,16,17,3,10,3,4,B03,7,9,1,8,2,2,,17,16,1,22,9,B03,120.627665,24.129757,2
2022,10,25,9,52,臺中市,南屯區,0,0,0,,,,50,,,,,,,,,,,,,,,23,,,,,B03,,,1,,2,,,23,,1,22,,B03,120.637709,24.132422,3
2022,10,25,9,53,臺中市,東區,0,0,0,,,,50,,,,,,,,,,,,,,,23,,,,,B03,,,1,,2,,,23,,1,22,,B03,120.689172,24.133744,3
2022,10,25,9,55,臺中市,西屯區,0,1,0,8,1,5,30,4,1,1,5,4,5,7,4,4,9,5,5,2,16,6,2,9,1,1,C03,7,9,1,10,2,11,,6,6,1,12,8,C03,120.653086,24.164649,2
2022,10,25,9,56,臺中市,北屯區,0,1,0,8,1,5,50,4,1,1,5,4,5,7,1,1,10,5,5,2,12,17,3,10,1,1,B12,7,9,1,8,2,2,,17,17,1,21,8,B12,120.715149,24.164191,2
2022,10,25,9,56,臺中市,大里區,0,1,0,8,1,5,50,14,9,1,5,4,5,7,4,4,5,5,5,1,12,1,3,10,1,1,B03,7,9,1,8,2,2,,1,1,1,22,9,B03,120.686089,24.113081,2
2022,10,25,10,8,臺中市,東區,0,1,0,8,1,5,50,14,8,1,5,4,5,7,4,4,5,5,4,2,17,19,3,10,1,1,C03,7,1,6,18,2,14,,19,19,1,22,8,C03,120.709281,24.149331,2
2022,10,25,10,16,臺中市,大里區,0,0,0,8,,,50,,,,,,,,,,,,,,,17,,,,,A12,,,1,,2,,,17,,1,22,,A12,120.689688,24.108513,3
2022,10,25,10,18,臺中市,太平區,0,0,0,8,,,50,,,,,,,,,,,,,,,12,,,,,B03,,,1,,2,,,12,,1,21,,B03,120.717007,24.138146,3
2022,10,25,10,20,臺中市,南區,0,3,0,8,1,5,50,3,2,1,5,4,5,7,4,4,5,5,5,2,17,4,2,9,1,1,C03,7,11,1,10,2,15,,4,4,1,20,5,C03,120.663272,24.116888,2
2022,10,25,10,26,臺中市,北屯區,0,1,0,8,1,5,50,4,1,1,5,4,5,7,1,1,10,5,5,2,16,25,3,10,3,4,B03,7,9,1,8,2,7,,25,25,1,21,8,B03,120.676078,24.199193,2
2022,10,25,10,34,臺中市,南區,0,0,0,,,,50,,,,,,,,,,,,,,,23,,,,,C03,,,1,,2,,,23,,1,22,,C03,120.659972,24.126444,3
2022,10,25,10,35,臺中市,北屯區,0,1,0,8,1,5,50,4,1,1,5,4,5,7,4,4,10,5,5,2,17,6,2,9,1,1,C03,7,9,1,10,2,14,,6,6,1,5,8,C03,120.702699,24.174636,2
2022,10,25,10,36,臺中市,西屯區,0,0,0,8,,,50,,,,,,,,,,,,,,,23,,,,,B03,,,1,,1,,,23,,1,22,,B03,120.64446,24.194738,3
2022,10,25,10,38,臺中市,西屯區,0,1,0,8,1,5,50,3,1,1,5,4,5,7,4,4,3,4,5,2,16,7,3,10,1,1,B03,7,8,1,8,2,2,,7,7,1,4,8,B03,120.656601,24.198293,2
2022,10,25,10,41,臺中市,豐原區,0,0,0,8,,,50,,,,,,,,,,,,,,,16,,,,,B03,,,1,,2,,,16,16,1,22,,B03,120.722248,24.276815,3
2022,10,25,10,42,臺中市,東區,0,0,0,,,,50,,,,,,,,,,,,,,,43,,,,,B03,,,6,,11,,,43,43,2,22,,B03,120.707086,24.142461,3
2022,10,25,10,46,臺中市,豐原區,0,0,0,8,,,50,,,,,,,,,,,,,,,26,,,,,C04,,,1,,2,,,26,,1,22,,C04,120.717002,24.264027,3
2022,10,25,10,51,臺中市,東區,0,2,0,8,1,5,50,4,1,1,5,4,5,7,1,1,10,5,5,2,15,25,2,9,1,1,C03,7,9,1,10,2,11,,25,43,1,22,8,C03,120.689245,24.140058,2
2022,10,25,10,56,臺中市,北屯區,0,1,0,8,1,5,50,3,1,1,5,4,5,7,4,4,1,4,5,2,12,6,3,10,1,1,B03,7,10,1,8,2,2,,6,6,1,21,8,B03,120.685965,24.178281,2
2022,10,25,10,59,臺中市,南屯區,0,0,0,8,,,50,,,,,,,,,,,,,,,23,,,,,B03,,,1,,1,,,23,,1,22,,B03,120.641798,24.140962,3
2022,10,25,11,9,臺中市,太平區,0,1,0,8,1,5,50,5,1,1,5,4,5,7,1,1,10,5,5,2,16,23,2,8,1,1,C03,7,9,1,10,2,14,,23,23,1,21,8,C03,120.722216,24.145913,2
2022,10,25,11,16,臺中市,西區,0,1,0,8,1,5,30,4,1,1,5,4,5,7,4,4,10,5,5,2,15,6,2,9,1,1,C03,7,9,1,10,2,11,,6,6,1,6,9,C03,120.657876,24.156561,2
2022,10,25,11,19,臺中市,西屯區,0,0,0,8,,,50,,,,,,,,,,,,,,,17,,,,,B12,,,1,,1,,,17,,1,12,,B12,120.647238,24.158473,3
2022,10,25,11,26,臺中市,豐原區,0,2,0,8,1,5,30,14,9,1,5,4,5,7,4,4,10,5,5,2,2,23,2,9,1,1,F03,7,9,8,20,2,16,,23,23,1,21,8,F03,120.726402,24.245258,2
2022,10,25,11,29,臺中市,南區,0,1,0,8,1,5,50,4,1,1,5,4,5,7,2,1,3,5,5,2,18,42,2,9,1,1,C03,7,9,1,10,2,15,,42,42,1,20,5,C03,120.646663,24.110379,2
2022,10,25,11,30,臺中市,東區,0,0,0,,,,50,,,,,,,,,,,,,,,16,,,,,B03,,,1,,2,,,16,,1,22,,B03,120.699172,24.130108,3
2022,10,25,11,35,臺中市,豐原區,0,0,0,8,,,30,,,,,,,,,,,,,,,19,,,,,B03,,,1,,2,,,19,19,1,22,,B03,120.737095,24.265536,3
2022,10,25,11,37,臺中市,沙鹿區,0,1,0,8,1,5,50,4,2,1,5,4,5,7,4,4,8,3,5,1,17,23,3,10,3,4,B03,7,9,1,8,2,1,,23,23,1,22,8,B03,120.568824,24.199025,2
2022,10,25,11,40,臺中市,烏日區,0,0,0,8,1,5,50,3,1,1,5,4,5,7,4,4,5,4,5,1,14,12,3,10,3,4,B03,7,14,1,8,2,8,,44,12,1,21,9,B03,120.643156,24.061302,3
2022,10,25,11,45,臺中市,東勢區,0,2,0,8,1,5,50,3,9,1,5,4,5,7,4,4,5,5,5,1,13,26,2,9,1,1,C03,7,5,1,10,2,14,,26,26,1,22,8,C03,120.829041,24.257435,2
2022,10,25,11,48,臺中市,豐原區,0,1,0,8,1,5,50,14,9,1,5,4,5,7,4,4,5,5,5,1,17,23,2,9,1,1,C03,7,5,1,10,2,11,,23,23,1,21,8,C03,120.722625,24.255772,2
2022,10,25,11,53,臺中市,東區,0,1,0,7,1,5,50,14,8,1,5,4,5,7,4,4,3,4,4,2,13,43,2,9,1,1,C03,7,9,1,10,11,11,,43,43,2,22,9,C03,120.690311,24.12856,2
2022,10,25,11,55,臺中市,霧峰區,0,1,0,8,1,5,50,15,7,1,5,4,5,7,4,4,1,4,4,2,12,26,2,9,1,1,C03,7,7,1,10,2,14,,26,26,1,22,8,C03,120.691568,24.077541,2
2022,10,25,11,55,臺中市,梧棲區,0,0,0,8,,,50,,,,,,,,,,,,,,,10,,,,,B03,,11,1,,1,,,10,10,1,5,,B03,120.528689,24.253649,3
2022,10,25,11,56,臺中市,北區,0,1,0,8,1,5,40,14,8,1,5,4,5,7,4,4,3,4,4,2,16,23,3,10,1,1,B03,7,13,1,8,2,7,,38,23,1,22,8,B03,120.680603,24.152759,2
2022,10,25,12,0,臺中市,西屯區,0,3,0,8,1,5,30,3,1,1,5,4,5,7,4,4,10,5,5,2,3,23,2,9,1,1,C03,7,9,1,10,2,11,,23,23,1,22,8,C03,120.646429,24.179961,2
2022,10,25,12,5,臺中市,南屯區,0,1,0,8,1,5,50,4,1,1,5,4,5,7,1,1,9,5,5,2,11,19,2,9,1,1,C03,7,1,1,10,2,11,,19,19,1,22,9,C03,120.653005,24.135752,2
2022,10,25,12,8,臺中市,龍井區,0,2,0,8,1,5,30,4,1,1,5,4,5,7,4,4,10,5,5,2,15,6,2,9,1,1,C03,7,9,1,10,2,11,,6,6,1,12,8,C03,120.524325,24.202273,2
2022,10,25,12,15,臺中市,南區,0,3,0,8,1,5,50,3,1,1,5,4,5,7,4,4,9,5,5,2,16,6,2,9,1,1,C03,7,5,1,10,2,12,,6,6,1,22,8,C03,120.674658,24.124491,2
2022,10,25,12,15,臺中市,大里區,0,1,0,8,1,5,50,4,1,1,5,4,5,7,1,1,5,4,4,1,16,6,3,10,1,1,B12,7,5,1,8,2,5,,6,6,1,22,9,B12,120.703579,24.096008,2
2022,10,25,12,16,臺中市,西區,0,0,0,8,,,50,,,,,,,,,,,,,,,23,,,,,C03,,,1,,1,,,23,,1,21,,C03,120.682212,24.135899,3
2022,10,25,12,18,臺中市,霧峰區,0,1,0,8,1,5,50,4,1,1,5,4,5,7,3,1,10,5,4,2,17,19,3,10,1,1,C03,7,1,1,10,2,11,,19,19,1,4,8,C03,120.696782,24.06218,2
2022,10,25,12,19,臺中市,西區,0,0,0,8,1,5,50,4,1,1,5,4,5,7,1,1,5,5,5,2,13,23,,,,,B12,,,1,,1,,,23,,1,10,,B12,120.673517,24.147762,3
2022,10,25,12,23,臺中市,沙鹿區,0,2,0,8,1,5,30,5,1,1,5,4,5,7,4,4,10,5,5,2,17,6,2,9,1,1,F03,7,6,8,20,2,16,,6,6,1,22,8,F03,120.604751,24.24355,2
2022,10,25,12,31,臺中市,豐原區,0,0,0,8,,,50,,,,,,,,,,,,,,,12,,,,,B03,,,1,,2,,,12,12,1,22,,B03,120.716775,24.260701,3
2022,10,25,12,36,臺中市,太平區,0,1,0,8,1,5,30,4,1,1,5,4,5,7,4,4,10,5,5,2,15,6,3,10,1,1,B03,7,9,1,8,2,5,,6,6,1,19,8,B03,120.708545,24.15186,2
2022,10,25,12,42,臺中市,南區,0,2,0,8,1,5,50,4,1,1,5,4,5,7,2,1,5,5,5,2,12,6,2,9,1,1,C03,7,5,1,10,2,14,,6,6,1,18,5,C03,120.679262,24.126371,2
2022,10,25,12,45,臺中市,南屯區,0,0,0,8,,,50,,,,,,,,,,,,,,,38,,,,,B03,,,1,,9,,,38,38,1,22,,B03,120.60977,24.139143,3
2022,10,25,12,46,臺中市,西區,0,0,0,,,,50,,,,,,,,,,,,,,,26,,,,,B03,,,1,,2,,,26,,1,22,,B03,120.661687,24.139281,3
2022,10,25,12,52,臺中市,霧峰區,0,2,0,8,1,5,50,3,1,1,5,4,5,7,3,1,10,5,5,2,16,6,2,9,1,1,C03,7,5,1,10,2,14,,6,6,1,22,8,C03,120.700946,24.066745,2
2022,10,25,12,59,臺中市,中區,0,1,0,8,1,5,50,5,1,1,5,4,5,7,1,1,1,5,5,2,12,25,2,9,3,4,C03,7,9,1,10,2,12,,25,25,1,21,8,C03,120.682501,24.146097,2
2022,10,25,13,0,臺中市,西區,0,2,0,8,1,5,50,3,9,1,5,4,5,7,4,4,5,4,5,2,17,27,2,9,1,1,C03,7,9,1,10,2,11,,16,27,1,4,8,C03,120.667509,24.146539,2
2022,10,25,13,5,臺中市,北屯區,0,2,0,8,1,5,50,3,7,1,5,4,5,7,1,1,1,4,5,2,13,16,2,9,1,1,C03,7,9,1,10,2,11,,16,16,1,18,8,C03,120.737303,24.174528,2
2022,10,25,13,13,臺中市,豐原區,0,1,0,8,1,5,50,4,1,1,5,4,5,7,2,1,10,5,5,2,17,6,3,10,3,4,B03,7,6,1,8,9,6,,6,6,2,22,8,B03,120.717024,24.264027,2
2022,10,25,13,37,臺中市,北區,0,2,0,8,1,5,50,14,22,1,5,4,5,7,4,4,10,5,5,2,12,43,2,9,3,4,F01,7,9,8,20,2,15,,43,43,1,5,8,F01,120.697886,24.152958,2
2022,10,25,13,39,臺中市,大里區,0,0,0,8,,,50,,,,,,,,,,,,,,,18,,,,,B03,,,1,,11,,,18,,1,5,,B03,120.688683,24.102938,3
2022,10,25,13,40,臺中市,南屯區,0,1,0,8,1,5,30,14,9,1,5,4,5,7,4,4,10,5,5,2,16,19,3,10,1,1,B03,7,1,1,8,2,4,,19,19,1,22,9,B03,120.615519,24.151482,2
2022,10,25,13,41,臺中市,北區,0,1,0,8,1,5,50,3,9,1,5,4,5,7,4,4,1,4,5,2,17,43,3,10,1,1,C03,7,5,1,10,2,13,,43,43,1,22,9,C03,120.685275,24.166106,2
2022,10,25,13,41,臺中市,太平區,0,2,0,8,1,5,50,4,1,1,5,4,5,7,3,1,10,5,5,2,16,8,2,9,1,1,C04,7,5,3,18,2,14,,8,8,1,19,8,C04,120.72763,24.150005,2
2022,10,25,13,44,臺中市,北屯區,0,1,0,8,1,5,50,4,1,1,5,4,5,7,2,1,10,5,5,2,16,17,2,9,1,1,C03,7,9,1,10,2,14,,17,17,1,22,8,C03,120.671406,24.173841,2
2022,10,25,13,45,臺中市,大甲區,0,2,0,8,1,5,50,4,1,1,5,4,5,7,4,4,10,5,5,2,15,6,2,7,1,1,B03,7,9,1,8,2,1,,6,6,1,21,8,B03,120.618294,24.35169,2
2022,10,25,14,0,臺中市,沙鹿區,0,0,0,8,,,50,,,,,,,,,,,,,,,40,,,,,B03,,,1,,2,,,40,,1,6,,B03,120.573509,24.227799,3
2022,10,25,14,1,臺中市,西區,0,1,0,8,1,5,50,4,1,1,5,4,5,7,1,1,10,5,5,2,17,6,3,10,1,1,B01,7,6,1,4,2,1,,6,6,1,10,1,B01,120.663842,24.153866,2
2022,10,25,14,5,臺中市,神岡區,0,0,0,8,,,50,,,,,,,,,,,,,,,17,,,,,B12,,,1,,1,,,17,,1,22,,B12,120.695866,24.248599,3
2022,10,25,14,7,臺中市,霧峰區,0,1,0,8,1,5,30,4,1,1,5,4,5,7,4,4,10,5,5,1,15,6,2,9,1,1,C03,7,9,1,10,2,12,,6,6,1,22,9,C03,120.687284,24.051446,2
2022,10,25,14,8,臺中市,烏日區,0,0,0,8,,,50,,,,,,,,,,,,,,,9,,,,,B02,,,1,,2,,,9,,1,22,,B02,120.613276,24.115165,3
2022,10,25,14,10,臺中市,南屯區,0,0,0,,,,50,,,,,,,,,,,,,,,16,,,,,C03,,,1,,2,,,16,,1,22,,C03,120.623215,24.140604,4
2022,10,25,14,37,臺中市,北區,0,0,0,8,,,50,,,,,,,,,,,,,,,23,,,,,C03,,,1,,1,,,23,,1,21,,C03,120.687985,24.152641,3
2022,10,25,14,41,臺中市,霧峰區,0,0,0,8,,,30,,,,,,,,,,,,,,,12,,,,,A12,,,1,,2,,,12,,1,4,,A12,120.664617,24.039234,3
2022,10,25,14,42,臺中市,西屯區,0,0,0,8,,,50,,,,,,,,,,,,,,,42,,,,,B12,,,1,,1,,,42,,1,12,,B12,120.656915,24.200968,3
2022,10,25,14,45,臺中市,大里區,0,0,0,8,1,5,30,3,2,1,5,4,5,7,4,4,10,5,5,2,17,17,,,,,A12,,,1,,2,,,17,,1,22,,A12,120.685258,24.094282,3
2022,10,25,14,50,臺中市,北屯區,0,1,0,8,1,5,50,5,1,1,5,4,5,7,2,1,10,5,5,2,17,8,2,9,1,1,C03,7,5,1,10,2,12,,8,8,1,5,8,C03,120.690382,24.183574,2
2022,10,25,14,55,臺中市,北屯區,0,0,0,8,,,50,,,,,,,,,,,,,,,23,,,,,B03,,,1,,2,,,23,23,1,22,,B03,120.725451,24.179173,3
2022,10,25,15,0,臺中市,豐原區,0,2,0,8,1,5,30,14,9,1,5,4,5,7,4,4,10,5,5,2,1,23,2,9,1,1,C03,7,9,1,10,2,11,,23,23,1,21,8,C03,120.713927,24.249394,2
2022,10,25,15,3,臺中市,大里區,0,0,0,8,,,50,,,,,,,,,,,,,,,23,,,,,B12,,,1,,2,,,23,,1,22,,B12,120.690324,24.112934,3
2022,10,25,15,9,臺中市,南屯區,0,1,0,8,1,5,50,3,1,1,5,4,5,7,4,4,10,5,5,2,14,12,3,10,1,1,B12,7,2,1,8,2,3,,12,12,1,22,9,B12,120.612072,24.140192,2
2022,10,25,15,10,臺中市,西區,0,1,0,8,1,5,50,4,1,1,5,4,5,7,4,4,10,5,5,2,16,6,3,10,1,1,C03,7,6,1,10,2,13,,6,6,1,21,8,C03,120.660954,24.146714,2
2022,10,25,15,30,臺中市,北屯區,0,0,0,8,,,30,,,,,,,,,,,,,,,23,,,,,A41,,,1,,1,,,23,,1,5,,A41,120.663801,24.200881,3
2022,10,25,15,30,臺中市,梧棲區,0,1,0,8,1,5,50,4,1,1,5,4,5,7,1,1,1,4,4,1,15,25,2,9,1,1,C03,7,9,1,10,2,11,,25,25,1,4,8,C03,120.549847,24.241553,2
2022,10,25,15,31,臺中市,霧峰區,0,0,0,8,,,50,,,,,,,,,,,,,,,18,,,,,B12,,,1,,2,,,18,,1,22,,B12,120.698273,24.062445,3
2022,10,25,15,33,臺中市,豐原區,0,0,0,8,,,60,,,,,,,,,,,,,,,17,,,,,B12,,,1,,2,,,17,,1,21,,B12,120.730278,24.244137,3
2022,10,25,15,36,臺中市,烏日區,0,0,0,8,,,50,,,,,,,,,,,,,,,23,,,,,B02,,,1,,2,,,38,23,1,21,,B02,120.642009,24.103218,3
2022,10,25,15,40,臺中市,南屯區,0,3,0,8,1,5,50,4,1,1,5,4,5,7,4,4,10,5,5,2,15,6,2,3,1,1,B03,7,9,1,8,2,1,,6,6,1,22,9,B03,120.632597,24.149613,2
2022,10,25,15,40,臺中市,烏日區,0,1,0,8,1,5,50,14,9,1,5,4,5,7,4,4,1,4,5,1,12,19,3,10,1,1,B03,7,1,1,8,2,7,,19,19,1,21,8,B03,120.650143,24.107454,2
2022,10,25,15,46,臺中市,大雅區,0,0,0,8,,,30,,,,,,,,,,,,,,,17,,,,,B03,,,1,,2,,,17,17,1,22,,B03,120.673373,24.232107,3
2022,10,25,15,47,臺中市,霧峰區,0,0,0,8,,,30,,,,,,,,,,,,,,,12,,,,,B03,,,1,,2,,,12,,1,22,,B03,120.711079,24.07645,3
2022,10,25,15,49,臺中市,太平區,0,0,0,8,,,30,,,,,,,,,,,,,,,42,,,,,A12,,,1,,2,,,42,42,1,10,,A12,120.734721,24.145771,3
2022,10,25,15,55,臺中市,北區,0,0,0,8,,,50,,,,,,,,,,,,,,,23,,,,,A12,,,1,,2,,,23,,1,5,,A12,120.676426,24.14605,3
2022,10,25,16,0,臺中市,沙鹿區,0,1,0,8,1,5,50,14,9,1,5,4,5,7,1,1,4,3,5,1,12,9,3,10,1,1,C03,7,6,1,10,2,12,,9,9,1,22,8,C03,120.559327,24.236398,2
2022,10,25,16,4,臺中市,南屯區,0,0,0,,,,50,,,,,,,,,,,,,,,7,,,,,A11,,,1,,1,,,7,,1,22,,A11,120.622261,24.150311,3
2022,10,25,16,10,臺中市,霧峰區,0,0,0,8,,,50,,,,,,,,,,,,,,,12,,,,,B03,,,1,,2,,,12,,1,22,,B03,120.701962,24.068096,3
2022,10,25,16,19,臺中市,大甲區,0,0,0,8,,,50,,,,,,,,,,,,,,,6,,,,,B03,,,1,,1,,,6,,1,21,,B03,120.621733,24.352516,3
2022,10,25,16,30,臺中市,北屯區,0,1,0,8,1,5,50,3,1,1,5,4,5,7,4,4,1,4,5,2,16,6,3,10,1,1,B03,7,6,1,8,2,5,,6,6,1,21,8,B03,120.682758,24.181697,2
2022,10,25,16,30,臺中市,神岡區,0,0,0,8,,,50,,,,,,,,,,,,,,,18,,,,,A12,,,1,,1,,,18,,2,12,,A12,120.659166,24.273221,3
2022,10,25,16,40,臺中市,烏日區,0,1,0,8,1,5,60,14,9,1,5,4,5,7,4,4,1,2,5,1,12,26,3,10,3,4,B03,7,8,1,8,2,2,,26,7,1,21,9,B03,120.634056,24.106135,2
2022,10,25,16,45,臺中市,西屯區,0,0,0,8,,,50,,,,,,,,,,,,,,,23,,,,,B03,,,1,,1,,,23,,1,22,,B03,120.621521,24.185138,3
2022,10,25,16,45,臺中市,沙鹿區,0,1,0,8,1,5,50,14,9,1,5,4,5,7,4,4,5,5,5,1,17,19,2,9,1,1,C03,7,1,1,10,2,14,,19,19,1,18,8,C03,120.583017,24.22398,2