年,月,日,時,分,縣市,區,死,受傷,2-30,天候,光線,道路類別,速限,道路型態,事故位置,路面鋪裝,路面狀態,路面缺陷,障礙物,視距,號誌種類,號誌動作,分向設施,快車道或一般車道間,快慢車道間,路面邊線,事故類型及型態,主要肇因,受傷程度,主要傷處,保護裝備,行動電話,當事者區分,車輛用途,當事者行動狀態,駕駛資格情形,駕駛執照種類,飲酒情形,車輛撞擊部位最初,車輛撞擊部位其他,肇事因素個別,肇事因素主要,肇事逃逸,職業,旅次目的,車種,GPS緯度,GPS經度,事故類別
2022,10,28,4,12,臺中市,烏日區,0,1,0,8,3,5,40,4,1,1,5,4,5,7,1,1,10,5,5,2,16,42,3,10,1,1,B03,7,5,1,8,2,7,8,42,42,1,21,8,B03,120.607647,24.120939,2
2022,10,28,4,43,臺中市,北屯區,0,0,0,8,,,40,,,,,,,,,,,,,,,23,,,,,B03,,,1,,3,,,23,,2,22,,B03,120.690528,24.175211,3
2022,10,28,5,0,臺中市,大里區,0,0,0,8,,,30,,,,,,,,,,,,,,,17,,,,,A12,,,1,,9,,,17,,1,5,,A12,120.699068,24.10695,3
2022,10,28,5,27,臺中市,西屯區,0,0,0,8,,,50,,,,,,,,,,,,,,,43,,,,,B03,,,1,,2,,,43,,1,22,,B03,120.625473,24.178444,3
2022,10,28,6,29,臺中市,大甲區,0,2,0,8,1,5,30,4,1,1,5,4,5,7,4,4,10,5,5,2,15,6,2,2,1,1,B12,7,9,1,8,2,5,,6,6,1,22,1,B12,120.651028,24.379097,2
2022,10,28,6,30,臺中市,大雅區,0,0,0,8,,,50,,,,,,,,,,,,,,,12,,,,,B03,,,1,,1,,,12,,1,22,,B03,120.629687,24.208906,3
2022,10,28,6,40,臺中市,沙鹿區,0,0,0,8,1,5,60,14,9,1,5,4,5,7,4,4,1,3,4,1,14,12,,,,,B03,,,1,,2,,,12,,1,22,,B03,120.568001,24.202829,3
2022,10,28,6,55,臺中市,北屯區,0,1,0,8,1,5,50,4,1,1,5,4,5,7,3,1,10,5,5,2,16,8,2,9,1,1,F01,7,5,8,20,2,16,,8,8,1,22,8,F01,120.714431,24.173822,2
2022,10,28,7,0,臺中市,霧峰區,0,0,0,8,,,40,,,,,,,,,,,,,,,23,,,,,B03,,,1,,2,,,23,,1,22,,B03,120.662663,24.061576,3
2022,10,28,7,10,臺中市,沙鹿區,0,0,0,8,,,50,,,,,,,,,,,,,,,33,,,,,A31,,,1,,2,,,33,,1,10,,A31,120.564691,24.23969,3
2022,10,28,7,10,臺中市,沙鹿區,0,0,0,8,,,50,,,,,,,,,,,,,,,42,,,,,B12,,,1,,2,,,42,,1,4,,B12,120.568043,24.206776,3
2022,10,28,7,13,臺中市,南區,0,2,0,8,1,5,50,14,9,1,5,4,5,7,4,4,3,4,5,2,17,6,3,10,3,4,B12,7,13,1,8,11,7,,38,6,1,5,8,B12,120.650555,24.120278,2
2022,10,28,7,14,臺中市,大甲區,0,2,0,8,1,5,50,3,1,1,5,4,5,7,3,1,10,5,5,2,3,23,2,9,1,1,C03,7,9,2,18,2,11,,23,23,1,4,1,C03,120.619211,24.345685,2
2022,10,28,7,17,臺中市,太平區,0,1,0,8,1,5,50,3,1,1,5,4,5,7,4,4,5,5,5,2,16,23,3,10,1,1,B03,7,5,1,8,2,7,,23,23,1,21,8,B03,120.713636,24.144428,2
2022,10,28,7,22,臺中市,北屯區,0,0,0,8,,,30,,,,,,,,,,,,,,,23,,,,,B03,,,1,,9,,,23,,1,5,,B03,120.697413,24.182613,3
2022,10,28,7,30,臺中市,烏日區,0,1,0,8,1,5,50,3,2,1,5,4,5,7,2,1,1,4,5,1,12,7,2,9,1,1,C03,7,7,1,10,2,14,,7,7,1,21,8,C03,120.645706,24.110071,2
2022,10,28,7,30,臺中市,大甲區,0,1,0,8,1,5,50,14,9,1,5,4,5,7,4,4,9,5,5,1,18,23,2,9,1,1,C03,7,9,1,10,2,12,,23,23,1,4,1,C03,120.638401,24.346548,2
2022,10,28,7,34,臺中市,南屯區,0,0,0,8,,,50,,,,,,,,,,,,,,,10,,,,,B03,,,1,,2,,,10,,1,19,,B03,120.609672,24.137807,4
2022,10,28,7,34,臺中市,后里區,0,1,0,8,2,5,40,3,1,1,5,4,5,5,4,4,10,5,4,1,16,6,2,9,1,1,C03,7,5,1,10,2,11,,6,6,1,22,7,C03,120.715667,24.30605,2
2022,10,28,7,35,臺中市,烏日區,0,0,0,8,,,50,,,,,,,,,,,,,,,16,,,,,B03,,,1,,2,,,16,,1,22,,B03,120.608,24.117962,3
2022,10,28,7,37,臺中市,北區,0,3,0,8,1,5,50,4,2,1,5,4,5,7,1,1,1,4,4,2,13,16,2,8,1,1,C03,7,9,1,10,2,11,,16,16,1,5,5,C03,120.67983,24.152307,2
2022,10,28,7,40,臺中市,烏日區,0,1,0,8,1,5,50,4,1,1,5,4,5,7,2,1,5,4,5,1,15,25,3,10,1,1,B03,7,9,1,8,2,1,,25,25,1,21,8,B03,120.631272,24.09958,2
2022,10,28,7,40,臺中市,沙鹿區,0,1,0,8,1,5,50,14,9,1,5,4,5,7,4,4,4,4,4,2,16,8,3,10,1,1,C01,7,5,1,9,2,11,,8,8,1,3,8,C01,120.562238,24.23923,2
2022,10,28,7,41,臺中市,大雅區,0,2,0,8,1,5,50,14,9,1,5,4,5,7,4,4,9,4,5,1,11,43,2,9,1,1,C03,7,4,1,10,2,11,,43,43,1,22,9,C03,120.603844,24.234474,2
2022,10,28,7,41,臺中市,大里區,0,2,0,8,1,5,60,3,1,1,5,4,5,1,3,1,10,5,5,2,13,6,2,9,1,1,C03,7,11,1,10,2,13,,6,6,1,5,8,C03,120.689726,24.075513,2
2022,10,28,7,42,臺中市,南區,0,0,0,8,,,40,,,,,,,,,,,,,,,23,,,,,B03,,,1,,2,,,23,23,1,22,,B03,120.673922,24.129299,3
2022,10,28,7,42,臺中市,霧峰區,0,2,0,8,1,5,50,14,9,1,5,4,5,7,4,4,5,5,5,1,17,23,2,8,1,1,C03,7,9,1,10,2,12,,23,23,1,22,8,C03,120.659335,24.081073,2
2022,10,28,7,42,臺中市,大甲區,0,1,0,8,1,5,50,3,1,1,5,4,5,7,4,4,10,5,5,2,16,6,2,9,1,1,C03,7,7,1,10,2,14,,6,6,1,4,1,C03,120.627951,24.347138,2
2022,10,28,7,45,臺中市,南屯區,0,1,0,8,1,5,80,14,7,1,5,4,5,7,4,4,1,4,5,2,13,23,2,3,1,1,B03,7,9,1,8,2,1,,23,23,1,4,8,B03,120.619904,24.119371,2
2022,10,28,7,45,臺中市,北屯區,0,2,0,8,1,5,50,14,7,1,5,4,5,7,4,4,1,4,4,2,13,16,2,8,1,1,C03,7,9,1,10,2,11,,16,16,1,5,8,C03,120.694086,24.161824,2
2022,10,28,7,46,臺中市,北屯區,0,1,0,8,1,5,50,14,9,1,5,4,5,7,4,4,5,4,5,2,16,26,3,10,1,1,B12,7,11,1,8,2,6,,26,26,1,22,8,B12,120.730695,24.176791,2
2022,10,28,7,47,臺中市,北屯區,0,0,0,8,,,50,,,,,,,,,,,,,,,17,,,,,B03,,,1,,1,,,17,,1,22,,B03,120.723725,24.176224,3
2022,10,28,7,50,臺中市,西區,0,0,0,8,,,50,,,,,,,,,,,,,,,23,,,,,B03,,,1,,1,,,23,,1,22,,B03,120.675787,24.138731,3
2022,10,28,7,51,臺中市,后里區,0,1,0,8,1,5,60,3,1,1,5,4,5,7,2,1,1,4,4,1,12,9,3,10,1,1,B03,7,6,1,8,2,15,,9,9,1,22,8,B03,120.723197,24.287749,2
2022,10,28,7,55,臺中市,大雅區,0,1,0,8,1,5,50,14,9,1,5,4,5,7,4,4,5,2,5,1,16,10,3,10,1,1,B03,7,11,1,8,2,4,,10,10,1,22,9,B03,120.64456,24.226153,2
2022,10,28,7,56,臺中市,北屯區,0,0,0,8,,,50,,,,,,,,,,,,,,,6,,,,,B03,,,1,,2,,,6,,1,5,,B03,120.709916,24.165383,3
2022,10,28,7,57,臺中市,北屯區,0,1,0,8,1,5,80,14,7,1,5,4,5,7,4,4,1,3,5,1,13,16,3,10,1,1,B03,7,9,1,1,2,1,3,16,16,1,5,8,B03,120.695526,24.201093,2
2022,10,28,7,57,臺中市,大里區,0,1,0,8,1,5,50,4,2,1,5,4,5,7,4,4,5,5,4,2,16,19,3,10,1,1,B01,7,1,1,4,2,4,,19,19,1,10,3,B01,120.68128,24.112624,2
2022,10,28,7,58,臺中市,潭子區,0,2,0,8,1,5,50,3,2,1,5,4,5,7,4,4,5,4,4,2,10,4,2,9,1,1,C03,7,9,1,10,2,11,,4,4,1,22,8,C03,120.710566,24.212056,2
2022,10,28,7,58,臺中市,神岡區,0,1,0,8,1,5,50,4,2,1,5,4,5,7,1,1,10,5,5,1,13,16,2,9,3,4,C03,7,9,1,10,2,11,,16,16,1,22,9,C03,120.697015,24.257005,2
2022,10,28,8,0,臺中市,西區,0,0,0,,,,50,,,,,,,,,,,,,,,18,,,,,B03,,,1,,1,,,18,,1,22,,B03,120.676416,24.136161,3
2022,10,28,8,5,臺中市,梧棲區,0,0,0,,,,40,,,,,,,,,,,,,,,23,,,,,B12,,,1,,2,,,23,,1,4,,B12,120.541069,24.256391,3
2022,10,28,8,10,臺中市,潭子區,0,2,0,8,1,5,50,5,1,1,5,4,5,7,2,1,10,5,5,2,15,25,2,9,1,1,C03,7,9,1,10,2,11,,25,25,1,22,8,C03,120.686781,24.210318,2
2022,10,28,8,10,臺中市,西屯區,0,0,0,,,,1,,,,,,,,,,,,,,,42,,,,,C03,,,1,,1,,,42,,1,22,,C03,120.613545,24.173697,3
2022,10,28,8,14,臺中市,西屯區,0,1,0,8,1,5,50,4,1,1,5,4,5,7,1,1,10,5,5,2,12,9,3,10,1,1,B03,7,6,1,8,2,2,,9,9,1,22,8,B03,120.641926,24.157761,2
2022,10,28,8,14,臺中市,西屯區,0,0,0,8,,,50,,,,,,,,,,,,,,,16,,,,,B03,,,1,,1,,,16,,1,22,,B03,120.638948,24.168908,3
2022,10,28,8,15,臺中市,北屯區,0,0,0,8,,,50,,,,,,,,,,,,,,,16,,,,,B03,,,1,,1,,,16,,1,22,,B03,120.667548,24.179366,3
2022,10,28,8,16,臺中市,潭子區,0,0,0,8,,,60,,,,,,,,,,,,,,,26,,,,,B03,,,1,,2,,,26,,1,22,,B03,120.686781,24.210318,3
2022,10,28,8,16,臺中市,北區,0,1,0,8,1,5,50,3,9,1,5,4,5,7,4,4,5,4,5,2,18,16,2,9,1,1,C03,7,9,1,10,2,14,,16,16,1,5,5,C03,120.681322,24.156586,2
2022,10,28,8,17,臺中市,豐原區,0,1,0,8,1,5,50,14,7,1,5,4,5,7,4,4,5,5,4,2,17,19,3,10,1,1,B03,7,9,1,8,2,5,,44,19,1,22,8,B03,120.720453,24.249293,2
2022,10,28,8,18,臺中市,太平區,0,1,0,8,1,5,50,15,22,1,5,4,5,7,4,4,10,5,5,2,18,23,2,8,1,1,C03,7,11,1,10,2,14,,23,23,1,5,8,C03,120.719826,24.154908,2
2022,10,28,8,20,臺中市,大里區,0,1,0,8,1,5,40,14,7,1,5,4,5,7,4,4,9,5,4,1,16,8,2,9,1,1,C03,7,5,1,10,2,11,,8,8,1,5,8,C03,120.663397,24.096591,2
2022,10,28,8,32,臺中市,北屯區,0,0,0,8,,,50,,,,,,,,,,,,,,,6,,,,,B03,,,1,,2,,,6,,1,22,,B03,120.737808,24.178468,3
2022,10,28,8,35,臺中市,東區,0,1,0,8,1,5,50,4,1,1,5,4,5,7,1,1,10,5,5,2,15,6,2,9,1,1,C03,7,9,1,10,2,12,,6,6,1,22,8,C03,120.704464,24.143259,2
2022,10,28,8,35,臺中市,西屯區,0,1,0,8,1,5,50,14,8,1,5,4,5,7,4,4,7,5,4,2,12,40,3,10,1,1,B03,7,15,1,8,2,4,,40,40,1,22,8,B03,120.661908,24.170099,2
2022,10,28,8,36,臺中市,西屯區,0,1,0,8,1,5,50,14,9,1,5,4,5,7,4,4,4,3,5,2,13,16,3,10,1,1,B03,7,9,1,8,2,2,,16,16,1,22,8,B03,120.63799,24.167316,2
2022,10,28,8,42,臺中市,西區,0,1,0,8,1,5,40,3,1,1,5,4,5,7,4,4,10,5,5,2,17,23,2,7,3,4,C03,7,9,1,10,1,11,,23,23,1,21,8,C03,120.661684,24.137291,2
2022,10,28,8,45,臺中市,北屯區,0,1,0,8,1,5,30,4,1,1,5,4,1,7,1,1,10,5,5,2,17,26,2,9,3,4,C03,7,5,1,10,2,14,,26,26,1,18,8,C03,120.665369,24.201276,2
2022,10,28,8,48,臺中市,神岡區,0,2,0,8,1,5,40,15,9,1,5,4,5,7,4,4,1,4,4,1,17,16,2,9,1,1,C03,7,9,1,10,2,14,,16,16,1,22,1,C03,120.697472,24.234335,2
2022,10,28,8,49,臺中市,梧棲區,0,1,0,8,1,5,40,14,8,1,5,4,5,7,4,4,1,4,1,1,16,6,3,10,1,1,B12,7,6,1,8,2,5,,6,6,1,4,8,B12,120.544482,24.247153,2
2022,10,28,8,50,臺中市,北屯區,0,1,0,8,1,5,30,3,1,1,5,4,5,7,2,1,10,5,5,2,12,19,2,9,1,1,C03,7,1,1,10,2,14,,19,19,1,18,2,C03,120.660546,24.178045,2
2022,10,28,8,50,臺中市,龍井區,0,0,0,8,,,,,,,,,,,,,,,,,,43,,,,,,,,,,,,,43,,1,,,,120.592118,24.181876,3
2022,10,28,8,52,臺中市,北屯區,0,0,0,8,,,70,,,,,,,,,,,,,,,23,,,,,B12,,,1,,1,,,23,23,1,5,,B12,120.685881,24.201415,3
2022,10,28,8,56,臺中市,大里區,0,0,0,8,,,80,,,,,,,,,,,,,,,16,,,,,B03,,,1,,2,,,16,16,1,22,,B03,120.682647,24.082655,3
2022,10,28,8,58,臺中市,北屯區,0,0,0,8,,,80,,,,,,,,,,,,,,,23,,,,,B02,,,1,,2,,,23,,1,5,,B02,120.68847,24.201012,3
2022,10,28,9,1,臺中市,潭子區,0,0,0,8,,,30,,,,,,,,,,,,,,,12,,,,,B03,,,1,,2,,,12,,1,22,,B03,120.69872,24.192176,3
2022,10,28,9,3,臺中市,西屯區,0,2,0,8,1,5,50,14,9,1,5,4,5,7,4,4,1,3,5,2,16,42,2,9,1,1,C03,7,8,1,10,2,11,,42,42,1,22,8,C03,120.646872,24.155761,2
2022,10,28,9,12,臺中市,石岡區,0,1,0,8,1,5,50,5,1,1,5,4,5,7,3,1,10,5,5,2,15,6,3,10,1,1,B03,7,1,1,8,2,1,,6,6,1,5,8,B03,120.77334,24.27704,2
2022,10,28,9,14,臺中市,西屯區,0,0,0,8,,,30,,,,,,,,,,,,,,,23,,,,,B03,,,1,,1,,,23,,1,22,,B03,120.650058,24.160503,3
2022,10,28,9,19,臺中市,潭子區,0,1,0,8,1,5,50,3,2,1,5,4,5,7,4,4,5,4,5,1,10,4,3,10,1,1,C03,7,9,1,10,2,11,,4,4,1,22,8,C03,120.700564,24.212526,2
2022,10,28,9,26,臺中市,沙鹿區,0,1,0,8,1,5,40,14,8,1,5,4,5,7,4,4,1,4,1,2,16,6,3,10,1,1,B03,7,6,1,8,2,5,,6,6,1,21,8,B03,120.580052,24.197808,2
2022,10,28,9,28,臺中市,太平區,0,1,0,8,1,5,50,3,1,1,5,4,5,7,4,4,5,5,5,1,16,26,2,8,1,1,C03,7,9,1,10,1,14,,26,26,1,18,8,C03,120.716735,24.131879,2
2022,10,28,9,45,臺中市,中區,0,0,0,,,,50,,,,,,,,,,,,,,,19,,,,,B03,,,1,,1,,,19,,1,22,,B03,120.674312,24.14279,3
2022,10,28,9,48,臺中市,沙鹿區,0,2,0,8,1,5,40,13,9,1,5,4,5,7,4,4,10,5,5,2,17,19,2,9,1,1,C03,7,1,1,10,2,14,,19,19,1,5,9,C03,120.564535,24.241037,2
2022,10,28,9,51,臺中市,大里區,0,0,0,8,,,50,,,,,,,,,,,,,,,1,,,,,B03,,,1,,2,,,1,,1,22,,B03,120.687805,24.078178,3
2022,10,28,9,54,臺中市,北區,0,2,0,8,1,5,50,4,1,1,5,4,5,7,1,1,1,4,5,2,16,6,2,9,1,1,B12,7,5,1,8,3,2,,6,6,1,5,5,B12,120.668167,24.173221,2
2022,10,28,10,0,臺中市,南屯區,0,0,0,8,,,40,,,,,,,,,,,,,,,16,,,,,B03,,,1,,1,,,16,,1,22,,B03,120.623372,24.151657,3
2022,10,28,10,0,臺中市,霧峰區,0,1,0,8,1,5,50,4,1,1,5,4,5,7,1,1,10,5,5,2,16,19,2,9,1,1,C03,7,1,1,10,2,14,,19,19,1,5,8,C03,120.698116,24.059433,2
2022,10,28,10,0,臺中市,豐原區,0,0,0,8,,,30,,,,,,,,,,,,,,,16,,,,,B03,,,1,,2,,,16,,1,22,,B03,120.733218,24.251313,3
2022,10,28,10,17,臺中市,南屯區,0,1,0,8,1,5,50,3,1,1,5,4,5,7,1,1,5,2,5,2,12,6,3,10,3,4,B02,7,5,1,8,2,8,,6,6,1,22,8,B02,120.630852,24.147816,2
2022,10,28,10,22,臺中市,沙鹿區,0,1,0,8,1,5,30,4,1,1,5,4,5,7,4,4,10,5,5,2,15,6,2,9,1,1,C03,7,9,1,10,2,11,,6,6,1,21,8,C03,120.550036,24.217069,2
2022,10,28,10,27,臺中市,大里區,0,0,0,8,,,30,,,,,,,,,,,,,,,23,,,,,B03,,,1,,2,,,23,,1,22,,B03,120.707095,24.109377,3
2022,10,28,10,30,臺中市,大里區,0,0,0,8,,,80,,,,,,,,,,,,,,,30,,,,,B03,,,1,,2,,,30,,1,5,,B03,120.695169,24.108536,3
2022,10,28,10,36,臺中市,大里區,0,1,0,8,1,5,50,4,1,1,5,4,5,7,1,1,10,5,5,2,16,26,3,10,1,1,B03,7,5,1,8,2,1,,26,26,1,22,7,B03,120.679478,24.11643,2
2022,10,28,10,39,臺中市,南屯區,0,0,0,,,,50,,,,,,,,,,,,,,,23,,,,,B03,,,1,,1,,,23,,1,4,,B03,120.645662,24.134599,3
2022,10,28,10,40,臺中市,梧棲區,0,0,0,8,,,40,,,,,,,,,,,,,,,19,,,,,B02,,,1,,2,,,19,,1,22,,B02,120.550429,24.24464,3
2022,10,28,10,42,臺中市,龍井區,0,1,0,8,1,5,50,3,1,1,5,4,5,7,1,1,10,5,5,2,16,25,2,1,3,4,C03,7,9,1,10,2,11,,25,25,1,20,9,C03,120.550956,24.211086,2
2022,10,28,10,44,臺中市,北屯區,0,0,0,8,,,50,,,,,,,,,,,,,,,42,,,,,B03,,,1,,1,,,42,,1,5,,B03,120.721438,24.182231,3
2022,10,28,10,44,臺中市,霧峰區,0,1,0,8,1,5,40,4,1,1,5,4,5,7,1,1,10,5,5,2,16,25,2,9,1,1,C03,7,9,4,8,2,12,,25,25,1,5,8,C03,120.694708,24.06605,2
2022,10,28,10,45,臺中市,烏日區,0,0,0,8,,,60,,,,,,,,,,,,,,,42,,,,,B12,,,1,,1,,,42,,1,21,,B12,120.616064,24.105606,4
2022,10,28,10,47,臺中市,神岡區,0,0,0,8,,,50,,,,,,,,,,,,,,,17,,,,,B12,,,1,,1,,,17,,1,22,,B12,120.69563,24.23608,3
2022,10,28,10,48,臺中市,北屯區,0,0,0,8,,,50,,,,,,,,,,,,,,,7,,,,,B03,,,1,,1,,,7,7,1,5,,B03,120.671094,24.175055,3
2022,10,28,10,49,臺中市,南屯區,0,0,0,8,,,50,,,,,,,,,,,,,,,17,,,,,B03,,,1,,2,,,17,,1,22,,B03,120.626083,24.147333,3
2022,10,28,10,58,臺中市,太平區,0,1,0,8,1,5,50,4,2,1,5,4,5,7,2,1,5,2,5,2,18,26,2,8,1,1,C03,7,9,1,10,2,14,,26,26,1,5,8,C03,120.710571,24.149947,2
2022,10,28,10,59,臺中市,南屯區,0,2,0,8,1,5,50,4,1,1,1,4,5,7,2,1,5,4,4,2,17,10,2,3,1,1,B02,7,11,1,4,2,4,,10,10,1,22,9,B02,120.634731,24.154042,2
2022,10,28,11,0,臺中市,南屯區,0,1,0,8,1,5,50,5,1,1,5,4,5,7,1,1,10,5,5,2,17,25,3,10,1,1,C03,7,1,1,10,2,13,,25,25,1,4,8,C03,120.646641,24.142582,2
2022,10,28,11,0,臺中市,西屯區,0,0,0,8,,,50,,,,,,,,,,,,,,,44,,,,,B03,,,1,,1,,,44,,1,22,,B03,120.616218,24.190766,3
2022,10,28,11,15,臺中市,中區,0,0,0,,,,50,,,,,,,,,,,,,,,7,,,,,B03,,,1,,2,,,7,,1,20,,B03,120.679547,24.142469,3
2022,10,28,11,18,臺中市,東勢區,0,0,0,8,,,30,,,,,,,,,,,,,,,23,,,,,B12,,,1,,2,,,23,,1,21,,B12,120.831917,24.247227,3
2022,10,28,11,22,臺中市,霧峰區,0,1,0,8,1,5,60,5,1,1,5,4,5,7,1,1,1,4,5,2,16,9,3,10,1,1,C03,7,6,1,10,2,13,,9,9,1,18,8,C03,120.694908,24.060056,2
2022,10,28,11,35,臺中市,沙鹿區,0,0,0,8,,,50,,,,,,,,,,,,,,,18,,,,,B12,,,1,,1,,,18,,1,4,,B12,120.564814,24.241912,3
2022,10,28,11,40,臺中市,清水區,0,0,0,8,,,40,,,,,,,,,,,,,,,12,,,,,B03,,,1,,2,,,12,,1,20,,B03,120.569065,24.273031,3
2022,10,28,11,46,臺中市,北屯區,0,0,0,8,,,50,,,,,,,,,,,,,,,23,,,,,B12,,,1,,1,,,23,,1,21,,B12,120.684622,24.190562,3
2022,10,28,11,50,臺中市,西屯區,0,0,0,8,,,50,,,,,,,,,,,,,,,23,,,,,B03,,,1,,1,,,23,,1,22,,B03,120.660969,24.172386,3
2022,10,28,11,50,臺中市,龍井區,0,1,0,8,1,5,70,14,5,1,5,4,5,7,4,4,1,4,4,1,23,23,2,1,3,4,B12,7,9,1,8,2,1,,23,23,1,10,9,B12,120.542936,24.17314,2
2022,10,28,11,58,臺中市,東區,0,0,0,8,,,50,,,,,,,,,,,,,,,12,,,,,B03,,,1,8,11,,,12,12,1,5,,B03,120.669898,24.115636,3
2022,10,28,12,1,臺中市,西屯區,0,2,0,8,1,5,50,3,1,1,5,4,5,7,4,4,10,5,5,2,13,44,2,7,3,4,C03,7,9,1,10,2,11,,44,16,1,22,8,C03,120.643281,24.187226,2
2022,10,28,12,4,臺中市,大雅區,0,1,0,8,1,5,30,4,1,1,5,4,5,7,4,4,10,5,5,2,15,6,3,10,1,1,B12,7,9,1,8,2,5,,6,6,1,22,9,B12,120.65433,24.211,2
2022,10,28,12,4,臺中市,北區,0,1,0,8,1,5,50,4,2,1,5,4,5,7,1,1,2,4,4,2,12,23,3,10,1,1,C03,7,9,1,10,2,11,,23,23,1,5,5,C03,120.680899,24.149211,2
2022,10,28,12,10,臺中市,南屯區,0,0,0,,,,50,,,,,,,,,,,,,,,23,,,,,C03,,,1,,1,,,23,,1,4,,C03,120.649817,24.150845,3
2022,10,28,12,10,臺中市,豐原區,0,0,0,8,,,50,,,,,,,,,,,,,,,16,,,,,B03,,,1,,2,,,16,16,1,22,,B03,120.73982,24.262581,3
2022,10,28,12,16,臺中市,北屯區,0,1,0,8,1,5,50,3,1,1,5,4,5,7,4,4,10,5,5,2,16,9,3,10,1,1,B03,7,6,1,8,2,5,,9,9,1,5,8,B03,120.68423,24.181285,2
2022,10,28,12,22,臺中市,梧棲區,0,1,0,8,1,5,40,14,8,1,5,4,5,7,4,4,1,4,5,1,17,23,3,10,3,4,A12,7,9,1,3,2,2,,23,23,1,22,8,A12,120.537941,24.254388,2
2022,10,28,12,22,臺中市,豐原區,0,1,0,8,1,5,50,14,9,1,5,4,5,7,1,1,5,5,5,2,17,21,2,9,1,1,C03,7,9,3,18,5,14,,21,21,1,22,8,C03,120.729821,24.243596,2
2022,10,28,12,30,臺中市,中區,0,1,0,8,1,5,50,4,1,1,5,4,5,7,1,1,10,5,5,2,9,44,3,10,1,1,A02,7,12,1,2,2,15,,44,44,1,22,9,A02,120.680272,24.143142,2
2022,10,28,12,30,臺中市,西屯區,0,0,0,8,,,50,,,,,,,,,,,,,,,16,,,,,B03,,,1,,1,,,16,,1,22,,B03,120.63473,24.169588,3
2022,10,28,12,31,臺中市,北區,0,2,0,8,1,5,40,4,1,1,5,4,5,7,2,1,5,5,4,2,3,15,2,9,4,5,H01,8,16,8,20,10,16,,67,15,1,22,8,H01,120.680846,24.14914,2
2022,10,28,12,34,臺中市,大里區,0,0,0,8,,,50,,,,,,,,,,,,,,,7,,,,,C03,,,1,,2,,,7,,1,5,,C03,120.696449,24.111105,3
2022,10,28,12,40,臺中市,大雅區,0,1,0,8,1,5,50,3,1,1,5,4,5,7,1,1,10,5,5,2,17,25,2,9,1,1,C03,7,9,1,10,2,12,,25,25,1,22,9,C03,120.65698,24.23049,2
2022,10,28,12,40,臺中市,豐原區,0,0,0,8,,,50,,,,,,,,,,,,,,,16,,,,,B03,,,1,,2,,,16,16,1,22,,B03,120.70708,24.250311,3
2022,10,28,12,48,臺中市,龍井區,0,0,0,8,,,30,,,,,,,,,,,,,,,18,,,,,B12,,,1,,11,,,18,,1,21,,B12,120.591338,24.182711,3
2022,10,28,12,50,臺中市,龍井區,0,1,0,8,1,5,40,14,11,1,5,4,4,7,4,4,1,4,1,1,18,23,2,9,3,4,C03,7,9,1,10,2,11,,23,23,1,10,8,C03,120.54313,24.173628,2
2022,10,28,12,56,臺中市,大甲區,0,2,0,8,1,5,50,4,1,1,5,4,5,7,1,1,10,5,5,2,16,6,2,9,1,1,C03,7,5,3,18,2,11,,6,6,1,21,8,C03,120.625075,24.347911,2
2022,10,28,12,58,臺中市,大甲區,0,0,0,,,,60,,,,,,,,,,,,,,,23,,,,,B03,,,1,,1,,,44,23,1,22,,B03,120.648704,24.377017,3
2022,10,28,13,2,臺中市,大里區,0,2,0,8,1,5,40,4,1,1,5,4,5,7,1,1,1,5,5,2,16,6,2,8,1,1,C03,7,6,3,18,2,12,,6,6,1,22,7,C03,120.666491,24.096743,2
2022,10,28,13,4,臺中市,太平區,0,2,0,8,1,5,50,3,1,1,5,4,5,7,4,4,10,5,5,2,16,6,3,10,1,1,B03,7,5,1,8,2,8,,6,6,1,3,8,B03,120.741084,24.130987,2
2022,10,28,13,10,臺中市,大雅區,0,1,0,8,1,5,30,3,1,1,5,4,5,7,4,4,10,5,5,2,17,6,2,9,1,1,C03,7,9,1,10,2,11,,6,6,1,22,9,C03,120.64339,24.22078,2
2022,10,28,13,13,臺中市,南屯區,0,1,0,8,1,5,50,3,2,1,5,4,5,7,4,4,10,5,5,2,17,10,3,10,1,1,B03,7,11,1,8,2,7,,10,10,1,5,8,B03,120.645741,24.133578,2
2022,10,28,13,21,臺中市,南區,0,0,0,8,1,5,50,14,7,1,5,4,5,7,4,4,3,5,4,2,17,23,3,10,1,1,B12,7,7,1,7,2,1,,23,23,1,21,8,B12,120.670187,24.116666,3
2022,10,28,13,29,臺中市,豐原區,0,1,0,8,1,5,50,14,7,1,5,4,5,7,4,4,9,5,4,2,17,23,3,10,1,1,B03,7,9,1,8,2,8,,23,23,1,22,8,B03,120.718928,24.237906,2
2022,10,28,13,30,臺中市,南區,0,0,0,8,,,50,,,,,,,,,,,,,,,42,,,,,B03,,,1,,1,,,42,,1,5,,B03,120.680617,24.130448,3