年,月,日,時,分,縣市,區,死,受傷,2-30,天候,光線,道路類別,速限,道路型態,事故位置,路面鋪裝,路面狀態,路面缺陷,障礙物,視距,號誌種類,號誌動作,分向設施,快車道或一般車道間,快慢車道間,路面邊線,事故類型及型態,主要肇因,受傷程度,主要傷處,保護裝備,行動電話,當事者區分,車輛用途,當事者行動狀態,駕駛資格情形,駕駛執照種類,飲酒情形,車輛撞擊部位最初,車輛撞擊部位其他,肇事因素個別,肇事因素主要,肇事逃逸,職業,旅次目的,車種,GPS緯度,GPS經度,事故類別
2022,10,28,13,30,臺中市,烏日區,0,1,0,8,1,5,50,14,9,1,5,4,5,7,4,4,5,4,5,1,17,26,3,10,1,1,B12,7,11,1,8,2,1,,26,26,1,21,8,B12,120.643732,24.060454,2
2022,10,28,13,40,臺中市,太平區,0,0,0,8,,,40,,,,,,,,,,,,,,,23,,,,,B03,,,1,,2,,,23,,1,5,,B03,120.71967,24.129947,3
2022,10,28,13,56,臺中市,西屯區,0,2,0,8,1,5,50,3,9,1,5,4,5,7,1,1,5,4,5,2,16,6,2,8,3,4,C03,7,6,1,10,2,12,,6,6,1,22,8,C03,120.610305,24.188121,2
2022,10,28,14,4,臺中市,南區,0,1,0,8,1,5,50,3,9,1,5,4,5,7,4,4,10,5,5,2,16,6,3,10,1,1,B03,7,6,1,8,2,4,,6,6,1,5,8,B03,120.6617,24.110909,2
2022,10,28,14,5,臺中市,大甲區,0,1,0,8,1,5,50,14,9,1,5,4,5,7,4,4,5,5,5,1,17,23,3,10,1,1,B03,7,9,1,8,2,5,,23,23,1,21,8,B03,120.653525,24.379786,2
2022,10,28,14,8,臺中市,太平區,0,0,0,8,,,50,,,,,,,,,,,,,,,19,,,,,B03,,,1,,1,,,19,,1,5,,B03,120.719839,24.155138,3
2022,10,28,14,13,臺中市,南區,0,0,0,8,,,50,,,,,,,,,,,,,,,42,,,,,B03,,,1,8,2,,,42,42,1,5,,B03,120.669898,24.115636,3
2022,10,28,14,15,臺中市,中區,0,0,0,,,,50,,,,,,,,,,,,,,,7,,,,,A12,,,1,,1,,,7,7,1,20,,A12,120.6781,24.14258,3
2022,10,28,14,19,臺中市,新社區,0,0,0,8,,,50,,,,,,,,,,,,,,,23,,,,,B03,,,1,,1,,,23,,1,2,,B03,120.81257,24.1895,3
2022,10,28,14,20,臺中市,東區,0,0,0,8,,,50,,,,,,,,,,,,,,,25,,,,,B03,,,1,,2,,,25,25,1,22,,B03,120.688135,24.140097,3
2022,10,28,14,20,臺中市,大里區,0,0,0,8,1,5,50,14,13,1,5,4,5,7,4,4,5,5,4,2,17,18,,,,,C03,,,1,,11,,,18,,1,19,,C03,120.703769,24.092858,3
2022,10,28,14,27,臺中市,西區,0,2,0,8,1,5,50,4,1,1,5,4,5,7,4,4,10,5,5,2,17,26,2,9,3,4,C03,7,9,1,10,2,11,,26,26,1,21,8,C03,120.673268,24.152216,2
2022,10,28,14,38,臺中市,東區,0,0,0,,,,30,,,,,,,,,,,,,,,23,,,,,A11,,,1,,11,,,23,,1,21,,A11,120.707162,24.13298,3
2022,10,28,14,51,臺中市,西區,0,1,0,8,1,5,50,14,7,1,5,4,5,7,4,4,5,4,4,2,11,4,3,10,1,1,C03,7,9,1,10,1,11,,4,4,1,22,9,C03,120.661455,24.13613,2
2022,10,28,14,54,臺中市,北屯區,0,0,0,8,,,40,,,,,,,,,,,,,,,12,,,,,B12,,,1,,1,,,12,,1,22,,B12,120.683349,24.181678,3
2022,10,28,14,57,臺中市,西區,0,0,0,8,,,50,,,,,,,,,,,,,,,12,,,,,B12,,,1,,2,,,12,,1,21,,B12,120.662076,24.149179,3
2022,10,28,14,58,臺中市,清水區,0,1,0,8,1,5,50,14,9,1,5,4,5,7,4,4,5,5,5,1,29,43,2,9,1,1,B03,7,21,1,6,8,1,,43,43,1,5,8,B03,120.636566,24.276833,2
2022,10,28,14,59,臺中市,大肚區,0,0,0,8,,,50,,,,,,,,,,,,,,,16,,,,,B03,,,1,,2,,,16,,1,21,,B03,120.578804,24.168905,3
2022,10,28,15,0,臺中市,東勢區,0,2,0,8,3,5,60,3,2,1,5,4,5,7,4,4,10,5,5,2,17,6,2,9,1,1,G02,7,5,1,8,2,4,,6,6,1,7,8,G02,120.81103,24.281685,2
2022,10,28,15,1,臺中市,清水區,0,1,0,8,1,5,50,14,9,1,5,4,5,7,4,4,5,5,5,1,15,6,2,9,1,1,C03,7,9,1,10,2,11,,6,6,1,5,8,C03,120.551607,24.262914,2
2022,10,28,15,5,臺中市,北屯區,0,1,0,8,1,5,30,4,1,1,5,4,5,7,4,4,10,5,5,2,15,6,2,7,1,1,C03,7,9,1,10,2,12,,6,6,1,5,8,C03,120.706648,24.17119,2
2022,10,28,15,5,臺中市,西屯區,0,1,0,8,1,5,30,14,9,1,5,4,5,7,4,4,10,5,5,2,18,42,2,9,1,1,C03,7,1,1,10,2,12,,42,42,1,22,8,C03,120.653259,24.158377,2
2022,10,28,15,10,臺中市,北屯區,0,1,0,8,1,5,50,3,2,1,5,4,5,7,1,1,5,4,4,2,16,6,2,8,1,1,C03,7,6,1,10,2,14,,6,6,1,22,8,C03,120.69655,24.174466,2
2022,10,28,15,14,臺中市,龍井區,0,0,0,8,,,30,,,,,,,,,,,,,,,17,,,,,B03,,,2,,2,,,17,,1,20,,B03,120.573474,24.180415,3
2022,10,28,15,15,臺中市,南屯區,0,1,0,8,1,5,40,14,8,1,5,4,5,7,4,4,1,4,4,2,16,19,3,10,1,1,B03,7,1,1,8,2,8,,19,19,1,22,9,B03,120.624884,24.152112,2
2022,10,28,15,20,臺中市,龍井區,0,0,0,8,,,60,,,,,,,,,,,,,,,26,,,,,B03,,,1,,2,,,26,,1,21,,B03,120.5,24.1,3
2022,10,28,15,33,臺中市,梧棲區,0,1,0,8,1,5,30,4,1,1,5,4,5,7,4,4,10,5,5,2,15,6,2,9,1,1,C03,7,9,1,10,2,11,,6,6,1,12,8,C03,120.550827,24.260028,2
2022,10,28,15,35,臺中市,沙鹿區,0,2,0,8,1,5,60,3,1,1,5,4,5,7,1,1,10,5,5,2,17,19,2,9,1,1,C03,7,1,1,10,2,14,,19,19,1,18,5,C03,120.575833,24.251944,2
2022,10,28,15,35,臺中市,新社區,0,2,0,8,1,5,50,14,9,1,5,4,5,7,4,4,5,5,5,1,17,19,2,9,1,1,C03,7,1,1,10,2,14,,19,19,1,7,8,C03,120.80875,24.24833,2
2022,10,28,15,39,臺中市,西屯區,0,1,0,8,1,5,50,3,1,1,5,4,5,7,1,1,10,5,5,2,17,6,3,10,1,1,B12,7,5,1,8,2,6,,6,6,1,21,8,B12,120.655571,24.173906,2
2022,10,28,15,45,臺中市,西區,0,0,0,,,,50,,,,,,,,,,,,,,,23,,,,,A12,,,1,,1,,,23,23,1,20,,A12,120.664585,24.152857,3
2022,10,28,15,46,臺中市,北屯區,0,1,0,8,1,5,40,14,8,1,5,4,5,7,4,4,1,4,4,2,12,23,2,9,1,1,C03,7,9,1,10,7,11,,23,23,1,22,8,C03,120.666097,24.182407,2
2022,10,28,15,49,臺中市,南屯區,0,1,0,8,1,5,40,14,8,1,5,4,5,6,4,4,1,4,1,2,17,7,3,10,1,1,C03,7,8,1,10,2,11,,7,7,1,20,8,C03,120.62276,24.143508,2
2022,10,28,15,50,臺中市,太平區,0,1,0,8,1,5,50,14,9,1,5,4,5,7,4,4,5,5,5,2,17,23,2,9,1,1,C03,7,9,1,10,2,11,,23,23,1,21,8,C03,120.721985,24.130537,2
2022,10,28,15,54,臺中市,太平區,0,0,0,8,,,50,,,,,,,,,,,,,,,42,,,,,B12,,,1,,1,,,42,,1,5,,B12,120.72125,24.142634,3
2022,10,28,16,0,臺中市,豐原區,0,2,0,8,1,5,50,3,1,1,5,4,5,7,4,4,10,5,5,2,17,6,2,9,1,1,C03,7,5,1,10,2,12,,6,6,1,22,8,C03,120.709297,24.249556,2
2022,10,28,16,4,臺中市,西屯區,0,0,0,8,,,50,,,,,,,,,,,,,,,17,,,,,A04,,,1,,2,,,17,17,1,22,,A04,120.617561,24.188315,3
2022,10,28,16,12,臺中市,梧棲區,0,1,0,8,1,5,50,4,1,1,5,4,5,7,4,4,10,5,5,2,16,6,2,9,1,1,C03,7,5,1,10,2,11,,6,6,1,20,8,C03,120.534026,24.25798,2
2022,10,28,16,14,臺中市,沙鹿區,0,2,0,8,1,5,60,3,1,1,5,4,5,7,1,1,10,5,5,2,16,9,3,10,1,1,B01,7,6,1,4,2,6,,9,9,1,10,4,B01,120.603614,24.248578,2
2022,10,28,16,15,臺中市,南屯區,0,0,0,8,,,50,,,,,,,,,,,,,,,16,,,,,B03,,,1,,1,,,16,,1,22,,B03,120.612173,24.138517,3
2022,10,28,16,18,臺中市,北屯區,0,0,0,8,,,50,,,,,,,,,,,,,,,26,,,,,B03,,,1,,1,,,26,,1,22,,B03,120.670855,24.174921,3
2022,10,28,16,19,臺中市,豐原區,0,1,0,8,1,5,30,14,9,1,5,4,5,6,4,4,10,5,5,1,17,42,2,7,1,1,B12,7,9,1,8,2,5,,42,42,1,22,8,B12,120.71069,24.253169,2
2022,10,28,16,20,臺中市,梧棲區,0,1,0,8,1,5,70,14,13,1,5,4,5,7,4,4,10,5,5,1,17,7,3,10,3,4,B03,7,8,1,3,2,2,,7,7,1,22,8,B03,120.556926,24.252808,2
2022,10,28,16,21,臺中市,大里區,0,0,0,8,,,80,,,,,,,,,,,,,,,23,,,,,B03,,,1,,2,,,23,,1,3,,B03,120.690704,24.098029,3
2022,10,28,16,22,臺中市,大肚區,0,3,0,8,1,5,50,14,9,1,5,4,5,7,4,4,5,5,5,1,16,19,2,8,1,1,C03,7,1,1,10,2,11,,19,26,1,22,8,C03,120.575281,24.169701,2
2022,10,28,16,30,臺中市,北區,0,0,0,8,,,30,,,,,,,,,,,,,,,23,,,,,B03,,,1,,2,,,23,,1,22,,B03,120.670533,24.165283,3
2022,10,28,16,30,臺中市,龍井區,0,0,0,8,,,30,,,,,,,,,,,,,,,23,,,,,B03,,,1,,2,,,23,,1,21,,B03,120.593434,24.18108,3
2022,10,28,16,30,臺中市,梧棲區,0,0,0,8,,,30,,,,,,,,,,,,,,,23,,,,,B03,,,1,,2,,,23,,1,12,,B03,120.55297,24.247877,3
2022,10,28,16,34,臺中市,太平區,0,1,0,8,1,5,30,3,2,1,5,4,5,7,3,1,5,5,4,1,16,6,2,8,1,1,C03,7,5,1,10,2,12,,6,6,1,3,8,C03,120.732563,24.115475,2
2022,10,28,16,34,臺中市,清水區,0,1,0,8,1,5,40,14,8,1,5,4,5,7,3,1,1,4,3,1,16,6,3,10,1,1,B03,7,6,1,8,2,2,,6,6,1,5,1,B03,120.561033,24.27271,2
2022,10,28,16,35,臺中市,南屯區,0,1,0,8,1,5,50,4,1,1,5,4,5,7,2,1,1,4,5,2,16,42,3,10,1,1,B12,7,6,1,6,2,2,,42,42,1,4,4,B12,120.623141,24.145201,2
2022,10,28,16,36,臺中市,霧峰區,0,2,0,8,2,5,30,14,9,1,5,4,5,7,4,4,9,4,4,1,16,19,2,9,1,1,C03,7,1,1,10,2,14,,19,19,1,18,8,C03,120.714825,24.069717,2
2022,10,28,16,37,臺中市,北屯區,0,0,0,8,,,50,,,,,,,,,,,,,,,23,,,,,B03,,,1,,1,,,23,,1,21,,B03,120.688468,24.180545,3
2022,10,28,16,40,臺中市,南區,0,1,0,8,1,5,50,14,9,1,5,4,5,7,4,4,5,4,5,2,17,23,2,7,1,1,C03,7,9,1,10,2,12,,23,23,1,22,8,C03,120.683107,24.133649,2
2022,10,28,16,41,臺中市,大里區,0,0,0,8,,,50,,,,,,,,,,,,,,,12,,,,,B03,,,1,,1,,,12,,1,22,,B03,120.678863,24.111504,3
2022,10,28,16,43,臺中市,霧峰區,0,0,0,8,,,50,,,,,,,,,,,,,,,42,,,,,C03,,,1,,2,,,42,,1,22,,C03,120.698119,24.077868,3
2022,10,28,16,43,臺中市,大里區,0,1,0,8,1,5,50,4,1,1,5,4,5,7,4,4,5,4,4,2,11,8,3,10,1,1,C03,7,5,1,10,2,12,,8,8,1,21,1,C03,120.676124,24.115792,2
2022,10,28,16,45,臺中市,西區,0,0,0,8,,,50,,,,,,,,,,,,,,,17,,,,,B12,,,1,,1,,,17,,1,21,,B12,120.669169,24.14465,3
2022,10,28,16,46,臺中市,清水區,0,0,0,8,3,5,70,14,7,1,5,4,5,7,4,4,1,4,5,1,13,23,3,10,1,1,B12,7,9,1,8,2,1,,23,23,1,5,1,B12,120.596946,24.306064,3
2022,10,28,16,48,臺中市,南屯區,0,0,0,8,,,50,,,,,,,,,,,,,,,25,,,,,B12,,,1,,2,,,25,,1,5,,B12,120.628476,24.147994,3
2022,10,28,16,50,臺中市,潭子區,0,0,0,8,,,60,,,,,,,,,,,,,,,17,,,,,C03,,,1,,2,,,17,,1,22,,C03,120.70377,24.201976,3
2022,10,28,16,54,臺中市,東區,0,1,0,8,1,5,50,14,9,1,5,4,5,7,4,4,5,4,5,2,18,13,2,9,1,1,C03,7,9,1,10,2,12,,13,13,1,18,8,C03,120.687945,24.142864,2
2022,10,28,16,54,臺中市,神岡區,0,0,0,8,,,50,,,,,,,,,,,,,,,17,,,,,A31,,,1,,2,,,17,17,1,22,,A31,120.683018,24.246661,3
2022,10,28,16,55,臺中市,北屯區,0,2,0,8,1,5,50,3,1,1,5,4,5,7,4,4,10,5,5,2,3,15,2,9,1,1,C03,7,9,3,18,2,11,,15,15,1,21,7,C03,120.696362,24.181272,2
2022,10,28,16,55,臺中市,大里區,0,0,0,8,,,50,,,,,,,,,,,,,,,23,,,,,B03,,,1,,2,,,23,,1,22,,B03,120.677582,24.116497,3
2022,10,28,16,56,臺中市,北屯區,0,0,0,8,,,50,,,,,,,,,,,,,,,6,,,,,B03,,,1,,1,,,6,,1,21,,B03,120.693107,24.16233,3
2022,10,28,17,2,臺中市,北屯區,0,0,0,8,,,50,,,,,,,,,,,,,,,16,,,,,B03,,,1,,1,,,16,,1,22,,B03,120.712632,24.182187,3
2022,10,28,17,2,臺中市,大安區,0,0,0,8,,,50,,,,,,,,,,,,,,,6,,,,,C03,,,1,,1,,,6,,1,21,,C03,120.586525,24.379615,3
2022,10,28,17,5,臺中市,東區,0,1,0,8,3,5,50,4,7,1,5,4,5,7,1,1,10,5,5,2,12,1,3,10,1,1,C03,7,9,1,10,2,12,,1,1,1,22,8,C03,120.686141,24.132834,2
2022,10,28,17,7,臺中市,西區,0,0,0,8,1,5,50,14,9,1,5,4,5,7,4,4,5,5,5,2,13,16,,,,,B03,,,1,,1,,,16,,1,21,,B03,120.658375,24.133636,3
2022,10,28,17,10,臺中市,梧棲區,0,2,0,8,2,5,50,3,1,1,5,4,5,7,3,1,10,5,5,2,16,6,2,8,1,1,C03,7,5,1,10,2,11,,6,6,1,9,8,C03,120.538878,24.249988,2
2022,10,28,17,12,臺中市,西屯區,0,0,0,8,,,50,,,,,,,,,,,,,,,23,,,,,B03,,,1,,1,,,23,,1,22,,B03,120.646987,24.158836,3
2022,10,28,17,15,臺中市,南屯區,0,0,0,8,,,50,,,,,,,,,,,,,,,42,,,,,B03,,,1,,2,,,42,,1,22,,B03,120.623832,24.141074,3
2022,10,28,17,20,臺中市,沙鹿區,0,1,0,8,1,5,30,14,9,1,5,4,5,7,4,4,10,5,5,2,2,23,3,10,1,1,C03,7,9,1,10,2,11,,23,23,1,18,2,C03,120.57018,24.216691,2
2022,10,28,17,24,臺中市,豐原區,0,1,0,8,3,5,50,4,1,1,5,4,5,7,1,1,10,5,5,2,16,6,3,10,1,1,B03,7,5,1,8,2,6,,6,6,1,21,8,B03,120.74766,24.266563,2
2022,10,28,17,29,臺中市,東區,0,2,0,7,3,5,50,4,1,1,5,4,5,7,4,4,10,5,5,2,15,6,2,9,1,1,C03,7,9,3,18,2,11,,6,6,1,22,9,C03,120.702305,24.134165,2
2022,10,28,17,29,臺中市,西屯區,0,0,0,8,,,50,,,,,,,,,,,,,,,23,,,,,A05,,,1,,2,,,23,,1,4,,A05,120.653881,24.168211,3
2022,10,28,17,30,臺中市,龍井區,0,0,0,8,,,60,,,,,,,,,,,,,,,6,,,,,B03,,,1,,2,,,6,,1,9,,B03,120.50955,24.195249,3
2022,10,28,17,30,臺中市,沙鹿區,0,0,0,8,,,40,,,,,,,,,,,,,,,10,,,,,C03,,,1,,2,,,10,,1,4,,C03,120.561009,24.24183,3
2022,10,28,17,30,臺中市,沙鹿區,0,0,0,8,,,30,,,,,,,,,,,,,,,42,,,,,B03,,,1,,1,,,42,,1,9,,B03,120.575885,24.231007,3
2022,10,28,17,35,臺中市,太平區,0,0,0,8,,,30,,,,,,,,,,,,,,,19,,,,,B02,,,1,,2,,,19,,1,4,,B02,120.736292,24.144373,3
2022,10,28,17,36,臺中市,西屯區,0,1,0,8,2,5,40,14,8,1,5,4,5,7,4,4,1,4,3,2,12,6,3,10,1,1,B03,7,6,1,8,2,5,1,6,6,1,22,8,B03,120.63923,24.15936,2
2022,10,28,17,37,臺中市,龍井區,0,2,0,8,3,5,30,14,9,1,5,4,5,7,4,4,10,5,5,1,17,23,2,9,1,1,C03,7,9,1,10,2,11,,23,23,1,22,8,C03,120.578546,24.181199,2
2022,10,28,17,39,臺中市,烏日區,0,1,0,8,3,5,50,4,1,1,5,4,5,7,1,1,9,5,5,1,17,23,3,10,1,1,B03,7,6,1,8,2,15,,44,23,1,22,8,B03,120.602052,24.107093,2
2022,10,28,17,40,臺中市,南屯區,0,0,0,8,,,50,,,,,,,,,,,,,,,16,,,,,C03,,,1,,1,,,16,,1,22,,C03,120.640542,24.141619,3
2022,10,28,17,41,臺中市,北屯區,0,1,0,8,3,5,50,4,1,1,5,4,5,7,1,1,5,5,5,2,16,6,3,10,1,1,B03,7,5,1,8,2,8,,6,6,1,22,8,B03,120.71613,24.175795,2
2022,10,28,17,41,臺中市,沙鹿區,0,0,0,8,,,50,,,,,,,,,,,,,,,23,,,,,B03,,,1,,2,,,23,,1,22,,B03,120.571598,24.197762,3
2022,10,28,17,48,臺中市,中區,0,2,0,8,2,5,50,14,9,1,5,4,5,7,4,4,5,4,5,2,16,19,3,10,1,1,C03,7,1,1,10,2,11,,19,19,1,22,9,C03,120.684173,24.138,2
2022,10,28,17,49,臺中市,南屯區,0,3,0,8,3,5,50,14,9,1,5,4,5,7,4,4,9,5,5,2,16,10,2,9,1,1,C03,7,11,1,10,2,14,,10,10,1,18,8,C03,120.652615,24.129596,2
2022,10,28,17,49,臺中市,西屯區,0,0,0,8,,,50,,,,,,,,,,,,,,,6,,,,,C03,,,1,,2,,,6,,1,22,,C03,120.602633,24.182917,3
2022,10,28,17,50,臺中市,豐原區,0,0,0,8,,,50,,,,,,,,,,,,,,,16,,,,,B03,,,1,,2,,,16,16,1,22,,B03,120.72831,24.240912,3
2022,10,28,17,52,臺中市,北屯區,0,0,0,8,,,50,,,,,,,,,,,,,,,12,,,,,B03,,,1,,1,,,12,,1,21,,B03,120.665036,24.183849,3
2022,10,28,17,53,臺中市,霧峰區,0,1,0,8,1,5,50,4,1,1,5,4,5,7,1,1,10,5,5,2,16,6,3,10,1,1,B03,7,5,1,8,2,5,,6,6,1,3,8,B03,120.698048,24.059434,2
2022,10,28,17,53,臺中市,神岡區,0,1,0,8,3,5,50,3,1,1,5,4,5,7,1,1,5,5,5,1,3,23,3,10,1,1,B03,7,5,1,8,2,1,,23,23,2,21,8,B03,120.658431,24.252051,2
2022,10,28,17,54,臺中市,南屯區,0,0,0,8,,,50,,,,,,,,,,,,,,,16,,,,,B12,,,1,,1,,,16,,1,22,,B12,120.634703,24.143844,3
2022,10,28,17,55,臺中市,龍井區,0,2,0,8,3,5,30,3,2,1,5,4,5,7,4,4,10,5,5,2,16,6,2,8,1,1,C03,7,5,1,10,2,15,,6,6,1,20,8,C03,120.587635,24.192155,2
2022,10,28,17,56,臺中市,沙鹿區,0,0,0,8,,,50,,,,,,,,,,,,,,,19,,,,,B12,,,1,,2,,,19,,1,22,,B12,120.565409,24.201678,3
2022,10,28,18,0,臺中市,大里區,0,0,0,8,,,80,,,,,,,,,,,,,,,23,,,,,B03,,,1,,2,,,23,,1,9,,B03,120.690704,24.098029,3
2022,10,28,18,0,臺中市,大里區,0,1,0,8,3,5,40,14,8,1,5,4,5,7,4,4,1,4,1,1,18,42,2,9,1,1,C03,7,9,1,10,2,12,,42,42,1,22,8,C03,120.672146,24.084111,2
2022,10,28,18,0,臺中市,梧棲區,0,0,0,8,,,50,,,,,,,,,,,,,,,12,,,,,B03,,,1,,9,,,12,,1,22,,B03,120.530108,24.240996,3
2022,10,28,18,1,臺中市,東區,0,0,0,,,,50,,,,,,,,,,,,,,,23,,,,,B12,,,1,,2,,,23,,1,21,,B12,120.691689,24.142924,3
2022,10,28,18,3,臺中市,南屯區,0,1,0,8,3,5,50,14,9,1,5,4,5,7,4,4,10,5,5,2,12,7,3,10,3,4,C03,7,7,1,10,2,14,,7,7,1,12,8,C03,120.615289,24.14719,2
2022,10,28,18,4,臺中市,豐原區,0,0,0,8,,,30,,,,,,,,,,,,,,,42,,,,,A12,,,1,,2,,,42,,1,22,,A12,120.737864,24.25151,3
2022,10,28,18,6,臺中市,太平區,0,0,0,8,,,30,,,,,,,,,,,,,,,17,,,,,A12,,,1,,2,,,17,,1,9,,A12,120.72273,24.120644,3
2022,10,28,18,8,臺中市,西區,0,1,0,8,3,5,50,4,1,1,5,4,5,7,4,4,10,5,5,2,16,6,3,10,1,1,B03,7,9,1,8,2,2,,6,6,1,20,8,B03,120.657534,24.144443,2
2022,10,28,18,8,臺中市,北區,0,0,0,8,,,50,,,,,,,,,,,,,,,23,,,,,B03,,,1,,2,,,23,,1,22,,B03,120.685158,24.162425,3
2022,10,28,18,10,臺中市,豐原區,0,1,0,8,3,5,50,14,7,1,5,4,5,7,4,4,5,4,5,2,16,10,3,10,1,1,B03,7,11,1,8,2,8,,10,10,1,21,8,B03,120.721563,24.243174,2
2022,10,28,18,13,臺中市,西屯區,0,1,0,8,2,5,50,5,1,1,5,4,5,7,2,1,10,5,5,2,13,23,2,8,1,1,C03,7,9,1,10,2,11,,23,23,1,21,8,C03,120.615731,24.189121,2
2022,10,28,18,14,臺中市,大里區,0,1,0,8,1,5,50,3,1,1,5,4,5,7,1,1,5,2,5,1,16,6,3,10,1,1,B03,7,6,1,8,2,2,,6,6,1,22,9,B03,120.713991,24.095287,2
2022,10,28,18,14,臺中市,新社區,0,0,0,8,,,50,,,,,,,,,,,,,,,23,,,,,B03,,,1,,2,,,23,,1,22,,B03,120.795864,24.211958,3
2022,10,28,18,18,臺中市,西屯區,0,1,0,8,3,5,30,3,1,1,5,4,5,7,4,4,10,5,5,2,16,6,3,10,1,1,B03,7,5,1,8,2,8,,6,6,1,22,8,B03,120.643062,24.196854,2
2022,10,28,18,27,臺中市,大里區,0,0,0,8,,,80,,,,,,,,,,,,,,,7,,,,,B03,,,1,,2,,,7,,1,22,,B03,120.695841,24.118452,3
2022,10,28,18,28,臺中市,霧峰區,0,1,0,8,4,5,40,14,9,1,5,4,5,7,4,4,9,5,5,1,18,23,2,9,1,1,C03,7,9,1,10,2,15,,23,23,1,18,8,C03,120.715218,24.07307,2
2022,10,28,18,28,臺中市,清水區,0,2,0,8,4,5,40,14,9,1,5,4,5,7,1,1,1,4,4,1,12,13,2,9,1,1,C03,7,9,1,10,2,14,,13,13,1,5,1,C03,120.595293,24.3006,2
2022,10,28,18,30,臺中市,烏日區,0,0,0,8,,,50,,,,,,,,,,,,,,,23,,,,,C03,,,1,,2,,,23,,1,21,,C03,120.63805,24.10755,3
2022,10,28,18,30,臺中市,大甲區,0,1,0,8,3,5,40,14,8,1,5,4,5,7,4,4,1,4,4,1,17,42,3,10,4,1,G03,7,15,1,8,2,2,,42,42,1,21,8,G03,120.64278,24.415991,2
2022,10,28,18,32,臺中市,清水區,0,0,0,8,3,5,70,14,7,1,5,4,5,7,1,1,1,4,5,1,13,23,3,10,1,1,B03,7,9,1,8,2,1,,23,23,1,5,1,B03,120.596946,24.306064,3
2022,10,28,18,36,臺中市,烏日區,0,0,0,8,,,50,,,,,,,,,,,,,,,23,,,,,B03,,,1,,2,,,23,23,1,5,,B03,120.618403,24.117136,3
2022,10,28,18,36,臺中市,大甲區,0,1,0,8,3,5,40,3,2,1,5,4,5,7,4,4,1,4,4,1,17,23,2,9,1,1,C03,7,9,1,10,2,12,,23,23,1,21,8,C03,120.642715,24.41619,2
2022,10,28,18,38,臺中市,新社區,0,1,0,8,3,5,50,3,1,1,5,4,5,7,4,4,10,5,5,2,17,4,2,9,1,1,C03,7,9,2,18,2,11,,4,4,1,22,8,C03,120.808376,24.246917,2
2022,10,28,18,40,臺中市,后里區,0,1,0,8,3,5,50,14,9,1,5,4,5,7,4,4,4,4,5,1,13,23,2,9,1,1,C03,7,9,2,18,2,11,,23,23,1,4,8,C03,120.727787,24.309034,2
2022,10,28,18,41,臺中市,西屯區,0,0,0,8,,,50,,,,,,,,,,,,,,,43,,,,,B03,,,1,,2,,,43,,1,22,,B03,120.666911,24.173023,3
2022,10,28,18,42,臺中市,大肚區,0,1,0,8,1,5,50,4,1,1,5,4,5,7,1,1,10,5,5,2,16,10,3,10,1,1,B03,7,11,1,8,2,2,,10,10,1,4,8,B03,120.562982,24.124147,2
2022,10,28,18,45,臺中市,大里區,0,2,0,8,3,5,50,4,1,1,5,4,5,7,1,1,10,5,5,2,12,6,3,10,1,1,B03,7,6,1,8,2,15,,6,6,1,9,8,B03,120.674623,24.103625,2
2022,10,28,18,46,臺中市,北屯區,0,2,0,8,3,5,50,4,1,1,5,4,5,7,1,1,10,5,5,2,16,8,2,9,1,1,C03,7,5,1,10,2,11,,8,8,1,9,8,C03,120.690806,24.182427,2
2022,10,28,18,49,臺中市,北屯區,0,1,0,8,3,5,50,4,2,1,5,4,5,7,1,1,1,4,5,2,12,7,3,10,1,1,B03,7,9,1,8,2,2,,23,7,1,22,8,B03,120.671094,24.175055,2
2022,10,28,18,55,臺中市,北屯區,0,1,0,8,3,5,50,4,2,1,5,4,5,7,2,1,3,4,5,2,12,23,2,9,1,1,C03,7,9,1,10,2,14,,23,23,1,22,8,C03,120.671094,24.175055,2
2022,10,28,19,0,臺中市,西屯區,0,0,0,8,,,50,,,,,,,,,,,,,,,44,,,,,C03,,,1,,11,,,44,,1,22,,C03,120.642535,24.164224,3
2022,10,28,19,2,臺中市,大里區,0,0,0,8,,,50,,,,,,,,,,,,,,,6,,,,,B03,,,1,,2,,,6,6,1,3,,B03,120.703115,24.089183,3
2022,10,28,19,8,臺中市,大里區,0,0,0,8,,,50,,,,,,,,,,,,,,,12,,,,,B01,,,1,,2,,,12,,1,22,,B01,120.689829,24.111474,3
2022,10,28,19,11,臺中市,南區,0,1,0,8,3,5,50,4,1,1,5,4,5,7,1,1,10,5,5,2,13,23,2,8,1,1,C03,7,9,1,10,2,11,,23,23,1,22,8,C03,120.670047,24.126452,2
2022,10,28,19,13,臺中市,神岡區,0,0,0,8,,,60,,,,,,,,,,,,,,,17,,,,,B03,,,1,,2,,,17,17,1,22,,B03,120.699118,24.235597,3
2022,10,28,19,27,臺中市,北屯區,0,0,0,8,,,50,,,,,,,,,,,,,,,23,,,,,A02,,,1,,2,,,23,,1,21,,A02,120.712554,24.168961,3