年,月,日,時,分,縣市,區,死,受傷,2-30,天候,光線,道路類別,速限,道路型態,事故位置,路面鋪裝,路面狀態,路面缺陷,障礙物,視距,號誌種類,號誌動作,分向設施,快車道或一般車道間,快慢車道間,路面邊線,事故類型及型態,主要肇因,受傷程度,主要傷處,保護裝備,行動電話,當事者區分,車輛用途,當事者行動狀態,駕駛資格情形,駕駛執照種類,飲酒情形,車輛撞擊部位最初,車輛撞擊部位其他,肇事因素個別,肇事因素主要,肇事逃逸,職業,旅次目的,車種,GPS緯度,GPS經度,事故類別
2022,10,28,19,28,臺中市,西屯區,0,0,0,8,,,40,,,,,,,,,,,,,,,44,,,,,C03,,,1,,11,,,44,,1,22,,C03,120.643785,24.178798,3
2022,10,28,19,30,臺中市,南屯區,0,0,0,8,,,50,,,,,,,,,,,,,,,23,,,,,C03,,,1,,1,,,23,,1,22,,C03,120.641501,24.138473,3
2022,10,28,19,35,臺中市,大里區,0,1,0,8,3,5,40,14,12,1,5,4,5,7,4,4,1,5,4,1,18,23,2,9,1,1,C03,7,9,1,9,2,12,,23,23,1,18,8,C03,120.668169,24.097801,2
2022,10,28,19,36,臺中市,沙鹿區,0,0,0,8,,,30,,,,,,,,,,,,,,,5,,,,,C03,,,3,,2,,,5,,1,18,,C03,120.593611,24.218333,3
2022,10,28,19,50,臺中市,東區,0,1,0,8,3,5,50,14,9,1,5,4,5,7,4,4,5,5,5,2,17,21,2,9,1,1,C04,7,15,1,10,8,14,,21,21,1,22,8,C04,120.70261,24.142861,2
2022,10,28,19,52,臺中市,北區,0,0,0,8,,,50,,,,,,,,,,,,,,,6,,,,,C03,,,1,,2,,,6,,1,22,,C03,120.690055,24.156008,3
2022,10,28,19,55,臺中市,大肚區,0,1,0,8,3,5,50,14,9,1,5,4,5,7,4,4,5,4,5,1,13,23,3,10,1,1,B03,7,9,1,8,2,1,,23,23,1,21,8,B03,120.547675,24.143329,2
2022,10,28,19,56,臺中市,北區,0,0,0,8,,,50,,,,,,,,,,,,,,,23,,,,,B02,,,1,,1,,,23,,1,22,,B02,120.682583,24.153366,3
2022,10,28,19,57,臺中市,中區,0,1,0,8,1,5,50,4,1,1,5,4,5,7,1,1,5,5,5,2,16,23,3,10,3,4,B01,7,5,1,4,2,1,,23,23,1,10,8,B01,120.681461,24.139396,2
2022,10,28,19,57,臺中市,太平區,0,0,0,8,,,50,,,,,,,,,,,,,,,16,,,,,B03,,,1,,1,,,16,16,1,5,,B03,120.711557,24.140935,3
2022,10,28,19,58,臺中市,東區,0,1,0,7,3,5,50,5,1,1,5,4,5,7,1,1,10,5,5,2,12,17,3,10,1,1,B03,7,6,1,8,2,2,,17,17,1,22,9,B03,120.694095,24.133193,2
2022,10,28,19,59,臺中市,豐原區,0,0,0,,,,50,,,,,,,,,,,,,,,23,,,,,C03,,,2,,9,,,23,,1,22,,C03,120.716803,24.256549,3
2022,10,28,20,9,臺中市,龍井區,0,1,0,8,3,5,60,4,1,1,5,4,5,7,1,1,3,4,2,1,16,26,3,10,1,1,B03,7,6,1,8,2,5,,26,26,1,5,8,B03,120.573929,24.184309,2
2022,10,28,20,15,臺中市,南區,0,2,0,8,3,5,40,4,1,1,5,4,5,7,2,1,10,5,5,2,12,23,2,1,1,1,C03,7,4,3,18,2,14,,23,23,1,21,8,C03,120.67777,24.129335,2
2022,10,28,20,21,臺中市,南區,0,1,0,8,3,5,50,4,1,1,5,4,5,7,1,1,10,5,5,2,17,6,3,10,1,1,B03,7,6,1,8,2,2,,6,6,1,22,8,B03,120.678537,24.128182,2
2022,10,28,20,33,臺中市,南屯區,0,1,0,8,3,5,50,14,7,1,5,4,5,7,4,4,5,5,4,2,27,66,,,,,,,,,,,,,66,66,1,,,,120.630176,24.155486,2
2022,10,28,20,35,臺中市,潭子區,0,0,0,8,,,50,,,,,,,,,,,,,,,43,,,,,,,,,,,,,43,,1,,,,120.703349,24.21087,3
2022,10,28,20,41,臺中市,后里區,0,1,0,8,4,5,50,14,9,1,5,4,5,7,4,4,5,4,5,1,17,43,2,9,1,1,C03,7,9,1,10,2,14,,43,43,1,4,8,C03,120.700638,24.299421,2
2022,10,28,20,42,臺中市,北屯區,0,2,0,8,3,5,50,14,9,1,5,4,5,7,4,4,10,4,5,2,16,10,2,5,1,1,C03,7,11,1,10,2,14,,10,10,1,21,8,C03,120.721171,24.175937,2
2022,10,28,20,50,臺中市,南區,0,1,0,8,3,5,50,4,1,1,5,4,5,7,1,1,10,5,5,2,13,23,2,9,1,1,C03,7,9,1,10,2,11,,23,23,1,22,8,C03,120.653659,24.113755,2
2022,10,28,21,4,臺中市,南區,0,1,0,8,3,5,50,3,2,1,5,4,5,7,4,4,5,4,4,2,17,7,2,9,1,1,C03,7,9,1,10,2,11,,23,7,1,21,8,C03,120.659404,24.12556,2
2022,10,28,21,4,臺中市,西屯區,0,0,0,8,,,50,,,,,,,,,,,,,,,12,,,,,B03,,,1,,2,,,12,,1,22,,B03,120.642323,24.185068,3
2022,10,28,21,4,臺中市,西屯區,0,0,0,8,,,50,,,,,,,,,,,,,,,44,,,,,C03,,,1,,10,,,44,,1,22,,C03,120.655174,24.169048,3
2022,10,28,21,7,臺中市,太平區,0,1,0,8,3,5,50,3,1,1,5,4,5,7,1,1,10,5,5,2,16,7,3,10,1,1,C03,7,8,1,10,2,13,,7,7,1,21,8,C03,120.706675,24.159352,2
2022,10,28,21,24,臺中市,北區,0,1,0,8,3,5,50,3,1,1,5,4,5,7,4,4,5,3,5,2,16,10,3,10,1,1,B03,7,11,1,8,2,4,,10,10,1,22,8,B03,120.680969,24.160836,2
2022,10,28,21,26,臺中市,南屯區,0,0,0,8,3,5,50,4,1,1,5,4,5,7,2,1,10,5,5,2,16,8,3,10,1,1,C03,7,5,1,10,1,14,13,8,8,1,6,1,C03,120.646456,24.12953,3
2022,10,28,21,29,臺中市,南區,0,1,0,8,3,5,50,14,9,1,5,4,5,7,4,4,9,5,5,2,13,16,2,9,1,1,C03,7,9,1,10,2,11,,16,16,1,22,8,C03,120.654322,24.123142,2
2022,10,28,21,32,臺中市,沙鹿區,0,2,0,7,3,5,40,3,2,1,5,4,5,7,4,4,3,3,3,1,17,6,2,9,3,4,B03,7,6,1,8,2,2,,6,6,1,22,8,B03,120.574683,24.228627,2
2022,10,28,21,34,臺中市,東區,0,2,0,8,3,5,50,3,1,1,5,4,5,7,1,1,10,5,5,2,16,6,2,7,1,1,C03,7,6,1,10,2,12,,6,6,1,5,8,C03,120.703442,24.125466,2
2022,10,28,21,38,臺中市,北屯區,0,0,0,8,,,50,,,,,,,,,,,,,,,42,,,,,B03,,,1,,2,,,42,42,1,22,,B03,120.685201,24.179124,3
2022,10,28,22,0,臺中市,東區,0,0,0,8,3,5,1,14,7,1,5,4,5,7,4,4,1,5,5,2,13,23,3,10,1,1,B03,7,9,1,8,2,1,,23,23,1,22,8,B03,120.694456,24.149744,3
2022,10,28,22,20,臺中市,西區,0,0,0,8,,,50,,,,,,,,,,,,,,,19,,,,,B03,,,1,,1,,,19,,1,4,,B03,120.654121,24.150825,3
2022,10,28,22,22,臺中市,東區,0,0,0,,,,50,,,,,,,,,,,,,,,23,,,,,B03,,,1,,2,,,23,,1,22,,B03,120.6944,24.148305,3
2022,10,28,22,23,臺中市,南區,0,1,0,8,3,5,50,3,1,1,5,4,5,7,1,1,10,5,5,2,17,8,3,10,1,1,B03,7,5,1,8,2,5,,8,8,1,22,8,B03,120.685129,24.121819,2
2022,10,28,22,24,臺中市,南區,0,0,0,,,,50,,,,,,,,,,,,,,,23,,,,,B03,,,1,,2,,,23,,1,21,,B03,120.68417,24.122272,3
2022,10,28,22,25,臺中市,南屯區,0,0,0,,,,40,,,,,,,,,,,,,,,23,3,10,1,1,B03,7,3,1,8,2,6,,23,23,1,22,8,B03,120.63786,24.138895,3
2022,10,28,22,26,臺中市,北屯區,0,1,0,8,3,5,50,4,1,1,5,4,5,7,1,1,10,5,5,2,16,1,3,10,1,1,C03,7,4,3,18,9,12,,1,1,2,12,5,C03,120.722543,24.176029,2
2022,10,28,22,43,臺中市,東區,0,0,0,8,3,5,30,13,9,1,5,4,5,7,4,4,10,5,5,2,25,12,3,10,1,1,B03,7,2,1,8,2,6,,12,12,1,5,8,B03,120.702054,24.132457,3
2022,10,28,22,47,臺中市,潭子區,0,0,0,8,,,50,,,,,,,,,,,,,,,12,,,,,B03,,,1,,2,,,12,,1,22,,B03,120.704129,24.201098,3
2022,10,28,23,10,臺中市,后里區,0,1,0,8,3,5,40,14,8,1,5,4,5,7,3,1,1,4,4,1,13,38,3,10,1,1,B12,7,14,1,8,2,3,,38,38,1,21,1,B12,120.67692,24.291425,2
2022,10,28,23,12,臺中市,西屯區,0,1,0,8,3,5,50,14,9,1,5,4,5,7,1,1,5,4,5,2,12,23,3,10,1,1,B03,7,14,1,10,2,6,,44,23,1,22,8,B03,120.644864,24.182043,2
2022,10,28,23,55,臺中市,梧棲區,0,0,0,8,,,50,,,,,,,,,,,,,,,23,,,,,F01,,,8,,8,,,23,,1,20,,F01,120.53724,24.243266,4
2022,10,29,0,0,臺中市,西屯區,0,1,0,8,3,5,50,11,9,1,5,4,5,1,4,4,10,5,5,2,20,23,2,9,1,1,C04,7,9,1,10,2,11,,23,23,1,22,8,C04,120.633237,24.173163,2
2022,10,29,0,2,臺中市,東區,0,2,0,8,3,5,50,3,1,1,5,4,5,7,4,4,10,5,5,2,16,6,3,10,1,1,B03,7,6,1,8,2,8,,6,6,1,22,8,B03,120.686443,24.135916,2
2022,10,29,0,32,臺中市,西屯區,0,2,0,8,3,5,50,14,9,1,5,4,5,7,4,4,1,4,5,2,13,23,2,9,1,1,C03,7,9,1,10,2,11,,23,23,1,22,8,C03,120.661686,24.171572,2
2022,10,29,0,35,臺中市,大里區,0,2,0,8,1,5,50,4,7,1,5,4,5,7,1,1,1,4,5,1,16,7,2,9,1,1,C03,7,7,1,10,2,13,,7,7,1,4,8,C03,120.697738,24.082553,2
2022,10,29,1,0,臺中市,太平區,0,0,0,8,,,50,,,,,,,,,,,,,,,23,,,,,B03,,,2,,1,,,23,,1,21,,B03,120.711573,24.160286,3
2022,10,29,1,37,臺中市,北屯區,0,0,0,8,,,50,,,,,,,,,,,,,,,23,,,,,B03,,,1,,2,,,23,,1,21,,B03,120.685158,24.169286,3
2022,10,29,2,18,臺中市,北屯區,0,1,0,8,3,5,50,4,1,1,5,4,5,7,3,1,10,5,5,2,15,6,3,10,1,1,B12,7,9,1,8,2,8,,6,6,1,21,8,B12,120.683735,24.177688,2
2022,10,29,4,10,臺中市,大雅區,0,1,0,8,3,5,30,4,1,1,5,4,5,7,3,1,10,5,5,2,15,6,3,10,1,1,B03,7,9,1,8,2,5,,6,6,1,21,8,B03,120.636908,24.222287,2
2022,10,29,4,12,臺中市,豐原區,1,0,0,8,1,5,40,14,9,1,5,4,5,7,1,1,4,5,5,2,26,21,1,9,1,1,C03,7,9,1,10,7,11,,21,21,1,21,8,C03,120.750693,24.230891,1
2022,10,29,5,24,臺中市,太平區,0,1,0,8,3,5,50,3,2,1,5,4,5,7,1,1,5,4,5,1,13,23,3,10,1,1,B03,7,9,1,8,2,1,,23,23,1,21,8,B03,120.733183,24.150526,2
2022,10,29,5,50,臺中市,大甲區,0,0,0,8,,,70,,,,,,,,,,,,,,,23,,,,,B03,,,1,,2,,,23,,1,6,,B03,120.648571,24.395145,3
2022,10,29,6,44,臺中市,梧棲區,0,2,0,8,1,5,40,3,2,1,5,4,5,7,4,4,5,5,5,1,16,9,2,9,1,1,C03,7,6,1,10,2,12,,9,9,1,4,8,C03,120.538447,24.248302,2
2022,10,29,6,52,臺中市,清水區,0,1,0,8,2,5,50,3,2,1,5,4,5,7,4,4,5,5,5,2,3,8,3,10,1,1,B03,7,5,1,8,2,4,,8,8,1,21,8,B03,120.574583,24.273295,2
2022,10,29,7,16,臺中市,中區,0,0,0,8,,,50,,,,,,,,,,,,,,,23,,,,,B03,,,3,,2,,,23,,1,22,,B03,120.676916,24.141588,3
2022,10,29,7,19,臺中市,烏日區,0,1,0,8,1,5,50,3,1,1,5,4,5,7,2,1,1,4,4,1,16,8,3,10,1,1,B03,7,5,1,8,2,8,,8,8,1,22,8,B03,120.592978,24.113071,2
2022,10,29,7,30,臺中市,龍井區,0,2,0,8,1,5,40,4,1,1,5,4,5,7,1,1,1,1,1,2,16,42,2,9,1,1,C03,7,9,1,9,2,14,,42,42,1,21,1,C03,120.576945,24.177066,2
2022,10,29,7,30,臺中市,外埔區,0,0,0,8,1,5,50,14,13,1,5,4,5,7,4,4,5,5,5,1,12,17,,,,,B12,,,1,,2,,,17,,1,9,,B12,120.656125,24.338435,3
2022,10,29,7,35,臺中市,清水區,0,0,0,8,1,5,50,14,8,1,5,4,5,7,4,4,1,4,4,2,17,23,3,10,1,1,B03,7,9,1,8,2,1,,23,23,1,5,8,B03,120.571668,24.260925,3
2022,10,29,7,43,臺中市,大甲區,0,1,0,8,1,5,70,3,1,1,5,4,5,7,1,1,10,5,5,2,16,6,3,10,1,1,B03,7,6,1,8,2,2,,6,6,1,4,1,B03,120.651008,24.388233,2
2022,10,29,7,45,臺中市,南屯區,0,0,0,8,,,50,,,,,,,,,,,,,,,26,,,,,B03,,,1,,2,,,26,,1,4,,B03,120.638989,24.139441,3
2022,10,29,7,45,臺中市,北屯區,0,1,0,8,1,5,40,4,1,1,5,4,5,7,2,1,10,5,5,2,13,16,2,9,1,1,C03,7,9,1,10,2,11,,16,16,1,22,8,C03,120.667421,24.179838,2
2022,10,29,7,47,臺中市,潭子區,0,0,0,8,,,50,,,,,,,,,,,,,,,23,,,,,B03,,,1,,2,,,23,,1,22,,B03,120.685213,24.209844,3
2022,10,29,7,54,臺中市,北區,0,0,0,,,,50,,,,,,,,,,,,,,,12,,,,,B03,,,1,,1,,,12,,1,5,,B03,120.668703,24.166983,3
2022,10,29,7,55,臺中市,新社區,0,1,0,8,1,5,50,14,9,1,5,4,5,7,4,4,5,5,5,1,11,26,3,10,1,1,A12,7,9,1,6,2,4,,26,26,1,10,8,A12,120.792318,24.268578,2
2022,10,29,8,0,臺中市,烏日區,0,0,0,8,,,30,,,,,,,,,,,,,,,23,,,,,B03,,,1,,2,,,23,,1,21,,B03,120.647422,24.100769,3
2022,10,29,8,2,臺中市,霧峰區,0,0,0,8,,,30,,,,,,,,,,,,,,,12,,,,,B12,,,1,,2,,,12,,1,22,,B12,120.684026,24.035623,3
2022,10,29,8,4,臺中市,沙鹿區,0,2,0,8,1,5,50,14,9,1,5,4,5,7,4,4,10,5,5,2,17,19,2,9,1,1,C03,7,1,1,10,2,11,,19,19,1,18,2,C03,120.582387,24.224328,2
2022,10,29,8,6,臺中市,烏日區,0,2,0,8,1,5,50,3,2,1,5,4,5,7,4,4,5,4,5,1,12,7,2,9,1,1,C03,7,7,4,8,2,14,12,7,7,1,21,8,C03,120.642122,24.068107,2
2022,10,29,8,8,臺中市,豐原區,0,0,0,8,,,50,,,,,,,,,,,,,,,16,,,,,B12,,,1,,2,,,16,,1,4,,B12,120.744308,24.270236,3
2022,10,29,8,10,臺中市,西屯區,0,1,0,8,1,5,50,4,1,1,5,4,5,7,1,1,10,5,5,2,15,25,3,10,3,4,B01,7,9,1,8,2,1,,25,25,1,22,8,B01,120.623161,24.175735,2
2022,10,29,8,13,臺中市,大里區,0,0,0,8,,,50,,,,,,,,,,,,,,,12,,,,,B03,,,1,,2,,,12,,1,5,,B03,120.676955,24.100521,3
2022,10,29,8,16,臺中市,北屯區,0,0,0,8,,,30,,,,,,,,,,,,,,,23,,,,,B03,,,6,,1,,,23,,1,5,,B03,120.698846,24.175905,3
2022,10,29,8,22,臺中市,神岡區,0,0,0,8,,,50,,,,,,,,,,,,,,,9,,,,,B03,,,1,,1,,,9,,1,22,,B03,120.663669,24.258353,3
2022,10,29,8,41,臺中市,東勢區,0,1,0,8,1,5,30,3,1,1,5,4,5,7,4,4,1,4,5,2,17,6,3,10,1,1,B03,7,6,1,8,2,8,,6,6,1,21,8,B03,120.828949,24.249838,2
2022,10,29,8,42,臺中市,霧峰區,0,0,0,8,,,80,,,,,,,,,,,,,,,16,,,,,B03,,,1,,2,,,16,16,1,22,,B03,120.68979,24.063875,3
2022,10,29,8,46,臺中市,西區,0,0,0,8,1,5,50,4,2,1,5,4,5,7,1,1,3,4,5,2,13,23,,,,,B03,,,1,,2,,,23,,1,22,,B03,120.657262,24.140026,3
2022,10,29,8,50,臺中市,北區,0,1,0,8,1,5,50,4,1,1,5,4,5,7,1,1,10,5,5,2,17,12,3,10,1,1,C03,7,2,1,10,2,13,,12,12,1,22,9,C03,120.668079,24.161613,2
2022,10,29,8,51,臺中市,東區,0,1,0,8,1,5,50,3,1,1,5,4,5,7,4,4,10,5,5,2,13,23,3,10,3,4,B03,7,6,1,8,11,1,,23,23,1,5,8,B03,120.658916,24.117265,2
2022,10,29,8,59,臺中市,烏日區,0,0,0,8,1,5,50,14,7,1,5,4,5,7,3,1,9,3,4,1,13,23,,,,,C03,,,1,,2,,,23,,1,22,,C03,120.628024,24.10563,3
2022,10,29,9,2,臺中市,南屯區,0,0,0,8,,,40,,,,,,,,,,,,,,,23,,,,,B12,,,1,,1,,,23,,1,22,,B12,120.623336,24.149777,3
2022,10,29,9,5,臺中市,大里區,0,0,0,8,,,30,,,,,,,,,,,,,,,12,,,,,A11,,,1,,2,,,12,,1,21,,A11,120.70485,24.088983,3
2022,10,29,9,10,臺中市,大肚區,0,0,0,8,,,40,,,,,,,,,,,,,,,23,,,,,B03,,,1,,2,,,23,,1,4,,B03,120.563014,24.124396,3
2022,10,29,9,18,臺中市,南屯區,0,0,0,8,,,1,,,,,,,,,,,,,,,19,,,,,B03,,,1,,1,,,19,,1,4,,B03,120.638623,24.134759,3
2022,10,29,9,20,臺中市,南區,0,2,0,8,1,5,50,3,1,1,5,4,5,7,2,1,5,4,4,2,12,6,2,8,1,1,C03,7,5,1,10,11,14,,6,6,1,21,8,C03,120.665713,24.113921,2
2022,10,29,9,21,臺中市,北區,0,1,0,8,1,5,40,4,1,1,5,4,5,7,1,1,10,5,5,2,16,19,3,10,3,4,B03,7,1,1,8,2,4,,19,19,1,5,8,B03,120.69432,24.156811,2
2022,10,29,9,25,臺中市,烏日區,0,1,0,8,1,5,50,3,1,1,5,4,5,7,4,4,5,5,4,2,16,26,3,10,1,1,B03,7,5,1,8,2,5,,26,26,1,21,8,B03,120.60728,24.110265,2
2022,10,29,9,34,臺中市,中區,0,1,0,8,1,5,50,4,1,1,5,4,5,7,4,4,10,5,5,2,1,15,3,10,1,1,B03,7,5,1,8,2,1,,15,15,1,22,9,B03,120.677133,24.144552,2
2022,10,29,9,38,臺中市,大里區,0,1,0,8,1,5,50,4,1,1,5,4,5,7,1,1,10,5,5,2,17,23,3,10,3,4,C03,7,9,1,10,2,13,,23,23,1,21,5,C03,120.697117,24.08437,2
2022,10,29,9,40,臺中市,北屯區,0,0,0,8,,,50,,,,,,,,,,,,,,,23,,,,,B03,,,1,,9,,,23,23,1,5,,B03,120.691719,24.163026,3
2022,10,29,9,41,臺中市,西屯區,0,0,0,8,,,30,,,,,,,,,,,,,,,23,,,,,B03,,,1,,1,,,23,,1,22,,B03,120.64658,24.199135,3
2022,10,29,9,45,臺中市,烏日區,0,2,0,8,1,5,50,3,1,1,5,4,5,7,4,4,9,4,4,1,16,6,3,10,1,1,B03,7,5,1,8,2,1,,6,6,1,22,8,B03,120.628383,24.102474,2
2022,10,29,9,50,臺中市,南屯區,0,0,0,,,,50,,,,,,,,,,,,,,,6,,,,,B03,,,1,,2,,,6,,1,4,,B03,120.628305,24.140206,3
2022,10,29,9,55,臺中市,東區,0,1,0,8,1,5,50,4,1,1,5,4,5,7,2,1,5,5,5,2,16,10,3,10,1,1,B03,7,11,1,8,2,5,,10,10,1,21,8,B03,120.700817,24.135152,2
2022,10,29,9,57,臺中市,豐原區,0,2,0,8,1,5,50,4,1,1,5,4,5,7,1,1,10,5,5,2,15,25,2,9,1,1,C03,7,9,1,10,2,11,,25,25,1,22,8,C03,120.717591,24.258297,2
2022,10,29,9,59,臺中市,新社區,0,1,0,8,1,5,40,3,1,1,5,4,5,7,4,4,10,5,5,2,13,16,2,9,1,1,C01,7,9,1,9,2,11,,16,16,1,5,8,C01,120.88987,24.116062,2
2022,10,29,10,0,臺中市,西屯區,0,0,0,8,,,30,,,,,,,,,,,,,,,23,,,,,B03,,,1,,1,,,23,,1,22,,B03,120.642735,24.18534,3
2022,10,29,10,3,臺中市,豐原區,0,0,0,8,,,30,,,,,,,,,,,,,,,26,,,,,C03,,,1,,2,,,26,,1,4,,C03,120.715744,24.249536,3
2022,10,29,10,7,臺中市,梧棲區,0,0,0,8,,,30,,,,,,,,,,,,,,,23,,,,,B03,,,1,,1,,,23,,1,11,,B03,120.52323,24.248192,3
2022,10,29,10,9,臺中市,烏日區,0,0,0,8,,,50,,,,,,,,,,,,,,,43,,,,,,,,,,,,,43,,1,,,,120.60534,24.108055,3
2022,10,29,10,12,臺中市,外埔區,0,2,0,8,1,5,50,4,9,1,5,4,5,7,1,1,1,3,5,2,13,23,2,9,1,1,C03,7,9,1,10,2,11,,23,23,1,4,8,C03,120.648577,24.325033,2
2022,10,29,10,15,臺中市,大雅區,0,1,0,8,1,5,50,14,9,1,5,4,5,7,4,4,10,4,5,1,16,6,3,10,1,1,B03,7,5,1,8,2,5,,6,6,1,22,9,B03,120.648785,24.216022,2
2022,10,29,10,16,臺中市,新社區,0,0,0,8,,,50,,,,,,,,,,,,,,,42,,,,,A42,,,1,,2,,,42,,1,10,,A42,120.803311,24.222186,3
2022,10,29,10,18,臺中市,西屯區,0,0,0,8,,,30,,,,,,,,,,,,,,,12,,,,,B03,,,1,,1,,,12,,1,22,,B03,120.605422,24.186633,3
2022,10,29,10,22,臺中市,大甲區,0,0,0,8,,,30,,,,,,,,,,,,,,,23,,,,,B03,,,1,,1,,,23,,1,4,,B03,120.608068,24.324598,3
2022,10,29,10,30,臺中市,太平區,0,1,0,8,1,5,50,14,9,1,5,4,5,7,4,4,5,5,5,2,13,23,3,10,1,1,B03,7,9,1,8,2,1,,23,23,1,21,8,B03,120.714207,24.125122,2
2022,10,29,10,34,臺中市,南屯區,0,1,0,8,1,5,50,4,1,1,5,4,5,7,1,1,3,4,5,2,12,6,3,10,3,4,B03,7,6,1,8,2,5,,6,6,1,22,8,B03,120.640738,24.14415,2
2022,10,29,10,35,臺中市,豐原區,0,1,0,8,1,5,50,14,9,1,5,4,5,7,4,4,1,4,5,2,17,44,3,10,1,1,C03,7,9,1,10,2,15,,44,44,1,22,8,C03,120.707541,24.2501,2
2022,10,29,10,38,臺中市,大里區,0,0,0,8,,,40,,,,,,,,,,,,,,,26,,,,,B03,,,1,,2,,,26,,1,5,,B03,120.691253,24.099733,3
2022,10,29,10,42,臺中市,大里區,0,0,0,8,,,30,,,,,,,,,,,,,,,12,,,,,B03,,,1,,2,,,12,,1,22,,B03,120.692135,24.123421,3
2022,10,29,10,43,臺中市,豐原區,0,0,0,8,,,50,,,,,,,,,,,,,,,26,,,,,B03,,,1,,2,,,26,,1,20,,B03,120.712744,24.264422,3
2022,10,29,10,49,臺中市,北屯區,0,2,0,8,1,5,50,4,1,1,5,4,5,7,1,1,10,5,5,2,13,16,2,9,1,1,B03,7,9,1,8,2,1,,16,16,1,22,8,B03,120.717768,24.18012,2
2022,10,29,10,50,臺中市,南屯區,0,0,0,8,,,50,,,,,,,,,,,,,,,17,,,,,A11,,,1,,1,,,17,,1,20,,A11,120.622285,24.150155,3
2022,10,29,10,52,臺中市,南屯區,0,0,0,8,,,50,,,,,,,,,,,,,,,19,,,,,B03,,,1,,2,,,19,19,1,5,,B03,120.64975,24.155611,3
2022,10,29,10,58,臺中市,南區,0,1,0,8,1,5,50,4,1,1,5,4,5,7,2,1,10,5,5,2,16,6,3,10,3,4,B02,7,6,1,8,2,2,,6,6,1,5,8,B02,120.689195,24.141263,2
2022,10,29,10,58,臺中市,南屯區,0,0,0,8,,,1,,,,,,,,,,,,,,,12,,,,,B03,,,1,,1,,,12,,1,4,,B03,120.639265,24.153923,3
2022,10,29,11,5,臺中市,太平區,0,0,0,8,,,50,,,,,,,,,,,,,,,19,,,,,C03,,,1,,2,,,19,,1,21,,C03,120.735089,24.134207,3
2022,10,29,11,6,臺中市,潭子區,0,1,0,8,1,5,40,3,1,1,5,4,5,7,4,4,10,5,5,2,17,14,3,10,1,1,B01,7,5,1,4,2,15,,6,14,1,22,8,B01,120.693725,24.223353,2
2022,10,29,11,8,臺中市,南屯區,0,0,0,8,,,50,,,,,,,,,,,,,,,12,,,,,B03,,,1,,2,,,12,,1,22,,B03,120.650575,24.142472,3
2022,10,29,11,15,臺中市,梧棲區,0,2,0,8,1,5,50,4,1,1,5,4,5,7,4,4,10,5,5,2,12,23,2,9,1,1,C03,7,9,1,10,2,14,,23,23,1,8,8,C03,120.54393,24.260026,2
2022,10,29,11,20,臺中市,大甲區,0,1,0,8,1,5,50,4,1,1,5,4,5,7,4,4,10,5,5,2,15,6,2,9,1,1,C03,7,9,1,10,2,12,,6,6,1,21,8,C03,120.620853,24.346261,2
2022,10,29,11,22,臺中市,霧峰區,0,0,0,8,,,50,,,,,,,,,,,,,,,23,,,,,B03,,,1,,2,,,23,,1,22,,B03,120.676606,24.064303,3
2022,10,29,11,25,臺中市,龍井區,0,1,0,8,1,5,40,14,8,1,5,4,5,7,4,4,1,3,1,2,17,23,2,8,1,1,C03,7,9,1,10,2,11,,23,23,1,21,8,C03,120.57605,24.184835,2
2022,10,29,11,25,臺中市,東勢區,0,1,0,8,1,5,50,4,1,1,5,4,5,7,3,1,10,5,5,2,15,6,2,9,1,1,C03,7,9,1,10,2,11,,6,6,1,22,8,C03,120.826365,24.25662,2
2022,10,29,11,26,臺中市,北屯區,0,1,0,8,1,5,50,4,1,1,5,4,5,7,2,1,10,5,5,2,16,6,3,10,1,1,B03,7,6,1,8,2,5,,6,6,1,5,8,B03,120.686268,24.198031,2
2022,10,29,11,27,臺中市,潭子區,0,0,0,8,,,50,,,,,,,,,,,,,,,23,,,,,B12,,,1,,2,,,23,,1,22,,B12,120.70515,24.215575,4
2022,10,29,11,28,臺中市,太平區,0,2,0,8,1,5,50,4,1,1,5,4,5,7,1,1,10,5,5,2,16,8,2,9,1,1,C03,7,5,1,10,2,11,,8,8,1,3,8,C03,120.713671,24.12515,2
2022,10,29,11,29,臺中市,北屯區,0,0,0,8,,,50,,,,,,,,,,,,,,,23,,,,,B12,,,1,,1,,,23,,1,5,,B12,120.724111,24.15985,3
2022,10,29,11,30,臺中市,北區,0,2,0,8,1,5,50,3,1,1,5,4,5,7,4,4,10,5,5,2,17,17,3,10,1,1,B03,7,9,1,8,2,4,,17,17,1,22,9,B03,120.68229,24.158347,2
2022,10,29,11,33,臺中市,北區,0,0,0,8,,,50,,,,,,,,,,,,,,,7,,,,,B03,,,1,,2,,,7,7,1,22,,B03,120.677348,24.16526,3
2022,10,29,11,34,臺中市,西區,0,1,0,8,1,5,50,3,1,1,5,4,5,7,4,4,10,5,5,2,16,6,3,10,1,1,B03,7,5,1,8,2,5,,6,6,1,21,8,B03,120.658831,24.139615,2