年,月,日,時,分,縣市,區,死,受傷,2-30,天候,光線,道路類別,速限,道路型態,事故位置,路面鋪裝,路面狀態,路面缺陷,障礙物,視距,號誌種類,號誌動作,分向設施,快車道或一般車道間,快慢車道間,路面邊線,事故類型及型態,主要肇因,受傷程度,主要傷處,保護裝備,行動電話,當事者區分,車輛用途,當事者行動狀態,駕駛資格情形,駕駛執照種類,飲酒情形,車輛撞擊部位最初,車輛撞擊部位其他,肇事因素個別,肇事因素主要,肇事逃逸,職業,旅次目的,車種,GPS緯度,GPS經度,事故類別
2022,10,29,11,34,臺中市,南區,0,0,0,8,1,5,50,14,9,1,5,4,5,7,4,4,9,4,5,2,14,12,3,10,1,1,B03,7,2,1,8,2,7,,12,12,1,21,8,B03,120.67561,24.127123,3
2022,10,29,11,35,臺中市,沙鹿區,0,1,0,8,1,5,50,4,9,1,5,4,5,7,1,1,4,3,1,1,12,8,2,8,1,1,C03,7,5,1,10,2,14,,8,8,1,22,8,C03,120.56822,24.238058,2
2022,10,29,11,40,臺中市,北屯區,0,0,0,8,,,50,,,,,,,,,,,,,,,8,,,,,C03,,,1,,1,,,8,,1,22,,C03,120.720849,24.169899,3
2022,10,29,11,44,臺中市,西區,0,0,0,8,1,5,50,4,2,1,5,4,5,7,1,1,5,5,5,2,9,42,,,,,C03,,,8,,1,,,42,42,1,22,,C03,120.664161,24.13927,3
2022,10,29,11,46,臺中市,潭子區,0,0,0,8,,,30,,,,,,,,,,,,,,,23,,,,,B12,,,1,,2,,,23,,1,22,,B12,120.694411,24.223181,3
2022,10,29,11,46,臺中市,北屯區,0,0,0,8,,,40,,,,,,,,,,,,,,,23,,,,,B03,,,1,8,1,,,23,23,1,21,,B03,120.72108,24.173676,3
2022,10,29,11,47,臺中市,南屯區,0,1,0,8,1,5,50,3,1,1,5,4,5,7,1,1,5,5,5,1,16,6,2,9,1,1,C03,7,5,2,18,2,11,,6,6,1,16,8,C03,120.583295,24.141356,2
2022,10,29,11,49,臺中市,北屯區,0,0,0,8,,,50,,,,,,,,,,,,,,,23,,,,,B03,,,1,,1,,,23,,1,5,,B03,120.686186,24.192861,3
2022,10,29,11,49,臺中市,后里區,0,0,0,8,1,5,50,3,2,1,5,4,5,7,4,4,5,5,5,1,12,17,,,,,C03,,,1,,1,,,17,,1,21,,C03,120.722969,24.308897,3
2022,10,29,11,50,臺中市,北屯區,0,1,0,8,1,5,50,3,1,1,5,4,5,7,4,4,10,4,4,2,17,6,2,9,1,1,C03,7,5,1,10,2,12,11,6,6,1,5,8,C03,120.701725,24.186508,2
2022,10,29,11,50,臺中市,豐原區,0,1,0,8,1,5,30,4,1,1,5,4,5,7,4,4,8,3,4,1,16,23,3,10,1,1,B03,7,5,1,8,2,5,,23,23,1,22,5,B03,120.745495,24.263388,2
2022,10,29,11,52,臺中市,清水區,0,0,0,8,,,50,,,,,,,,,,,,,,,17,,,,,B11,,,1,,2,,,17,,1,21,,B11,120.574345,24.266405,3
2022,10,29,11,53,臺中市,潭子區,0,0,0,8,,,60,,,,,,,,,,,,,,,6,,,,,B03,,,1,,2,,,6,,1,22,,B03,120.702203,24.191618,3
2022,10,29,11,55,臺中市,北屯區,0,0,0,8,,,50,,,,,,,,,,,,,,,23,,,,,B03,,,1,,1,,,23,,1,5,,B03,120.683723,24.174001,3
2022,10,29,12,0,臺中市,西屯區,0,1,0,8,1,5,30,4,1,1,5,4,5,7,4,4,10,5,5,2,15,6,3,10,3,4,B03,7,9,1,8,2,8,,6,6,1,22,8,B03,120.635426,24.186679,2
2022,10,29,12,0,臺中市,大肚區,0,0,0,8,,,30,,,,,,,,,,,,,,,12,,,,,B03,,,1,,2,,,12,,1,4,,B03,120.57543,24.125189,3
2022,10,29,12,5,臺中市,西區,0,0,0,8,,,50,,,,,,,,,,,,,,,7,,,,,B03,,,1,,2,,,7,,1,21,,B03,120.670492,24.153412,3
2022,10,29,12,10,臺中市,龍井區,0,1,0,8,1,5,50,14,9,1,5,4,5,7,4,4,9,5,5,1,11,1,2,9,3,4,C03,7,4,1,10,2,11,,1,1,1,18,9,C03,120.548225,24.200926,2
2022,10,29,12,13,臺中市,豐原區,0,2,0,8,1,5,50,4,1,1,5,4,5,7,1,1,10,5,5,2,17,43,2,9,1,1,C03,7,9,1,10,2,11,,43,43,1,22,8,C03,120.720235,24.264005,2
2022,10,29,12,16,臺中市,太平區,0,0,0,8,,,50,,,,,,,,,,,,,,,19,,,,,B03,,,1,,1,,,19,,1,21,,B03,120.704692,24.153027,3
2022,10,29,12,18,臺中市,南屯區,0,1,0,8,1,5,30,3,1,1,5,4,5,7,4,4,10,5,5,2,16,6,3,10,1,1,B03,7,5,1,8,2,4,,6,6,1,5,8,B03,120.621068,24.145311,2
2022,10,29,12,22,臺中市,龍井區,0,0,0,8,,,30,,,,,,,,,,,,,,,26,,,,,C03,,,1,,2,,,26,,1,18,,C03,120.592891,24.18277,3
2022,10,29,12,22,臺中市,大肚區,0,2,0,8,1,5,70,14,7,1,5,3,5,7,4,4,1,4,4,1,12,7,2,9,1,1,C03,7,7,1,10,2,14,,7,7,1,19,8,C03,120.554002,24.133471,2
2022,10,29,12,23,臺中市,潭子區,0,2,0,8,1,5,50,3,1,1,5,4,5,7,3,1,10,5,5,2,17,19,2,9,1,1,C03,7,1,1,10,2,14,,19,19,1,22,8,C03,120.696378,24.19542,2
2022,10,29,12,28,臺中市,清水區,0,1,0,8,1,5,50,14,9,1,5,4,5,7,1,1,1,2,4,1,16,8,2,9,1,1,C03,7,5,1,10,2,12,,8,8,1,5,8,C03,120.554005,24.260559,2
2022,10,29,12,30,臺中市,南屯區,0,0,0,8,,,50,,,,,,,,,,,,,,,12,,,,,B03,,,1,,1,,,12,,1,22,,B03,120.610313,24.134538,3
2022,10,29,12,35,臺中市,烏日區,0,0,0,8,,,50,,,,,,,,,,,,,,,7,,,,,B03,,,1,,2,,,7,,1,21,,B03,120.618824,24.113865,3
2022,10,29,12,38,臺中市,大里區,0,2,0,8,1,5,50,14,9,1,5,4,5,7,4,4,9,4,5,1,13,23,2,9,1,1,C03,7,9,1,9,2,11,,23,23,1,5,8,C03,120.675238,24.096515,2
2022,10,29,12,39,臺中市,大雅區,0,1,0,8,1,5,50,14,9,1,5,4,5,7,4,4,1,4,5,1,17,23,2,9,1,1,C03,7,9,1,10,2,11,,23,23,1,22,9,C03,120.647298,24.220834,2
2022,10,29,12,41,臺中市,北屯區,0,1,0,8,1,5,50,3,1,1,5,4,3,7,1,1,10,5,5,2,12,1,2,8,3,4,C03,7,4,1,10,2,14,12,1,1,1,21,8,C03,120.708157,24.170287,2
2022,10,29,12,42,臺中市,龍井區,0,0,0,8,,,30,,,,,,,,,,,,,,,23,,,,,B03,,,1,,2,,,23,,1,21,,B03,120.592765,24.181581,3
2022,10,29,12,50,臺中市,和平區,0,0,0,,,,50,,,,,,,,,,,,,,,23,,,,,C03,,,1,,2,,,23,23,1,22,,C03,120.999247,24.19771,3
2022,10,29,12,51,臺中市,烏日區,0,0,0,8,,,40,,,,,,,,,,,,,,,23,,,,,B03,,,1,,2,,,23,,1,10,,B03,120.596264,24.107334,3
2022,10,29,12,54,臺中市,東區,0,0,0,,,,50,,,,,,,,,,,,,,,23,,,,,B03,,,1,,2,,,23,,1,5,,B03,120.696465,24.142511,3
2022,10,29,12,58,臺中市,大雅區,0,0,0,8,,,50,,,,,,,,,,,,,,,23,,,,,B03,,,1,,2,,,23,,1,22,,B03,120.63622,24.23445,3
2022,10,29,13,0,臺中市,東勢區,0,0,0,,,,30,,,,,,,,,,,,,,,5,,,,,B03,,,1,,2,,,5,,1,5,,B03,120.762235,24.319474,3
2022,10,29,13,1,臺中市,北屯區,0,1,0,8,1,5,50,4,1,1,5,4,5,7,4,4,10,5,5,2,16,6,3,10,1,1,B03,7,6,1,8,2,5,,6,6,1,5,8,B03,120.664903,24.193098,2
2022,10,29,13,5,臺中市,北屯區,0,0,0,8,,,40,,,,,,,,,,,,,,,23,,,,,B03,,,1,,2,,,23,,1,5,,B03,120.667098,24.180143,3
2022,10,29,13,7,臺中市,北區,0,0,0,8,,,50,,,,,,,,,,,,,,,17,,,,,B03,,,1,,2,,,17,,1,22,,B03,120.680261,24.160306,3
2022,10,29,13,18,臺中市,北區,0,1,0,8,1,5,50,4,1,1,5,4,5,7,2,1,10,5,5,2,17,23,3,10,1,1,B12,7,9,1,8,2,5,,23,23,1,22,9,B12,120.677215,24.152841,2
2022,10,29,13,25,臺中市,西區,0,0,0,8,,,50,,,,,,,,,,,,,,,23,,,,,B03,,,1,,1,,,23,,1,21,,B03,120.662609,24.155678,4
2022,10,29,13,30,臺中市,后里區,0,0,0,,,,30,,,,,,,,,,,,,,,12,,,,,B03,,,1,,2,,,12,,1,21,,B03,120.703491,24.29324,3
2022,10,29,13,34,臺中市,沙鹿區,0,1,0,8,1,5,50,3,1,1,5,4,5,7,1,1,10,5,5,2,17,42,3,10,1,1,B03,7,3,1,8,2,1,,42,42,1,21,8,B03,120.615128,24.244076,2
2022,10,29,13,37,臺中市,豐原區,0,0,0,8,,,50,,,,,,,,,,,,,,,17,,,,,C03,,,1,,9,,,17,,1,22,,C03,120.718876,24.249628,3
2022,10,29,13,39,臺中市,中區,0,1,0,8,1,5,50,14,9,1,5,4,5,7,4,4,9,4,5,2,24,61,,,,,,,,,,,,,61,61,1,,,,120.681692,24.139033,2
2022,10,29,13,41,臺中市,南屯區,0,1,0,8,1,5,50,4,1,1,5,4,5,7,2,1,3,4,4,2,16,9,3,10,1,4,B03,7,6,1,8,2,5,,9,9,1,22,8,B03,120.628758,24.151307,2
2022,10,29,13,46,臺中市,東區,0,1,0,8,1,5,40,15,9,1,5,4,5,7,2,1,10,5,5,2,3,23,3,10,3,4,C03,7,9,1,10,2,11,,23,23,1,5,8,C03,120.672363,24.122391,2
2022,10,29,13,48,臺中市,東區,0,0,0,8,1,5,50,4,2,1,5,4,5,7,2,1,5,2,5,2,16,9,3,10,1,1,B03,7,6,1,8,2,5,,9,9,1,21,8,B03,120.68295,24.134424,3
2022,10,29,13,48,臺中市,神岡區,0,1,0,8,1,5,30,3,1,1,5,4,5,7,3,1,9,5,5,1,16,6,3,10,1,1,B03,7,6,1,8,2,7,,6,6,1,22,8,B03,120.677065,24.265431,2
2022,10,29,13,51,臺中市,新社區,0,0,0,8,,,30,,,,,,,,,,,,,,,6,,,,,B12,,,6,,2,,,6,,1,21,,B12,120.798206,24.203376,3
2022,10,29,13,53,臺中市,清水區,0,0,0,8,,,90,,,,,,,,,,,,,,,23,,,,,A11,,,1,,2,,,23,,1,21,,A11,120.553015,24.296798,3
2022,10,29,13,56,臺中市,清水區,0,0,0,8,,,50,,,,,,,,,,,,,,,6,,,,,B01,,,1,,2,,,6,,1,21,,B01,120.543606,24.267455,3
2022,10,29,13,59,臺中市,西屯區,0,0,0,8,,,40,,,,,,,,,,,,,,,23,,,,,B03,,,1,,1,,,23,,1,22,,B03,120.63892,24.16443,3
2022,10,29,14,0,臺中市,北區,0,1,0,8,1,5,50,3,1,1,5,4,5,7,1,1,5,4,5,2,17,7,3,10,1,1,C03,7,7,1,10,2,14,,7,7,1,22,8,C03,120.68718,24.148919,2
2022,10,29,14,0,臺中市,北區,0,1,0,8,1,5,50,14,9,1,5,4,5,7,4,4,5,5,5,2,13,23,3,10,1,1,C03,7,9,2,18,11,11,,23,23,1,21,8,C03,120.686508,24.14889,2
2022,10,29,14,5,臺中市,西屯區,0,2,0,8,1,5,40,14,8,1,5,4,5,7,4,4,1,3,1,2,18,42,2,9,1,1,C03,7,7,1,10,2,14,,42,42,1,22,8,C03,120.641076,24.167898,2
2022,10,29,14,7,臺中市,梧棲區,0,0,0,8,,,40,,,,,,,,,,,,,,,12,,,,,B03,,,1,,2,,,12,,1,5,,B03,120.529552,24.253054,3
2022,10,29,14,14,臺中市,南屯區,0,1,0,8,1,5,50,14,9,1,5,4,5,7,4,4,5,4,5,2,17,23,2,9,1,1,C03,7,9,1,10,2,11,14,23,23,1,5,8,C03,120.633239,24.145985,2
2022,10,29,14,15,臺中市,南屯區,0,0,0,8,,,40,,,,,,,,,,,,,,,12,,,,,B03,,,1,8,1,,,12,12,1,12,,B03,120.623189,24.140547,3
2022,10,29,14,15,臺中市,新社區,0,1,0,8,1,5,40,11,9,1,5,4,5,7,4,4,5,5,5,1,16,23,3,10,1,1,B12,7,6,1,8,2,2,,6,23,1,7,8,B12,120.88978,24.11607,2
2022,10,29,14,22,臺中市,烏日區,0,0,0,8,1,5,50,3,1,1,5,4,5,7,2,1,1,2,4,1,16,25,,,,,B01,,,1,,2,,,23,25,1,4,,B01,120.618724,24.115942,3
2022,10,29,14,24,臺中市,后里區,0,1,0,8,1,5,30,14,9,1,5,4,5,7,4,4,5,5,5,2,16,19,2,9,1,1,C03,7,1,1,10,2,11,,19,19,1,4,8,C03,120.706929,24.305909,2
2022,10,29,14,27,臺中市,南區,0,1,0,8,1,5,40,14,8,1,5,4,5,7,4,4,5,5,4,2,16,23,2,9,1,1,C03,7,9,1,10,2,12,,23,23,1,22,8,C03,120.679294,24.123747,2
2022,10,29,14,29,臺中市,南屯區,0,0,0,8,,,50,,,,,,,,,,,,,,,23,,,,,A12,,,1,,2,,,23,,1,22,,A12,120.653164,24.141536,3
2022,10,29,14,35,臺中市,太平區,0,0,0,8,,,50,,,,,,,,,,,,,,,26,,,,,B12,,,1,,2,,,26,,1,10,,B12,120.722525,24.142371,3
2022,10,29,14,46,臺中市,北屯區,0,0,0,8,,,50,,,,,,,,,,,,,,,23,,,,,B03,,,1,,1,,,23,,1,5,,B03,120.702033,24.181605,3
2022,10,29,14,51,臺中市,北區,0,2,0,8,1,5,50,5,1,1,5,4,5,7,1,1,10,5,5,2,12,6,2,9,1,1,C03,7,5,1,10,2,14,,6,6,1,22,8,C03,120.683437,24.15371,2
2022,10,29,14,54,臺中市,豐原區,0,0,0,8,,,50,,,,,,,,,,,,,,,7,,,,,B03,,,1,,2,,,7,7,1,22,,B03,120.72607,24.246553,3
2022,10,29,14,56,臺中市,東區,0,0,0,8,1,5,50,4,9,1,5,4,5,7,1,1,5,5,5,2,16,6,3,10,1,1,B12,7,5,1,7,2,6,,6,6,1,21,8,B12,120.7012,24.14271,3
2022,10,29,14,57,臺中市,南區,0,1,0,8,1,5,50,3,2,1,5,4,5,7,4,4,1,4,4,2,17,7,3,10,1,1,C03,7,8,1,10,2,15,,7,7,1,21,8,C03,120.662684,24.120423,2
2022,10,29,15,0,臺中市,大甲區,0,1,0,8,1,5,50,4,1,1,5,4,5,7,1,1,10,5,5,2,17,23,3,10,1,1,B03,7,9,1,7,2,5,,23,23,1,4,8,B03,120.624921,24.352202,2
2022,10,29,15,5,臺中市,北屯區,0,0,0,8,,,50,,,,,,,,,,,,,,,16,,,,,B03,,,1,,2,,,16,,1,21,,B03,120.693234,24.163116,3
2022,10,29,15,6,臺中市,南屯區,0,0,0,8,,,50,,,,,,,,,,,,,,,19,,,,,C03,,,1,,1,,,19,,1,22,,C03,120.651696,24.135971,3
2022,10,29,15,8,臺中市,太平區,0,1,0,8,1,5,50,14,9,1,5,4,5,7,4,4,5,4,5,2,17,40,3,10,1,1,B02,7,13,1,8,2,7,,40,40,1,21,8,B02,120.720521,24.14036,2
2022,10,29,15,12,臺中市,東區,0,1,0,8,1,5,50,3,1,1,5,4,5,7,4,4,10,5,5,2,16,23,2,9,1,1,C03,7,9,1,8,2,12,,23,23,1,21,8,C03,120.696411,24.125416,2
2022,10,29,15,18,臺中市,烏日區,0,1,0,8,1,5,50,3,1,1,5,4,5,7,2,1,10,5,5,2,16,42,3,10,1,1,B12,7,11,1,8,2,8,,42,42,1,5,8,B12,120.61882,24.116033,2
2022,10,29,15,19,臺中市,大里區,0,2,0,8,1,5,50,4,2,1,5,4,5,7,4,4,5,5,4,1,16,26,2,9,1,1,C03,7,1,1,10,2,12,,26,26,1,22,9,C03,120.68496,24.110378,2
2022,10,29,15,20,臺中市,大甲區,0,1,0,8,1,5,50,4,1,1,5,4,5,7,1,1,10,5,5,2,16,6,3,10,1,1,B03,7,5,1,8,2,8,,6,6,1,4,8,B03,120.627806,24.346613,2
2022,10,29,15,25,臺中市,大里區,0,0,0,8,,,60,,,,,,,,,,,,,,,7,,,,,A11,,,1,,2,,,7,,1,10,,A11,120.67573,24.085821,3
2022,10,29,15,30,臺中市,東區,0,1,0,8,1,5,50,14,9,1,5,4,5,7,4,4,9,5,5,2,17,19,3,10,1,1,B03,7,1,1,8,2,5,,19,19,1,21,8,B03,120.688452,24.144387,2
2022,10,29,15,33,臺中市,北區,0,1,0,8,1,5,50,4,9,1,5,4,3,7,1,1,1,4,5,2,13,16,2,8,1,1,C03,7,9,1,10,2,11,,16,16,1,21,8,C03,120.667667,24.164835,2
2022,10,29,15,37,臺中市,北屯區,0,1,0,8,1,5,50,14,8,1,5,4,5,7,4,4,1,2,4,2,16,7,3,10,1,1,B03,7,8,1,8,2,2,,7,7,1,21,8,B03,120.685574,24.174895,2
2022,10,29,15,37,臺中市,大里區,0,2,0,8,1,5,30,3,1,1,5,4,5,7,4,4,10,5,5,2,16,23,2,9,1,1,C03,7,9,1,10,2,11,,23,23,1,3,8,C03,120.702523,24.081307,2
2022,10,29,15,38,臺中市,豐原區,0,0,0,8,,,50,,,,,,,,,,,,,,,26,,,,,B03,,,1,,2,,,26,,1,22,,B03,120.720253,24.255939,3
2022,10,29,15,41,臺中市,烏日區,0,1,0,8,1,5,50,4,1,1,5,4,5,7,4,4,9,5,5,1,16,8,2,9,1,1,C03,7,5,1,10,2,14,,8,8,1,22,8,C03,120.639872,24.105236,2
2022,10,29,15,45,臺中市,豐原區,0,0,0,8,,,50,,,,,,,,,,,,,,,12,,,,,B03,,,1,,2,,,12,,1,22,,B03,120.722715,24.244281,3
2022,10,29,16,0,臺中市,潭子區,0,0,0,8,,,40,,,,,,,,,,,,,,,12,,,,,B03,,,1,,2,,,12,,1,22,,B03,120.707526,24.20427,3
2022,10,29,16,0,臺中市,大甲區,0,0,0,,,,40,,,,,,,,,,,,,,,6,,,,,A04,,,1,,2,,,6,6,1,10,,A04,120.62064,24.350589,3
2022,10,29,16,6,臺中市,西區,0,1,0,8,1,5,50,4,2,1,5,4,5,7,1,1,5,4,5,2,17,23,3,10,3,4,C03,7,15,1,10,2,12,,23,23,1,21,8,C03,120.671236,24.145493,2
2022,10,29,16,7,臺中市,西屯區,0,1,0,8,1,5,50,4,1,1,5,4,5,7,4,4,10,5,5,2,17,6,3,10,1,4,B03,7,5,1,8,2,2,,6,6,1,22,8,B03,120.646543,24.171315,2
2022,10,29,16,10,臺中市,霧峰區,0,2,0,8,1,5,50,4,1,1,5,4,5,7,1,1,10,5,5,2,16,6,2,9,1,1,C03,7,5,1,10,2,11,,6,6,1,18,8,C03,120.709285,24.080698,2
2022,10,29,16,12,臺中市,南區,0,0,0,8,,,50,,,,,,,,,,,,,,,19,,,,,B03,,,1,,2,,,19,,1,22,,B03,120.680456,24.134054,3
2022,10,29,16,15,臺中市,東區,0,0,0,8,1,5,50,5,1,1,5,4,5,7,1,1,10,5,5,2,12,7,3,10,1,1,B03,7,7,1,8,2,8,,7,7,1,5,8,B03,120.697807,24.146444,3
2022,10,29,16,19,臺中市,大里區,0,1,0,8,2,5,50,14,9,1,5,4,5,7,4,4,3,5,5,2,16,23,2,9,1,1,C03,7,6,4,8,2,14,,23,23,1,3,8,C03,120.687433,24.086936,2
2022,10,29,16,20,臺中市,北屯區,0,1,0,8,1,5,50,4,2,1,5,4,5,7,1,1,5,4,5,2,16,6,3,10,1,1,B03,7,6,1,8,2,2,,6,6,1,22,8,B03,120.719144,24.174939,2
2022,10,29,16,23,臺中市,太平區,0,0,0,8,,,50,,,,,,,,,,,,,,,23,,,,,C03,,,1,,2,,,23,,1,3,,C03,120.732814,24.141917,3
2022,10,29,16,30,臺中市,和平區,0,0,0,8,1,2,30,12,0.9,1,4,4,5,7,4,4,10,5,5,2,1,1,,,,,C01,,,1,,1,,,1,,1,4,,C01,121.31782,24.346736,3
2022,10,29,16,35,臺中市,大甲區,0,1,0,8,1,5,50,4,1,1,5,4,5,7,1,1,10,5,5,2,12,6,3,10,1,1,B03,7,6,1,8,2,2,,6,6,1,4,6,B03,120.622694,24.342405,2
2022,10,29,16,38,臺中市,北區,0,0,0,8,,,50,,,,,,,,,,,,,,,23,,,,,B02,,,1,,2,,,23,,1,22,,B02,120.676899,24.155965,3
2022,10,29,16,40,臺中市,西屯區,0,0,0,8,,,50,,,,,,,,,,,,,,,2,,,,,A05,,,1,,1,,,2,2,1,22,,A05,120.656653,24.200316,3
2022,10,29,16,44,臺中市,北區,0,0,0,,,,,,,,,,,,,,,,,,,67,,,,,,,,,,,,,67,,1,,,,120.684198,24.167194,3
2022,10,29,16,45,臺中市,北區,0,1,0,8,1,5,50,14,9,1,5,4,5,7,4,4,5,4,5,2,17,23,2,8,1,1,C03,7,9,1,10,11,15,,23,23,1,22,8,C03,120.684503,24.152957,2
2022,10,29,16,46,臺中市,大甲區,0,1,0,8,1,5,50,5,1,1,5,4,5,7,4,4,10,5,5,2,17,6,2,9,1,1,C03,7,5,1,10,2,13,,6,6,1,5,8,C03,120.618137,24.351445,2
2022,10,29,16,50,臺中市,大雅區,0,3,0,8,1,5,50,14,12,1,5,4,5,7,4,4,1,4,4,1,13,23,2,9,1,1,C03,7,9,1,10,2,11,,23,23,1,22,9,C03,120.646279,24.223719,2
2022,10,29,16,50,臺中市,大甲區,0,1,0,8,1,5,50,3,1,1,5,4,5,7,4,4,10,5,5,2,16,6,2,9,1,1,C03,7,5,2,18,2,12,,6,6,1,16,8,C03,120.632621,24.345921,2
2022,10,29,16,53,臺中市,大里區,0,0,0,8,,,50,,,,,,,,,,,,,,,12,,,,,B03,,,1,,2,,,12,,1,5,,B03,120.676328,24.112856,3
2022,10,29,16,53,臺中市,梧棲區,0,1,0,8,1,5,50,14,9,1,5,4,5,7,4,4,5,5,5,1,16,6,3,10,1,1,B03,7,5,1,8,2,2,,6,6,1,2,8,B03,120.53706,24.241308,2
2022,10,29,16,54,臺中市,北區,0,0,0,8,,,50,,,,,,,,,,,,,,,7,,,,,C03,,,1,,1,,,7,7,1,22,,C03,120.685687,24.146367,3
2022,10,29,16,54,臺中市,南屯區,0,0,0,8,,,50,,,,,,,,,,,,,,,23,,,,,B03,,,2,18,2,,,23,23,1,12,,B03,120.636009,24.152771,3
2022,10,29,16,56,臺中市,大里區,0,1,0,8,1,5,40,14,8,1,5,4,5,7,4,4,5,5,4,2,13,23,2,8,1,1,C03,7,9,1,10,2,11,,23,23,1,22,9,C03,120.680848,24.115187,2
2022,10,29,17,0,臺中市,西區,0,0,0,,,,50,,,,,,,,,,,,,,,23,,,,,B03,,,1,,1,,,23,,1,5,,B03,120.671432,24.134586,3
2022,10,29,17,0,臺中市,大肚區,0,2,0,8,1,5,30,14,9,1,5,4,5,7,4,4,10,5,5,2,16,23,2,9,1,1,C03,7,9,1,10,2,14,,43,23,1,21,8,C03,120.580493,24.170839,2
2022,10,29,17,3,臺中市,東區,0,1,0,8,2,5,50,4,1,1,5,4,5,7,4,4,10,5,5,2,15,6,2,9,1,1,C03,7,9,1,10,2,12,,6,6,1,21,8,C03,120.684283,24.125195,2
2022,10,29,17,4,臺中市,大里區,0,0,0,8,,,50,,,,,,,,,,,,,,,4,,,,,F03,,,8,,2,,,4,,1,3,,F03,120.694418,24.095431,3
2022,10,29,17,5,臺中市,大里區,0,0,0,8,,,50,,,,,,,,,,,,,,,23,,,,,B03,,,1,,1,,,23,,1,4,,B03,120.683585,24.113106,3
2022,10,29,17,15,臺中市,大里區,0,0,0,8,,,30,,,,,,,,,,,,,,,23,,,,,C03,,,1,,2,,,23,,1,5,,C03,120.699681,24.123153,3
2022,10,29,17,22,臺中市,北區,0,2,0,8,2,5,50,3,1,1,5,4,5,7,4,4,10,5,5,2,16,6,2,9,1,1,C03,7,5,1,10,2,12,,6,6,1,22,8,C03,120.676057,24.172894,2
2022,10,29,17,25,臺中市,大雅區,0,1,0,8,2,5,50,14,9,1,5,4,5,7,4,4,5,5,5,1,16,10,3,10,1,1,C03,7,11,1,10,2,13,,10,10,1,22,9,C03,120.641222,24.219315,2
2022,10,29,17,25,臺中市,清水區,0,1,0,8,2,5,50,3,1,1,5,4,5,7,3,3,10,5,5,2,16,26,3,10,1,1,B03,7,5,1,8,2,2,,26,26,1,20,5,B03,120.603069,24.310148,2
2022,10,29,17,28,臺中市,南屯區,0,0,0,8,,,50,,,,,,,,,,,,,,,42,,,,,B03,,,1,,1,,,42,,1,22,,B03,120.640048,24.141794,3
2022,10,29,17,31,臺中市,東區,0,0,0,8,,,50,,,,,,,,,,,,,,,7,,,,,C03,,,1,,2,,,7,,1,22,,C03,120.687162,24.136079,3
2022,10,29,17,34,臺中市,北屯區,0,2,0,8,1,5,30,4,1,1,5,4,5,7,4,4,5,5,5,2,15,6,2,9,1,1,C03,7,9,1,10,2,11,,6,6,1,22,8,C03,120.66209,24.19126,2
2022,10,29,17,35,臺中市,大里區,0,0,0,8,3,5,30,14,9,1,5,4,5,7,4,4,10,5,5,2,16,23,,,,,B03,,,3,,6,,,23,,1,7,,B03,120.690601,24.087216,3
2022,10,29,17,40,臺中市,南區,0,1,0,8,3,5,50,4,1,1,5,4,5,7,1,1,10,5,5,2,16,6,3,10,1,1,B03,7,6,1,8,2,5,,6,6,1,5,8,B03,120.666824,24.119158,2
2022,10,29,17,45,臺中市,西屯區,0,1,0,8,3,5,50,14,9,1,5,4,5,7,4,4,1,4,5,2,12,6,3,10,1,1,B03,7,6,1,8,2,5,,6,6,1,22,8,B03,120.644851,24.170995,2
2022,10,29,17,48,臺中市,東區,0,2,0,8,3,5,40,4,1,1,5,4,5,7,4,4,10,5,5,2,13,13,2,9,1,1,C01,7,9,4,10,2,11,,13,13,1,21,8,C01,120.699526,24.144976,2
2022,10,29,17,50,臺中市,北屯區,0,0,0,8,,,50,,,,,,,,,,,,,,,42,,,,,B03,,,1,,1,,,42,,1,21,,B03,120.722099,24.181936,3
2022,10,29,17,54,臺中市,東區,0,2,0,8,3,5,50,15,22,1,5,4,5,7,3,1,10,5,5,2,17,1,2,9,1,1,C03,7,4,1,10,2,11,,1,1,1,21,8,C03,120.698067,24.137269,2
2022,10,29,17,54,臺中市,豐原區,0,0,0,8,,,50,,,,,,,,,,,,,,,42,,,,,B03,,,1,,2,,,42,42,1,21,,B03,120.709808,24.244606,3
2022,10,29,17,55,臺中市,潭子區,0,1,0,8,3,5,30,11,9,1,5,4,5,7,4,4,10,5,5,1,20,23,2,9,1,1,C03,7,9,1,10,2,14,,23,23,1,22,8,C03,120.711768,24.193014,2
2022,10,29,17,57,臺中市,東勢區,0,0,0,8,,,50,,,,,,,,,,,,,,,12,,,,,B12,,,1,,2,,,12,12,1,7,,B12,120.83011,24.25568,3
2022,10,29,18,7,臺中市,北屯區,0,0,0,8,,,50,,,,,,,,,,,,,,,7,,,,,B12,,,1,,1,,,7,26,1,21,,B12,120.720717,24.167984,3
2022,10,29,18,8,臺中市,東區,0,0,0,8,,,80,,,,,,,,,,,,,,,23,,,,,B03,,,1,,1,,,23,,1,22,,B03,120.707689,24.132471,3