年,月,日,時,分,縣市,區,死,受傷,2-30,天候,光線,道路類別,速限,道路型態,事故位置,路面鋪裝,路面狀態,路面缺陷,障礙物,視距,號誌種類,號誌動作,分向設施,快車道或一般車道間,快慢車道間,路面邊線,事故類型及型態,主要肇因,受傷程度,主要傷處,保護裝備,行動電話,當事者區分,車輛用途,當事者行動狀態,駕駛資格情形,駕駛執照種類,飲酒情形,車輛撞擊部位最初,車輛撞擊部位其他,肇事因素個別,肇事因素主要,肇事逃逸,職業,旅次目的,車種,GPS緯度,GPS經度,事故類別
2022,10,30,19,33,臺中市,潭子區,0,0,0,8,,,50,,,,,,,,,,,,,,,12,,,,,B03,,,1,,2,,,12,,1,22,,B03,120.709596,24.204757,3
2022,10,30,19,38,臺中市,大雅區,0,0,0,8,,,50,,,,,,,,,,,,,,,23,,,,,C03,,,1,,2,,,23,,1,22,,C03,120.644375,24.227213,3
2022,10,30,19,42,臺中市,西屯區,0,1,0,8,1,5,50,5,4,1,5,4,5,7,1,1,5,4,5,2,13,23,3,10,1,1,B03,7,1,1,8,2,5,,23,23,1,22,8,B03,120.643513,24.165549,2
2022,10,30,19,43,臺中市,龍井區,0,1,0,8,3,5,70,5,20,1,5,4,5,7,1,1,1,4,4,1,26,23,2,9,1,1,B12,7,9,1,8,2,1,,23,23,1,12,8,B12,120.534832,24.193782,2
2022,10,30,19,45,臺中市,大里區,0,0,0,8,,,30,,,,,,,,,,,,,,,12,,,,,B03,,,1,,1,,,12,,1,5,,B03,120.700347,24.123355,3
2022,10,30,19,47,臺中市,東區,0,0,0,,,,50,,,,,,,,,,,,,,,23,,,,,B12,,,1,,2,,,23,,1,5,,B12,120.704111,24.12663,3
2022,10,30,19,50,臺中市,大里區,0,0,0,8,,,50,,,,,,,,,,,,,,,7,,,,,B03,,,1,,2,,,7,,1,12,,B03,120.699976,24.093992,3
2022,10,30,20,12,臺中市,大甲區,0,0,0,8,,,70,,,,,,,,,,,,,,,23,,,,,B03,,,1,,2,,,23,,1,22,,B03,120.614192,24.333289,3
2022,10,30,20,18,臺中市,西屯區,0,0,0,8,,,1,,,,,,,,,,,,,,,52,,,,,H01,,,8,,10,,,52,,1,22,,H01,120.613169,24.190236,3
2022,10,30,20,18,臺中市,西屯區,0,2,0,8,3,5,50,3,1,1,5,4,5,7,2,1,10,5,5,2,17,26,2,8,1,1,C03,7,9,1,10,1,14,,26,26,1,21,8,C03,120.638763,24.165153,2
2022,10,30,20,20,臺中市,烏日區,0,2,0,8,3,5,50,3,2,1,5,4,5,7,2,1,1,4,1,1,23,23,3,10,1,1,B03,7,11,1,8,2,8,,23,23,1,5,8,B03,120.613,24.115715,2
2022,10,30,20,24,臺中市,西屯區,0,0,0,8,,,30,,,,,,,,,,,,,,,23,,,,,C03,,,1,,1,,,23,,1,22,,C03,120.647971,24.182879,3
2022,10,30,20,30,臺中市,太平區,0,0,0,8,,,50,,,,,,,,,,,,,,,42,,,,,C03,,,1,,9,,,42,,1,9,,C03,120.721374,24.13388,3
2022,10,30,20,32,臺中市,西屯區,0,1,0,8,3,5,50,3,2,1,5,4,5,7,4,4,10,4,5,2,13,16,2,9,1,1,C03,7,9,1,10,1,11,12,16,16,1,18,8,C03,120.646658,24.15488,2
2022,10,30,20,52,臺中市,西區,0,3,0,8,3,5,50,14,7,1,5,4,5,7,4,4,5,4,4,2,16,10,2,9,1,1,C03,7,11,1,10,2,14,,10,10,1,20,8,C03,120.661435,24.152273,2
2022,10,30,20,56,臺中市,大甲區,0,1,0,8,3,5,50,4,1,1,5,4,5,7,1,1,10,5,5,2,16,8,3,10,1,1,B03,7,5,1,8,2,1,,8,6,1,22,9,B03,120.622694,24.342405,2
2022,10,30,20,57,臺中市,南屯區,0,2,0,8,3,5,50,4,1,1,5,4,5,7,4,4,10,5,5,2,16,23,2,9,3,4,C03,7,9,1,10,2,12,,23,23,1,12,8,C03,120.637875,24.139116,2
2022,10,30,20,57,臺中市,北屯區,0,0,0,8,,,40,,,,,,,,,,,,,,,23,,,,,B03,,,1,,2,,,23,,1,21,,B03,120.719075,24.163064,3
2022,10,30,21,0,臺中市,神岡區,0,0,0,8,,,50,,,,,,,,,,,,,,,7,,,,,B03,,,1,,2,,,7,,1,22,,B03,120.699124,24.235565,3
2022,10,30,21,2,臺中市,北區,0,1,0,8,3,5,50,4,1,1,5,4,5,7,1,1,10,5,5,2,3,23,3,10,1,1,B02,7,5,1,8,2,8,,23,23,1,22,8,B02,120.666318,24.159226,2
2022,10,30,21,14,臺中市,豐原區,0,1,0,8,3,5,50,4,2,1,5,4,5,7,1,1,5,5,4,2,11,42,3,10,1,1,B12,7,9,1,5,2,3,,42,42,1,21,8,B12,120.716477,24.248463,2
2022,10,30,21,18,臺中市,西屯區,0,0,0,8,,,40,,,,,,,,,,,,,,,23,,,,,C03,,,1,,1,,,23,23,1,22,,C03,120.633347,24.174497,3
2022,10,30,21,23,臺中市,北區,0,0,0,8,,,30,,,,,,,,,,,,,,,44,,,,,C03,,,1,,11,,,44,,1,22,,C03,120.683448,24.147128,3
2022,10,30,21,24,臺中市,北屯區,0,2,0,8,3,5,50,4,1,1,5,4,5,7,1,1,10,5,5,2,12,26,2,9,1,1,C03,7,9,1,10,2,14,,26,26,1,21,8,C03,120.685725,24.172016,2
2022,10,30,21,25,臺中市,北區,0,1,0,8,3,5,60,4,1,1,5,4,5,7,1,1,1,4,1,2,16,26,3,10,1,1,B03,7,6,1,8,2,2,,26,26,1,21,8,B03,120.665635,24.153947,2
2022,10,30,21,26,臺中市,北區,0,1,0,8,3,5,50,14,9,1,5,4,5,7,4,4,9,5,5,2,17,23,2,9,1,1,C03,7,9,1,10,2,15,,23,23,1,22,8,C03,120.687532,24.152154,2
2022,10,30,21,30,臺中市,烏日區,0,0,0,8,,,30,,,,,,,,,,,,,,,26,,,,,B01,,,1,,2,,,26,,1,10,,B01,120.61531,24.110748,3
2022,10,30,21,30,臺中市,東勢區,0,0,0,8,,,60,,,,,,,,,,,,,,,23,,,,,B03,,,1,,2,,,23,,1,22,,B03,120.832246,24.246487,3
2022,10,30,21,32,臺中市,烏日區,0,0,0,8,3,5,50,3,2,1,5,4,5,7,2,1,5,5,4,2,29,17,3,10,3,4,B02,7,9,1,10,2,2,,17,17,1,21,9,B02,120.607036,24.125307,3
2022,10,30,21,41,臺中市,西屯區,0,0,0,8,,,50,,,,,,,,,,,,,,,23,,,,,B12,,,1,,1,,,23,,1,21,,B12,120.655906,24.199508,3
2022,10,30,21,45,臺中市,豐原區,0,1,0,8,3,5,60,14,13,1,5,4,5,7,4,4,1,4,4,1,17,22,2,3,1,1,B03,7,9,1,8,2,1,,22,22,1,22,8,B03,120.704369,24.254404,2
2022,10,30,21,46,臺中市,西屯區,0,0,0,8,,,30,,,,,,,,,,,,,,,12,,,,,B03,,,1,,1,,,12,,1,22,,B03,120.648422,24.182949,3
2022,10,30,21,50,臺中市,西屯區,0,1,0,8,3,5,50,4,1,1,5,4,5,7,1,1,1,5,1,2,13,16,2,9,1,1,C03,7,9,1,10,2,11,,16,16,1,22,8,C03,120.633357,24.174547,2
2022,10,30,21,51,臺中市,南區,0,2,0,8,3,5,50,4,1,1,5,4,5,7,2,1,10,5,5,2,15,25,3,10,1,1,B01,7,9,1,4,2,8,4,25,25,1,21,8,B01,120.662687,24.126984,2
2022,10,30,21,57,臺中市,霧峰區,0,0,0,8,,,50,,,,,,,,,,,,,,,42,,,,,B03,,,1,,2,,,42,,1,12,,B03,120.699385,24.076283,3
2022,10,30,22,2,臺中市,西屯區,0,0,0,8,,,30,,,,,,,,,,,,,,,23,,,,,B03,,,1,,1,,,23,,1,22,,B03,120.64796,24.182871,3
2022,10,30,22,7,臺中市,西屯區,0,0,0,8,,,50,,,,,,,,,,,,,,,26,,,,,B03,,,1,,2,,,26,,1,21,,B03,120.644781,24.162883,3
2022,10,30,22,10,臺中市,西區,0,0,0,8,,,30,,,,,,,,,,,,,,,19,,,,,B03,,,3,,9,,,19,,1,4,,B03,120.655423,24.148963,3
2022,10,30,22,24,臺中市,東區,0,1,0,8,3,5,50,14,9,1,5,4,5,7,4,4,5,4,5,2,13,23,2,8,1,1,C03,7,9,1,10,2,11,,23,23,1,22,8,C03,120.688504,24.135898,2
2022,10,30,22,25,臺中市,西屯區,0,0,0,8,,,50,,,,,,,,,,,,,,,6,,,,,B03,,,1,,1,,,6,,1,22,,B03,120.637493,24.170552,3
2022,10,30,22,27,臺中市,南屯區,0,1,0,8,3,5,50,4,2,1,5,4,5,7,4,4,1,4,4,2,13,23,2,7,3,4,C03,7,9,1,10,2,11,,23,23,1,22,9,C03,120.650405,24.150862,2
2022,10,30,22,30,臺中市,西區,0,1,0,8,3,5,50,4,1,1,5,4,5,7,2,1,10,5,5,2,12,26,2,9,1,1,C03,7,5,1,10,2,13,,26,26,1,9,9,C03,120.667101,24.132158,2
2022,10,30,22,45,臺中市,南區,0,1,0,8,3,5,40,14,8,1,5,4,5,7,4,4,1,4,4,2,12,23,2,8,1,1,F03,7,9,8,20,2,16,,23,23,1,16,8,F03,120.679502,24.118,2
2022,10,30,22,50,臺中市,中區,0,0,0,8,,,50,,,,,,,,,,,,,,,12,,,,,C03,,,1,,9,,,44,12,1,5,,C03,120.676847,24.145294,3
2022,10,30,23,0,臺中市,北區,0,2,0,8,3,5,50,3,1,1,5,4,5,7,4,4,5,5,5,2,16,6,2,8,1,1,C03,7,5,1,10,2,12,,6,6,1,5,5,C03,120.677665,24.157865,2
2022,10,30,23,7,臺中市,北屯區,0,0,0,8,,,40,,,,,,,,,,,,,,,18,,,,,B02,,,1,,2,,,18,,1,22,,B02,120.722728,24.162213,3
2022,10,30,23,23,臺中市,北屯區,0,0,0,8,,,50,,,,,,,,,,,,,,,23,,,,,B03,,,2,,2,,,23,,1,21,,B03,120.686558,24.193083,3
2022,10,31,0,21,臺中市,西屯區,0,1,0,8,3,5,50,3,1,1,5,4,5,7,4,4,10,5,5,2,16,10,3,10,3,4,B03,7,11,1,8,2,8,,10,10,1,22,8,B03,120.644555,24.174173,2
2022,10,31,1,7,臺中市,北屯區,0,0,0,8,,,40,,,,,,,,,,,,,,,42,,,,,C03,,,1,,2,,,42,,1,21,,C03,120.69883,24.17274,3
2022,10,31,2,36,臺中市,龍井區,0,1,0,8,3,5,40,4,8,1,5,2,5,7,2,1,1,4,4,1,18,23,2,9,1,1,C03,7,9,1,10,2,12,,23,23,1,22,1,C03,120.585748,24.18628,2
2022,10,31,3,35,臺中市,南屯區,0,0,0,,,,40,,,,,,,,,,,,,,,12,,,,,B03,,,1,,1,,,12,,1,22,,B03,120.622999,24.148218,3
2022,10,31,4,25,臺中市,北區,0,0,0,8,3,5,50,4,7,1,5,4,5,7,1,1,1,4,4,2,13,23,3,10,1,1,B03,7,9,4,10,6,1,,23,23,1,5,5,B03,120.675114,24.149293,3
2022,10,31,5,3,臺中市,中區,0,1,0,8,3,5,30,4,1,1,5,4,5,7,4,4,10,5,5,2,15,6,3,10,1,1,B03,7,9,1,8,2,5,,6,6,1,4,8,B03,120.679751,24.147071,2
2022,10,31,5,9,臺中市,西屯區,0,1,0,8,3,5,50,14,7,1,5,4,5,7,4,4,9,5,4,2,12,23,3,10,1,1,B03,7,9,1,8,2,5,,23,23,1,22,8,B03,120.657098,24.162183,2
2022,10,31,6,0,臺中市,神岡區,0,1,0,8,1,5,50,4,2,1,5,4,5,7,1,1,5,4,4,2,17,23,2,9,1,1,C03,7,9,1,10,9,11,,23,23,2,12,8,C03,120.687074,24.246997,2
2022,10,31,6,14,臺中市,霧峰區,0,2,0,8,1,5,50,4,1,1,5,4,5,7,1,1,5,4,4,2,15,25,2,9,1,1,C03,7,9,6,10,2,14,,25,25,1,22,9,C03,120.693352,24.058805,2
2022,10,31,6,23,臺中市,烏日區,0,0,0,8,1,5,50,4,2,1,5,4,5,7,4,4,5,5,5,1,12,1,3,10,3,4,B12,7,4,1,8,2,6,,1,1,1,21,9,B12,120.638716,24.105628,3
2022,10,31,6,39,臺中市,烏日區,0,2,0,8,1,5,50,14,9,1,5,4,5,7,4,4,5,5,5,1,16,8,2,9,1,4,C03,7,5,6,10,2,11,,8,8,1,21,9,C03,120.61844,24.104533,2
2022,10,31,6,56,臺中市,豐原區,0,1,0,8,1,5,50,4,7,1,5,4,5,7,1,1,1,4,4,1,13,23,2,7,1,1,C03,7,6,7,19,2,11,,23,23,1,21,8,C03,120.71162,24.239411,2
2022,10,31,7,10,臺中市,南區,0,0,0,8,,,40,,,,,,,,,,,,,,,12,,,,,B03,,,1,7,9,,,12,12,1,21,,B03,120.656861,24.115934,3
2022,10,31,7,12,臺中市,潭子區,0,0,0,8,,,50,,,,,,,,,,,,,,,23,,,,,C03,,,1,,2,,,23,,1,22,,C03,120.708649,24.231206,3
2022,10,31,7,20,臺中市,潭子區,0,2,0,8,1,5,50,14,9,1,5,4,5,7,4,4,10,5,5,1,17,16,2,9,1,1,C03,7,9,1,10,2,11,,16,16,1,22,8,C03,120.693573,24.218805,2
2022,10,31,7,20,臺中市,大雅區,0,0,0,8,,,50,,,,,,,,,,,,,,,19,,,,,B03,,,1,,2,,,19,,1,22,,B03,120.642797,24.228779,3
2022,10,31,7,24,臺中市,石岡區,0,0,0,8,,,70,,,,,,,,,,,,,,,7,,,,,B03,,,1,,2,,,7,7,1,21,,B03,120.775794,24.274043,3
2022,10,31,7,25,臺中市,北區,0,3,0,8,1,5,50,4,1,1,5,4,5,7,4,4,5,5,5,2,16,6,2,9,1,1,C03,7,9,1,10,2,11,,6,6,1,21,8,C03,120.665559,24.163972,2
2022,10,31,7,25,臺中市,豐原區,0,2,0,8,1,5,50,14,9,1,5,4,5,7,1,1,1,4,5,1,17,23,2,9,1,1,C03,7,9,1,10,2,14,,23,23,1,21,8,C03,120.729061,24.256641,2
2022,10,31,7,30,臺中市,大雅區,0,0,0,8,,,50,,,,,,,,,,,,,,,12,,,,,A11,,,1,,2,,,12,,1,22,,A11,120.634672,24.233474,3
2022,10,31,7,30,臺中市,西區,0,0,0,8,1,5,50,14,9,1,5,4,5,7,1,1,5,5,5,2,14,12,,,,,B03,,,1,,9,,,12,,1,21,,B03,120.657718,24.150868,3
2022,10,31,7,30,臺中市,龍井區,0,1,0,8,1,5,40,4,1,1,5,4,5,7,2,1,10,5,5,2,16,25,2,9,3,4,C03,7,9,1,10,2,11,,25,25,1,9,1,C03,120.522018,24.216749,2
2022,10,31,7,31,臺中市,大里區,0,2,0,8,1,5,50,4,1,1,5,4,5,7,1,1,10,5,5,2,13,23,2,8,1,1,C03,7,9,1,10,2,11,,23,23,1,22,8,C03,120.691682,24.074011,2
2022,10,31,7,31,臺中市,梧棲區,0,1,0,8,1,5,70,5,2,1,5,4,5,7,1,1,1,4,4,1,29,67,,,,,,,,,,,,,67,67,1,,,,120.549578,24.238451,2
2022,10,31,7,37,臺中市,龍井區,0,0,0,8,,,50,,,,,,,,,,,,,,,23,,,,,C03,,,1,,1,,,23,,1,22,,C03,120.590367,24.180978,3
2022,10,31,7,40,臺中市,烏日區,0,1,0,8,1,5,50,14,9,1,5,4,5,7,4,4,4,4,5,1,12,17,2,9,1,1,C03,7,9,1,10,2,14,,17,17,1,21,8,C03,120.624937,24.10671,2
2022,10,31,7,46,臺中市,西區,0,0,0,7,3,5,50,14,9,1,5,4,5,7,4,4,10,5,5,2,12,23,,,,,B03,,,1,,1,,,23,,1,10,,B03,120.661866,24.16253,3
2022,10,31,7,49,臺中市,南屯區,0,0,0,,,,50,,,,,,,,,,,,,,,23,,,,,B03,,,1,,1,,,23,,1,22,,B03,120.611417,24.140303,3
2022,10,31,7,50,臺中市,北屯區,0,0,0,8,,,50,,,,,,,,,,,,,,,23,,,,,B03,,,1,,10,,,23,,1,21,,B03,120.696613,24.160968,3
2022,10,31,7,52,臺中市,烏日區,0,1,0,8,1,5,50,7,9,1,5,4,5,7,4,4,5,5,5,2,12,42,3,10,1,1,C03,7,15,1,10,2,13,,42,42,1,21,8,C03,120.62562,24.10968,2
2022,10,31,7,53,臺中市,北屯區,0,0,0,8,,,50,,,,,,,,,,,,,,,23,,,,,B03,,,1,,1,,,23,,1,21,,B03,120.723462,24.165481,3
2022,10,31,7,53,臺中市,清水區,0,1,0,8,1,5,40,14,8,1,5,4,5,7,4,4,8,3,5,1,16,7,3,10,1,1,B03,7,8,1,8,2,6,,7,7,1,21,8,B03,120.582403,24.282203,2
2022,10,31,7,55,臺中市,大肚區,0,1,0,8,1,5,50,14,9,1,5,4,5,7,4,4,5,5,5,1,17,19,3,10,3,4,B03,7,1,1,8,2,1,,19,19,1,22,9,B03,120.575162,24.161209,2
2022,10,31,7,57,臺中市,大雅區,0,0,0,8,,,50,,,,,,,,,,,,,,,67,,,,,,,,,,,,,67,,1,,,,120.663821,24.234428,3
2022,10,31,7,57,臺中市,大里區,0,0,0,8,,,50,,,,,,,,,,,,,,,12,,,,,A12,,,1,,2,,,12,,1,22,,A12,120.69069,24.077418,3
2022,10,31,7,57,臺中市,沙鹿區,0,1,0,8,1,5,50,15,9,1,5,4,5,7,1,1,1,4,5,2,12,23,2,9,1,1,C03,7,9,3,18,2,11,,23,23,1,4,8,C03,120.60045,24.25637,2
2022,10,31,7,58,臺中市,南區,0,2,0,7,1,5,30,4,1,1,5,4,5,7,4,4,10,5,5,2,15,6,2,7,3,4,C03,7,9,1,10,2,11,,6,6,1,5,8,C03,120.692185,24.129838,2
2022,10,31,7,58,臺中市,霧峰區,0,1,0,7,1,5,50,14,9,1,5,4,5,7,4,4,5,5,5,1,17,19,2,9,3,4,C03,7,1,1,10,2,11,,19,19,1,22,8,C03,120.678188,24.06471,2
2022,10,31,8,0,臺中市,太平區,0,0,0,6,,,30,,,,,,,,,,,,,,,12,,,,,B03,,,1,,9,,,12,,1,4,,B03,120.72011,24.149343,3
2022,10,31,8,7,臺中市,清水區,0,0,0,8,,,60,,,,,,,,,,,,,,,23,,,,,B03,,,1,,2,,,23,,1,5,,B03,120.561381,24.272235,3
2022,10,31,8,10,臺中市,大雅區,0,0,0,8,,,50,,,,,,,,,,,,,,,23,,,,,B03,,,1,,2,,,23,23,2,22,,B03,120.64703,24.222137,3
2022,10,31,8,11,臺中市,大里區,0,0,0,8,,,50,,,,,,,,,,,,,,,17,,,,,A04,,,1,,2,,,17,,1,10,,A04,120.696621,24.111224,3
2022,10,31,8,13,臺中市,大里區,0,0,0,8,,,50,,,,,,,,,,,,,,,16,,,,,B12,,,1,,2,,,16,,1,22,,B12,120.676622,24.086155,3
2022,10,31,8,15,臺中市,南屯區,0,2,0,8,1,5,50,3,2,1,5,4,5,7,4,4,5,2,4,2,16,27,2,8,1,1,C03,7,5,1,10,2,14,,27,27,1,22,8,C03,120.647391,24.138905,2
2022,10,31,8,18,臺中市,北屯區,0,1,0,6,1,5,50,4,2,1,4,4,5,7,2,1,1,4,5,2,17,2,3,10,3,4,B12,7,6,1,8,2,8,,2,2,1,21,8,B12,120.699599,24.1648,2
2022,10,31,8,24,臺中市,西屯區,0,1,0,8,1,5,40,14,8,1,5,4,5,7,1,1,1,5,1,2,16,43,2,8,3,4,C03,7,9,1,10,2,12,,43,43,1,22,8,C03,120.603114,24.182679,2
2022,10,31,8,25,臺中市,北屯區,0,0,0,8,,,50,,,,,,,,,,,,,,,23,,,,,B03,,,1,,1,,,23,,1,22,,B03,120.725366,24.172017,3
2022,10,31,8,27,臺中市,潭子區,0,1,0,8,1,5,60,14,7,1,5,4,5,7,4,4,1,4,4,1,13,23,2,9,1,1,C03,7,9,1,8,2,11,,23,23,1,22,8,C03,120.702283,24.193567,2
2022,10,31,8,28,臺中市,沙鹿區,0,0,0,8,,,50,,,,,,,,,,,,,,,6,,,,,B03,,,1,,2,,,6,,1,21,,B03,120.573751,24.213357,3
2022,10,31,8,30,臺中市,霧峰區,0,0,0,8,,,50,,,,,,,,,,,,,,,17,,,,,C03,,,1,,2,,,17,,1,22,,C03,120.701571,24.070675,3
2022,10,31,8,32,臺中市,南區,0,0,0,8,,,50,,,,,,,,,,,,,,,23,,,,,B03,,,1,8,2,,,23,23,1,5,,B03,120.692185,24.129838,3
2022,10,31,8,38,臺中市,北屯區,1,0,0,8,1,5,50,14,9,1,5,4,5,7,4,4,1,4,5,2,18,43,1,9,1,1,C03,7,15,1,10,2,12,,43,43,1,21,8,C03,120.686517,24.199201,1
2022,10,31,8,40,臺中市,烏日區,0,1,0,8,1,5,50,3,1,1,5,4,5,7,4,4,5,4,5,2,17,10,3,10,1,1,B03,7,11,1,8,2,4,,10,10,1,21,8,B03,120.604966,24.106499,2
2022,10,31,8,43,臺中市,龍井區,0,2,0,8,1,5,40,3,2,1,5,4,5,7,2,1,10,5,1,1,17,26,2,8,3,4,C04,7,11,1,8,2,13,,26,26,1,22,9,C04,120.57972,24.192354,2
2022,10,31,8,44,臺中市,北區,0,2,0,8,1,5,50,14,7,1,5,4,5,7,4,4,9,4,4,2,11,19,2,9,3,4,C03,7,1,1,10,2,11,,19,19,1,5,8,C03,120.690003,24.152656,2
2022,10,31,8,46,臺中市,大雅區,0,1,0,8,1,5,50,14,7,1,5,4,5,7,4,4,1,4,4,1,13,23,2,9,1,1,C03,7,9,1,10,2,11,,23,23,1,22,9,C03,120.643408,24.224615,2
2022,10,31,8,50,臺中市,西區,0,1,0,8,1,5,50,4,1,1,5,4,5,7,4,4,5,4,5,2,13,23,2,9,1,1,C03,7,9,1,10,2,11,,23,23,1,5,7,C03,120.65953,24.146711,2
2022,10,31,8,54,臺中市,梧棲區,0,1,0,8,1,5,70,4,1,1,5,4,5,7,1,1,10,5,5,1,15,25,3,10,3,4,C03,7,9,1,10,2,11,,25,25,1,22,8,C03,120.514305,24.230095,2
2022,10,31,8,56,臺中市,大甲區,0,0,0,8,,,50,,,,,,,,,,,,,,,23,,,,,B03,,,1,,1,,,23,,1,22,,B03,120.626845,24.340395,3
2022,10,31,9,1,臺中市,北區,0,1,0,8,1,5,50,4,2,1,5,4,5,7,2,1,2,5,5,2,13,23,3,10,1,1,C03,7,9,1,10,2,11,,23,23,1,5,8,C03,120.685395,24.152786,2
2022,10,31,9,10,臺中市,潭子區,0,1,0,8,1,5,60,14,8,1,5,4,5,7,4,4,1,3,4,1,29,23,2,9,1,1,C03,7,9,1,10,2,14,,23,23,1,22,8,C03,120.705152,24.212152,2
2022,10,31,9,10,臺中市,沙鹿區,0,0,0,8,,,60,,,,,,,,,,,,,,,23,,,,,B03,,,1,,2,,,23,,1,4,,B03,120.580488,24.201249,3
2022,10,31,9,13,臺中市,沙鹿區,0,1,0,8,1,5,40,14,8,1,5,4,5,7,4,4,1,4,1,1,12,42,3,10,1,1,B03,7,9,1,8,2,2,,42,42,1,5,8,B03,120.571623,24.234469,2
2022,10,31,9,17,臺中市,西區,0,2,0,8,1,5,50,14,9,1,5,4,5,7,4,4,5,5,5,2,12,6,2,9,3,4,C03,7,6,1,10,2,12,,6,6,1,21,8,C03,120.669769,24.14936,2
2022,10,31,9,22,臺中市,西屯區,0,1,0,8,1,5,40,14,8,1,5,4,5,7,4,4,1,5,5,2,17,23,2,9,3,4,C03,7,9,1,10,2,12,,23,23,1,22,8,C03,120.614319,24.183361,2
2022,10,31,9,22,臺中市,烏日區,0,1,0,6,1,5,40,14,20,1,4,4,5,7,2,1,1,2,3,1,18,23,2,9,1,1,C03,7,9,1,10,2,14,,23,23,1,21,8,C03,120.650081,24.106759,2
2022,10,31,9,23,臺中市,霧峰區,0,3,0,8,1,5,50,4,1,1,5,4,5,7,1,1,5,5,4,1,16,8,2,9,3,4,C03,7,9,1,10,2,11,,23,8,1,18,8,C03,120.707635,24.076537,2
2022,10,31,9,27,臺中市,大雅區,0,0,0,8,,,50,,,,,,,,,,,,,,,7,,,,,B03,,,1,,2,,,7,,1,22,,B03,120.629081,24.240566,3
2022,10,31,9,29,臺中市,太平區,0,0,0,8,,,50,,,,,,,,,,,,,,,23,,,,,B12,,,1,,2,,,23,,1,3,,B12,120.712646,24.138727,3
2022,10,31,9,30,臺中市,大雅區,0,0,0,8,,,50,,,,,,,,,,,,,,,43,,,,,A21,,,1,,2,,,43,,2,22,,A21,120.633021,24.212709,3
2022,10,31,9,30,臺中市,大里區,0,0,0,8,,,30,,,,,,,,,,,,,,,19,,,,,C03,,,3,,11,,,19,,1,19,,C03,120.677556,24.098049,3
2022,10,31,9,36,臺中市,潭子區,0,0,0,8,,,50,,,,,,,,,,,,,,,26,,,,,B12,,,1,,2,,,26,,1,22,,B12,120.703699,24.201105,3
2022,10,31,9,40,臺中市,豐原區,0,0,0,8,,,50,,,,,,,,,,,,,,,43,,,,,,,,,,,,,43,43,1,,,,120.712869,24.248181,3
2022,10,31,9,59,臺中市,南區,0,1,0,6,1,5,50,4,1,1,4,4,5,7,4,4,5,4,5,2,17,43,3,10,3,4,B03,7,1,1,10,2,15,,43,43,1,5,8,B03,120.668971,24.120278,2
2022,10,31,9,59,臺中市,神岡區,0,0,0,8,,,60,,,,,,,,,,,,,,,23,,,,,B03,,,1,,2,,,23,,1,22,,B03,120.676326,24.24225,3
2022,10,31,10,0,臺中市,北屯區,0,2,0,8,1,5,50,14,9,1,5,4,5,7,1,1,5,5,4,2,16,19,2,9,1,1,C03,7,1,1,10,2,15,,19,19,1,22,8,C03,120.69085,24.172677,2
2022,10,31,10,4,臺中市,西區,0,0,0,6,1,5,50,3,1,1,4,4,5,7,4,4,10,5,5,2,14,12,,,,,B03,,,1,,1,,,12,,1,4,,B03,120.674412,24.135435,3
2022,10,31,10,7,臺中市,北屯區,0,1,0,6,1,5,50,4,1,1,4,4,5,7,4,4,10,5,5,2,15,6,2,4,3,4,C03,7,9,1,10,2,11,,6,6,1,21,8,C03,120.702967,24.178229,2
2022,10,31,10,12,臺中市,清水區,0,1,0,8,1,5,50,5,1,1,5,4,5,7,4,4,10,5,5,2,15,6,3,10,1,1,B03,7,9,1,7,2,1,,6,6,1,5,5,B03,120.575931,24.274837,2
2022,10,31,10,15,臺中市,北屯區,0,1,0,8,1,5,50,14,9,1,5,4,5,7,4,4,1,4,5,2,18,23,2,9,1,1,C03,7,9,1,10,2,14,,23,23,1,5,8,C03,120.6819,24.172455,2
2022,10,31,10,22,臺中市,北屯區,0,0,0,6,,,50,,,,,,,,,,,,,,,23,,,,,B03,,,1,,1,,,23,,1,22,,B03,120.689849,24.162898,3
2022,10,31,10,24,臺中市,北屯區,0,0,0,6,,,50,,,,,,,,,,,,,,,23,,,,,A12,,,1,6,1,,,23,23,1,21,,A12,120.696116,24.16783,3
2022,10,31,10,24,臺中市,太平區,0,1,0,8,1,5,80,14,9,1,5,4,5,7,4,4,5,4,5,1,13,42,2,3,1,1,B03,7,9,1,10,2,1,,42,42,1,21,8,B03,120.710725,24.141557,2
2022,10,31,10,24,臺中市,沙鹿區,0,1,0,6,1,5,50,4,1,1,4,4,5,7,4,4,10,5,5,2,15,6,2,9,1,1,C03,7,9,1,10,2,12,,6,6,1,21,8,C03,120.561156,24.238817,2
2022,10,31,10,33,臺中市,太平區,0,1,0,6,1,5,50,5,1,1,4,4,5,7,4,4,10,5,5,2,18,42,2,9,1,1,C03,7,9,1,10,2,14,,42,42,1,3,8,C03,120.717757,24.117268,2