年,月,日,時,分,縣市,區,死,受傷,2-30,天候,光線,道路類別,速限,道路型態,事故位置,路面鋪裝,路面狀態,路面缺陷,障礙物,視距,號誌種類,號誌動作,分向設施,快車道或一般車道間,快慢車道間,路面邊線,事故類型及型態,主要肇因,受傷程度,主要傷處,保護裝備,行動電話,當事者區分,車輛用途,當事者行動狀態,駕駛資格情形,駕駛執照種類,飲酒情形,車輛撞擊部位最初,車輛撞擊部位其他,肇事因素個別,肇事因素主要,肇事逃逸,職業,旅次目的,車種,GPS緯度,GPS經度,事故類別
2022,10,31,10,36,臺中市,北區,0,1,0,6,1,5,50,3,1,1,4,4,5,7,1,1,5,5,4,2,13,23,3,10,1,1,B03,7,9,1,8,2,1,,23,23,1,21,8,B03,120.673651,24.159219,2
2022,10,31,10,39,臺中市,南屯區,0,1,0,7,1,5,50,4,1,1,4,4,5,7,4,4,4,3,5,2,17,23,2,7,1,1,C03,7,9,3,18,2,14,,23,23,1,22,8,C03,120.632115,24.115755,2
2022,10,31,10,40,臺中市,南區,0,1,0,6,1,5,40,14,8,1,4,4,5,7,4,4,5,5,4,2,13,23,2,8,3,4,F01,7,9,8,20,2,16,,23,23,1,22,8,F01,120.667025,24.11419,2
2022,10,31,10,40,臺中市,和平區,0,0,0,6,1,3,30,3,1,1,4,4,5,2,4,4,10,5,5,1,16,5,3,10,1,1,B12,7,5,1,8,2,8,,5,5,1,7,8,B12,121.322105,24.348648,3
2022,10,31,10,43,臺中市,北屯區,0,0,0,8,,,50,,,,,,,,,,,,,,,23,,,,,B12,,,1,,1,,,23,,1,5,,B12,120.668318,24.200668,3
2022,10,31,10,50,臺中市,大雅區,0,1,0,7,1,5,50,3,1,1,4,4,5,7,2,1,10,4,5,1,12,17,2,9,1,1,C03,7,5,1,10,1,14,,17,17,1,22,9,C03,120.647565,24.220968,2
2022,10,31,11,0,臺中市,北區,0,1,0,8,1,5,50,3,2,1,5,4,5,7,4,4,2,4,5,2,17,19,3,10,1,1,B03,7,1,1,8,2,15,,19,19,1,9,3,B03,120.684327,24.16802,2
2022,10,31,11,12,臺中市,霧峰區,0,0,0,8,,,30,,,,,,,,,,,,,,,17,,,,,B03,,,1,,2,,,17,,1,22,,B03,120.650022,24.074682,3
2022,10,31,11,15,臺中市,北區,0,3,0,8,1,5,40,14,9,1,5,4,5,7,4,4,10,5,5,2,11,23,2,9,3,4,C03,7,9,1,10,2,12,,23,23,1,5,8,C03,120.67223,24.165704,2
2022,10,31,11,20,臺中市,大肚區,0,1,0,8,1,5,50,4,1,1,5,4,5,7,4,4,10,5,5,2,13,16,2,8,1,1,C03,7,9,1,10,1,11,,16,16,1,19,8,C03,120.546292,24.151657,2
2022,10,31,11,25,臺中市,烏日區,0,0,0,8,,,50,,,,,,,,,,,,,,,12,,,,,B12,,,1,,2,,,12,,1,21,,B12,120.612372,24.110507,3
2022,10,31,11,25,臺中市,梧棲區,0,1,0,7,1,5,50,3,1,1,5,4,5,7,4,4,1,4,4,2,14,12,3,10,1,1,B03,7,2,1,8,2,6,,12,12,1,4,8,B03,120.534257,24.259548,2
2022,10,31,11,25,臺中市,豐原區,0,0,0,8,,,50,,,,,,,,,,,,,,,26,,,,,B03,,,1,,2,,,26,,1,22,,B03,120.70867,24.250238,3
2022,10,31,11,34,臺中市,大甲區,0,0,0,8,,,70,,,,,,,,,,,,,,,19,,,,,A41,,,1,,1,,,19,,1,10,,A41,120.640774,24.365334,3
2022,10,31,11,40,臺中市,大肚區,0,0,0,8,,,50,,,,,,,,,,,,,,,23,,,,,B03,,,1,,2,,,23,,1,1,,B03,120.556828,24.128065,3
2022,10,31,11,41,臺中市,大肚區,0,2,0,8,1,5,30,9,9,1,5,4,5,7,4,4,5,5,5,2,10,26,2,8,1,1,C03,7,9,1,10,2,11,,26,26,1,12,8,C03,120.582519,24.117777,2
2022,10,31,11,45,臺中市,西區,0,1,0,8,1,5,50,14,9,1,5,4,5,7,4,4,5,4,5,2,17,40,3,10,1,1,B03,7,14,1,8,2,2,,40,40,1,19,9,B03,120.676598,24.1407,2
2022,10,31,11,55,臺中市,大里區,0,0,0,6,1,5,30,14,9,1,4,4,5,7,4,4,10,5,5,2,12,17,,,,,B03,,,1,,1,,,17,,1,22,,B03,120.688317,24.10939,3
2022,10,31,12,1,臺中市,南屯區,0,0,0,8,,,1,,,,,,,,,,,,,,,12,,,,,B12,,,1,,2,,,12,,1,4,,B12,120.64283,24.152094,3
2022,10,31,12,1,臺中市,南屯區,0,0,0,,,,50,,,,,,,,,,,,,,,16,,,,,B11,,,1,,1,,,16,,1,22,,B11,120.623198,24.140677,3
2022,10,31,12,8,臺中市,霧峰區,0,0,0,8,,,30,,,,,,,,,,,,,,,6,,,,,C03,,,1,,1,,,6,,1,22,,C03,120.699553,24.06322,3
2022,10,31,12,14,臺中市,潭子區,0,1,0,8,1,5,1,4,2,1,5,4,5,7,4,4,1,4,4,1,17,26,2,8,1,1,C03,7,9,1,8,2,14,,26,26,1,22,8,C03,120.705359,24.211544,2
2022,10,31,12,15,臺中市,北屯區,0,3,0,8,1,5,50,3,1,1,5,4,5,7,1,1,10,5,5,2,16,19,2,9,1,1,C03,7,1,1,10,2,14,,19,19,1,22,8,C03,120.715584,24.174566,2
2022,10,31,12,19,臺中市,西區,0,1,0,8,1,5,50,4,1,1,5,4,5,7,2,1,10,5,5,2,13,23,3,10,1,1,C03,7,9,6,10,1,11,,23,23,1,5,5,C03,120.669792,24.143996,2
2022,10,31,12,20,臺中市,大肚區,0,1,0,7,1,5,50,14,9,1,5,4,5,7,4,4,5,5,5,1,17,6,3,10,3,4,B03,7,10,1,8,2,5,,6,6,1,22,9,B03,120.581141,24.174164,2
2022,10,31,12,24,臺中市,大里區,0,0,0,8,,,50,,,,,,,,,,,,,,,23,,,,,B03,,,1,,2,,,23,,1,22,,B03,120.674671,24.112348,3
2022,10,31,12,24,臺中市,龍井區,0,0,0,8,,,60,,,,,,,,,,,,,,,23,,,,,B03,,,1,,2,,,23,,1,22,,B03,120.587444,24.185439,3
2022,10,31,12,24,臺中市,神岡區,0,2,0,7,1,5,50,3,2,1,5,4,5,7,1,1,5,5,4,2,17,42,2,8,3,4,C03,7,12,7,19,2,12,,42,42,1,22,9,C03,120.704297,24.261769,2
2022,10,31,12,25,臺中市,西區,0,0,0,6,1,5,50,4,1,1,5,4,5,7,1,1,5,5,5,2,13,16,,,,,B03,,,1,,2,,,16,,1,21,,B03,120.66178,24.146723,3
2022,10,31,12,27,臺中市,北屯區,0,1,0,6,1,5,30,3,2,1,4,4,5,7,4,4,10,5,5,2,11,5,2,9,1,1,C03,7,9,1,10,2,14,,5,5,1,21,8,C03,120.756294,24.190447,2
2022,10,31,12,31,臺中市,東區,0,1,0,6,1,5,50,5,1,1,4,4,5,7,4,4,10,5,5,2,15,6,3,10,1,1,C03,7,9,1,10,2,12,,6,6,1,21,8,C03,120.693448,24.149147,2
2022,10,31,12,31,臺中市,南屯區,0,0,0,,,,50,,,,,,,,,,,,,,,12,,,,,B03,,,1,,1,,,12,,1,22,,B03,120.622854,24.148216,3
2022,10,31,12,36,臺中市,龍井區,0,0,0,8,,,30,,,,,,,,,,,,,,,12,,,,,B03,,,1,,2,,,12,,1,9,,B03,120.530551,24.183503,3
2022,10,31,12,36,臺中市,烏日區,0,1,0,6,1,5,70,5,2,1,4,4,5,7,2,1,1,2,4,1,12,6,3,10,1,1,B03,7,6,1,8,2,6,,6,9,1,21,8,B03,120.603697,24.10956,2
2022,10,31,12,36,臺中市,沙鹿區,0,2,0,8,1,5,50,14,9,1,5,4,5,7,4,4,9,5,5,1,12,23,2,9,1,1,C03,7,9,1,10,2,11,12,23,23,1,18,8,C03,120.582167,24.222428,2
2022,10,31,12,38,臺中市,南屯區,0,0,0,8,,,50,,,,,,,,,,,,,,,7,,,,,B03,,,1,,1,,,7,,1,19,,B03,120.635989,24.136158,3
2022,10,31,12,39,臺中市,中區,0,1,0,8,1,5,50,4,1,1,5,4,5,7,1,1,10,5,5,2,17,8,2,9,1,1,C03,7,9,1,10,2,14,,44,8,1,4,1,C03,120.682905,24.140778,2
2022,10,31,12,39,臺中市,南區,0,2,0,6,1,5,50,3,1,1,4,4,5,7,4,4,10,5,5,2,16,6,3,10,3,4,B03,7,5,1,8,2,5,,6,6,1,5,8,B03,120.667201,24.114161,2
2022,10,31,12,48,臺中市,大雅區,0,2,0,8,1,5,60,3,1,1,5,4,5,7,3,1,1,5,5,1,12,7,2,9,1,1,C03,7,7,1,10,2,14,,7,7,1,21,8,C03,120.660063,24.231627,2
2022,10,31,12,50,臺中市,北區,0,1,0,8,1,5,50,4,1,1,4,4,5,7,4,4,5,5,5,2,16,6,3,10,1,1,B03,7,5,1,8,2,1,,6,6,1,21,8,B03,120.684381,24.153128,2
2022,10,31,12,51,臺中市,豐原區,0,0,0,8,,,50,,,,,,,,,,,,,,,17,,,,,B11,,,1,,2,,,17,17,1,21,,B11,120.706289,24.248469,3
2022,10,31,12,52,臺中市,潭子區,0,1,0,8,1,5,50,3,1,1,5,4,5,7,4,4,5,4,4,2,13,23,2,9,1,1,C03,7,9,1,10,2,11,,23,23,1,22,8,C03,120.694226,24.193259,2
2022,10,31,13,8,臺中市,西區,0,1,0,6,1,5,30,4,1,1,4,4,5,7,4,4,10,5,5,2,15,6,2,9,1,1,C03,7,9,1,10,2,12,,6,6,1,22,8,C03,120.669956,24.140362,2
2022,10,31,13,10,臺中市,中區,0,1,0,8,1,5,50,4,18,1,5,4,5,7,2,1,10,5,5,2,9,15,3,10,1,1,B01,7,5,1,4,2,1,,15,15,1,10,1,B01,120.684479,24.139381,2
2022,10,31,13,12,臺中市,北區,0,0,0,6,,,50,,,,,,,,,,,,,,,23,,,,,B03,,,1,,1,,,23,,1,21,,B03,120.686065,24.146468,3
2022,10,31,13,13,臺中市,南屯區,0,0,0,6,,,50,,,,,,,,,,,,,,,18,,,,,B03,,,1,,2,,,18,18,1,22,,B03,120.650008,24.153342,3
2022,10,31,13,14,臺中市,大里區,0,1,0,8,1,5,50,4,1,1,5,4,5,7,1,1,10,5,5,2,16,6,3,10,1,1,B03,7,5,1,8,2,1,,6,6,1,22,8,B03,120.706665,24.095363,2
2022,10,31,13,22,臺中市,西屯區,0,0,0,8,,,1,,,,,,,,,,,,,,,26,,,,,C03,,,1,,1,,,26,,1,22,,C03,120.59416,24.182778,3
2022,10,31,13,34,臺中市,沙鹿區,0,1,0,8,1,5,50,4,1,1,5,4,5,7,4,4,10,5,5,2,17,10,3,10,1,1,B01,7,11,1,4,2,7,,10,10,1,10,4,B01,120.573529,24.225502,2
2022,10,31,13,35,臺中市,豐原區,0,0,0,8,,,50,,,,,,,,,,,,,,,16,,,,,B03,,,1,,2,,,16,16,1,22,,B03,120.749421,24.268893,3
2022,10,31,13,37,臺中市,烏日區,0,0,0,6,,,50,,,,,,,,,,,,,,,12,,,,,B03,,,1,,2,,,12,,1,4,,B03,120.602044,24.107651,3
2022,10,31,13,40,臺中市,大里區,0,0,0,8,,,50,,,,,,,,,,,,,,,23,,,,,B12,,,1,,2,,,23,,1,22,,B12,120.690968,24.093456,3
2022,10,31,13,54,臺中市,大里區,0,0,0,6,,,30,,,,,,,,,,,,,,,6,,,,,B03,,,1,,2,,,6,,1,22,,B03,120.716351,24.096306,3
2022,10,31,14,0,臺中市,大雅區,0,0,0,8,,,50,,,,,,,,,,,,,,,43,,,,,B03,,,1,,2,,,43,,1,21,,B03,120.629027,24.206864,3
2022,10,31,14,0,臺中市,南屯區,0,0,0,8,,,50,,,,,,,,,,,,,,,26,,,,,B03,,,1,,1,,,26,,1,22,,B03,120.640731,24.146859,3
2022,10,31,14,3,臺中市,東勢區,0,0,0,8,,,30,,,,,,,,,,,,,,,6,,,,,B12,,,1,,1,,,6,,1,21,,B12,120.842852,24.253003,3
2022,10,31,14,7,臺中市,神岡區,0,0,0,8,,,50,,,,,,,,,,,,,,,17,,,,,B03,,,1,,1,,,17,,1,22,,B03,120.698136,24.248616,3
2022,10,31,14,10,臺中市,潭子區,0,0,0,8,,,80,,,,,,,,,,,,,,,42,,,,,B03,,,1,,2,,,42,,1,22,,B03,120.696555,24.201,3
2022,10,31,14,11,臺中市,大雅區,0,1,0,6,1,5,30,4,1,1,4,4,5,7,4,4,10,5,5,2,17,23,3,10,1,1,B12,7,9,1,8,2,8,,23,23,1,22,9,B12,120.665412,24.232579,2
2022,10,31,14,12,臺中市,北區,0,2,0,7,1,5,50,3,2,1,5,4,5,7,4,4,10,3,5,2,12,6,2,8,1,1,C03,7,6,1,9,2,14,,6,6,1,21,8,C03,120.673398,24.146053,2
2022,10,31,14,12,臺中市,外埔區,0,0,0,6,1,5,50,5,2,1,4,4,5,7,1,1,1,1,5,1,13,23,,,,,B03,,,1,,2,,,23,,1,5,,B03,120.66795,24.319811,3
2022,10,31,14,25,臺中市,南屯區,0,0,0,6,,,50,,,,,,,,,,,,,,,7,,,,,E05,,,1,,2,,,7,,1,22,,E05,120.637724,24.142453,3
2022,10,31,14,25,臺中市,霧峰區,0,0,0,8,,,60,,,,,,,,,,,,,,,23,,,,,B03,,,1,,2,,,23,,1,22,,B03,120.69599,24.065272,3
2022,10,31,14,40,臺中市,西屯區,0,2,0,8,1,5,50,3,1,1,5,4,5,7,1,1,1,3,4,2,16,7,2,9,1,1,C03,7,8,1,10,2,12,,7,7,1,22,9,C03,120.620195,24.187171,2
2022,10,31,14,45,臺中市,南屯區,0,0,0,,,,50,,,,,,,,,,,,,,,12,,,,,B03,,,1,,1,,,12,,1,4,,B03,120.625759,24.138185,3
2022,10,31,14,49,臺中市,東區,0,0,0,6,,,50,,,,,,,,,,,,,,,23,,,,,B12,,,1,8,2,,,23,23,1,5,,B12,120.671205,24.11317,3
2022,10,31,14,54,臺中市,西區,0,0,0,8,1,5,50,14,9,1,5,4,5,7,4,4,9,5,5,2,12,17,,,,,B03,,,1,,1,,,17,,1,21,,B03,120.655711,24.147757,3
2022,10,31,14,54,臺中市,北區,0,3,0,7,1,5,50,4,19,1,5,4,5,7,1,1,10,5,5,2,3,15,2,7,1,1,C03,7,9,1,10,2,11,,15,15,1,22,8,C03,120.672088,24.166873,2
2022,10,31,15,0,臺中市,霧峰區,0,0,0,8,,,60,,,,,,,,,,,,,,,23,,,,,B03,,,1,,2,,,23,,1,9,,B03,120.696103,24.06504,3
2022,10,31,15,0,臺中市,烏日區,0,0,0,8,,,30,,,,,,,,,,,,,,,17,,,,,B12,,,1,,2,,,17,,1,21,,B12,120.642707,24.07894,3
2022,10,31,15,0,臺中市,豐原區,0,0,0,8,,,50,,,,,,,,,,,,,,,17,,,,,B02,,,1,,2,,,38,17,1,22,,B02,120.720834,24.25146,3
2022,10,31,15,2,臺中市,北屯區,0,0,0,8,,,50,,,,,,,,,,,,,,,42,,,,,A12,,,1,,2,,,42,42,1,21,,A12,120.680485,24.171136,3
2022,10,31,15,5,臺中市,大里區,0,1,0,6,1,5,50,11,12,1,4,4,5,7,4,4,9,4,4,1,18,42,2,9,1,1,C03,7,9,1,10,2,12,,42,42,1,12,8,C03,120.721614,24.092311,2
2022,10,31,15,10,臺中市,神岡區,0,0,0,8,,,50,,,,,,,,,,,,,,,12,,,,,B11,,,1,,9,,,12,,2,10,,B11,120.695273,24.247281,3
2022,10,31,15,24,臺中市,大里區,0,0,0,6,1,5,50,4,2,1,4,4,5,7,4,4,5,5,4,2,13,16,,,,,C03,,,1,,2,,,16,,1,22,,C03,120.685146,24.105455,3
2022,10,31,15,26,臺中市,西區,0,2,0,7,1,5,50,14,7,1,4,4,5,7,4,4,1,4,1,2,13,23,3,10,1,1,B03,7,9,1,8,2,1,,23,23,1,4,7,B03,120.661764,24.156085,2
2022,10,31,15,26,臺中市,大里區,0,0,0,6,,,50,,,,,,,,,,,,,,,17,,,,,B03,,,1,,2,,,17,,1,5,,B03,120.699668,24.110205,3
2022,10,31,15,28,臺中市,大雅區,0,0,0,6,,,50,,,,,,,,,,,,,,,6,,,,,B03,,,1,,2,,,6,,1,21,,B03,120.666638,24.218415,3
2022,10,31,15,30,臺中市,南區,0,1,0,8,1,5,50,4,1,1,5,4,5,7,4,4,10,5,5,2,15,6,2,9,1,1,C03,7,9,1,10,2,11,,6,6,1,22,8,C03,120.663938,24.121068,2
2022,10,31,15,37,臺中市,北區,0,1,0,6,1,5,50,4,1,1,4,4,5,7,1,1,5,4,5,2,17,26,2,9,1,1,C03,7,9,1,10,2,14,,26,26,1,22,8,C03,120.678238,24.167147,2
2022,10,31,15,38,臺中市,沙鹿區,0,2,0,6,1,5,50,3,1,1,4,4,5,7,4,4,9,5,4,2,17,16,2,7,1,1,C03,7,9,1,10,2,11,,16,16,1,18,8,C03,120.572634,24.229663,2
2022,10,31,15,39,臺中市,西屯區,0,0,0,8,,,70,,,,,,,,,,,,,,,26,,,,,B03,,,1,,1,,,26,,1,12,,B03,120.587936,24.185294,3
2022,10,31,15,43,臺中市,東區,0,0,0,,,,40,,,,,,,,,,,,,,,12,,,,,B12,,,1,,2,,,12,,1,5,,B12,120.689805,24.126473,3
2022,10,31,15,45,臺中市,西區,0,1,0,6,1,5,50,4,1,1,4,4,5,7,4,4,10,5,5,2,15,6,2,8,1,1,C04,7,9,1,10,1,14,,6,6,1,22,8,C04,120.65951,24.149033,2
2022,10,31,15,45,臺中市,西屯區,0,0,0,8,,,50,,,,,,,,,,,,,,,12,,,,,B03,,,1,,9,,,12,,1,11,,B03,120.665943,24.159466,3
2022,10,31,15,48,臺中市,西區,0,1,0,6,1,5,50,4,1,1,4,4,5,7,4,4,10,5,5,2,18,42,2,9,1,1,C03,7,9,1,10,2,12,,42,42,1,22,9,C03,120.664837,24.1394,2
2022,10,31,15,56,臺中市,西屯區,0,0,0,6,,,50,,,,,,,,,,,,,,,7,,,,,B12,,,1,,1,,,7,,1,21,,B12,120.635298,24.171946,3
2022,10,31,15,56,臺中市,神岡區,0,0,0,6,,,30,,,,,,,,,,,,,,,17,,,,,A11,,,1,,2,,,17,,1,22,,A11,120.707488,24.258906,3
2022,10,31,16,5,臺中市,南區,0,0,0,6,,,50,,,,,,,,,,,,,,,23,,,,,B12,,,1,,2,,,23,,1,22,,B12,120.668505,24.129193,3
2022,10,31,16,6,臺中市,西屯區,0,1,0,6,1,5,50,3,18,1,4,4,5,7,1,1,1,4,4,2,3,15,3,10,1,1,B03,7,5,1,8,2,8,,15,15,1,22,8,B03,120.64332,24.15993,2
2022,10,31,16,14,臺中市,大里區,0,0,0,6,1,5,50,14,8,1,4,4,5,7,4,4,5,5,4,2,17,42,,,,,B12,,,1,,2,,,42,,1,22,,B12,120.677042,24.098411,3
2022,10,31,16,17,臺中市,大里區,0,0,0,6,,,50,,,,,,,,,,,,,,,26,,,,,B03,,,1,,2,,,26,,1,12,,B03,120.691255,24.091711,3
2022,10,31,16,18,臺中市,西屯區,0,0,0,6,,,50,,,,,,,,,,,,,,,7,,,,,B03,,,1,,1,,,7,,1,22,,B03,120.640803,24.16505,3
2022,10,31,16,21,臺中市,東區,0,1,0,6,1,5,50,4,2,1,4,4,5,7,2,1,3,4,5,2,18,23,2,9,1,1,C03,7,9,1,10,2,12,,23,23,1,21,8,C03,120.697299,24.147967,2
2022,10,31,16,25,臺中市,豐原區,0,0,0,8,,,30,,,,,,,,,,,,,,,12,,,,,B12,,,1,,2,,,12,,1,4,,B12,120.729963,24.235249,3
2022,10,31,16,30,臺中市,霧峰區,0,0,0,8,,,40,,,,,,,,,,,,,,,23,,,,,B03,,,1,,2,,,23,,1,4,,B03,120.662819,24.070967,3
2022,10,31,16,36,臺中市,西屯區,0,1,0,8,1,5,50,4,1,1,5,4,5,7,2,1,10,5,5,2,1,15,3,10,2,4,B03,7,5,1,8,2,8,,15,15,1,22,8,B03,120.639263,24.159341,2
2022,10,31,16,40,臺中市,南區,0,0,0,6,1,5,50,4,1,1,4,4,5,7,1,1,10,5,5,2,13,16,3,10,1,1,B03,7,9,1,8,2,1,,16,16,1,22,8,B03,120.68418,24.124043,3
2022,10,31,16,40,臺中市,南屯區,0,0,0,6,,,40,,,,,,,,,,,,,,,23,,,,,B12,,,1,,1,,,23,,1,5,,B12,120.622898,24.145361,3
2022,10,31,16,41,臺中市,南屯區,0,0,0,6,,,50,,,,,,,,,,,,,,,6,,,,,B03,,,1,,1,,,6,6,1,22,,B03,120.63213,24.152149,3
2022,10,31,16,46,臺中市,潭子區,0,2,0,6,2,5,50,14,8,1,4,4,5,7,4,4,10,5,5,2,17,14,2,9,1,1,C03,7,9,1,10,2,14,,14,14,1,22,8,C03,120.691023,24.215201,2
2022,10,31,16,48,臺中市,西屯區,0,2,0,6,1,5,50,5,2,1,4,4,5,7,1,1,5,4,4,2,17,25,2,9,1,1,C03,7,6,1,10,2,13,,25,25,1,22,8,C03,120.660361,24.164584,2
2022,10,31,16,48,臺中市,大里區,0,0,0,6,,,50,,,,,,,,,,,,,,,17,,,,,B03,,,1,,2,,,17,,1,5,,B03,120.688833,24.10336,3
2022,10,31,16,49,臺中市,南區,0,0,0,,,,50,,,,,,,,,,,,,,,12,,,,,B03,,,1,,2,,,12,,1,5,,B03,120.677655,24.1322,3
2022,10,31,16,49,臺中市,南屯區,0,1,0,6,1,5,50,4,1,1,4,4,5,7,1,1,10,5,5,2,16,6,3,10,3,4,B03,7,5,1,8,2,6,,6,6,1,22,8,B03,120.653376,24.135733,2
2022,10,31,16,53,臺中市,梧棲區,0,1,0,6,1,5,50,3,2,1,4,4,5,7,4,4,10,5,5,2,16,43,2,9,1,1,C03,7,5,1,10,2,14,,43,43,1,18,8,C03,120.557185,24.240847,2
2022,10,31,16,57,臺中市,南屯區,0,0,0,6,,,50,,,,,,,,,,,,,,,23,,,,,A05,,,1,,11,,,23,,2,10,,A05,120.63764,24.134149,3
2022,10,31,16,58,臺中市,北屯區,0,0,0,8,,,40,,,,,,,,,,,,,,,16,,,,,C03,,,1,,1,,,16,,1,21,,C03,120.719089,24.161993,3
2022,10,31,17,2,臺中市,北屯區,0,0,0,6,,,40,,,,,,,,,,,,,,,1,,,,,B03,,,1,,2,,,1,,1,21,,B03,120.683359,24.197847,3
2022,10,31,17,3,臺中市,豐原區,0,0,0,6,,,50,,,,,,,,,,,,,,,26,,,,,C03,,,1,,2,,,26,,1,22,,C03,120.714206,24.249405,3
2022,10,31,17,10,臺中市,大雅區,0,1,0,6,3,5,50,3,1,1,4,4,5,7,1,1,9,4,5,2,17,6,3,10,1,1,B03,7,6,1,8,2,6,,6,6,1,22,9,B03,120.668336,24.218562,2
2022,10,31,17,10,臺中市,南屯區,0,1,0,6,3,5,50,4,9,1,4,4,5,7,2,1,5,5,4,2,18,43,2,9,1,4,C03,7,9,1,10,2,15,,43,43,1,22,8,C03,120.641356,24.134848,2
2022,10,31,17,11,臺中市,豐原區,0,0,0,6,,,50,,,,,,,,,,,,,,,17,,,,,B03,,,1,,11,,,17,17,2,4,,B03,120.711136,24.249127,3
2022,10,31,17,13,臺中市,東區,0,2,0,6,3,5,30,4,1,1,4,4,5,7,4,4,10,5,5,2,15,6,2,8,1,1,C03,7,9,1,10,2,12,,6,6,1,21,8,C03,120.683653,24.134111,2
2022,10,31,17,14,臺中市,東區,0,1,0,6,2,5,50,4,1,1,4,4,5,7,1,1,10,5,5,1,18,23,2,9,1,1,C03,7,6,1,10,2,12,,23,23,1,21,8,C03,120.697163,24.133145,2
2022,10,31,17,15,臺中市,西屯區,0,2,0,6,3,5,50,4,1,1,4,4,5,7,1,1,10,5,5,2,13,23,3,10,3,4,C03,7,9,1,10,2,15,,23,23,1,22,8,C03,120.646636,24.158788,2
2022,10,31,17,17,臺中市,北屯區,0,0,0,6,,,50,,,,,,,,,,,,,,,23,,,,,B03,,,1,,1,,,23,,1,21,,B03,120.684216,24.18004,3
2022,10,31,17,17,臺中市,大肚區,0,0,0,6,,,70,,,,,,,,,,,,,,,7,,,,,B03,,,1,,2,,,7,,1,4,,B03,120.554106,24.132399,3
2022,10,31,17,18,臺中市,南屯區,0,4,0,6,3,5,50,14,9,1,4,4,5,7,4,4,5,4,5,2,12,17,2,9,1,4,C03,7,9,1,10,2,14,,17,17,1,22,8,C03,120.650122,24.137656,2
2022,10,31,17,18,臺中市,新社區,0,1,0,6,1,5,50,14,9,1,4,4,5,7,4,4,9,5,5,1,17,42,2,9,1,1,C03,7,9,1,10,2,14,,42,42,1,5,8,C03,120.817421,24.215221,2
2022,10,31,17,19,臺中市,梧棲區,0,0,0,8,,,50,,,,,,,,,,,,,,,23,,,,,B03,,,1,,2,,,23,,1,20,,B03,120.53749,24.2624,3
2022,10,31,17,20,臺中市,北區,0,1,0,6,3,5,50,4,4,1,4,4,5,7,1,1,5,4,4,2,18,23,2,9,1,1,C03,7,9,1,10,2,12,,23,23,1,22,8,C03,120.672053,24.159229,2
2022,10,31,17,20,臺中市,烏日區,0,0,0,8,,,50,,,,,,,,,,,,,,,6,,,,,B03,,,1,,2,,,6,,1,21,,B03,120.628014,24.112689,3
2022,10,31,17,20,臺中市,烏日區,0,1,0,8,3,5,30,11,9,1,5,4,5,7,4,4,10,4,5,1,18,42,2,9,1,1,C03,7,9,1,10,2,12,,42,42,1,21,8,C03,120.589978,24.124278,2
2022,10,31,17,20,臺中市,豐原區,0,2,0,6,2,5,60,4,1,1,4,4,5,7,2,1,10,5,5,2,17,42,2,9,3,4,C03,7,9,1,10,2,11,,42,42,1,22,8,C03,120.703045,24.249871,2
2022,10,31,17,22,臺中市,北區,0,0,0,,,,50,,,,,,,,,,,,,,,23,,,,,C03,,,1,,2,,,23,,1,21,,C03,120.694599,24.158521,3
2022,10,31,17,22,臺中市,北屯區,0,1,0,6,3,5,50,3,1,1,4,4,5,7,4,4,10,5,5,2,16,13,2,9,1,1,C03,7,9,1,10,2,12,,13,13,1,18,8,C03,120.724652,24.173071,2
2022,10,31,17,22,臺中市,大甲區,0,0,0,,,,50,,,,,,,,,,,,,,,12,,,,,B03,,,1,,1,,,12,,1,22,,B03,120.620851,24.344503,3
2022,10,31,17,23,臺中市,南屯區,0,1,0,6,3,5,50,4,1,1,4,4,5,7,2,1,10,5,5,2,3,15,3,10,1,1,B03,7,5,1,8,2,8,,15,15,1,19,8,B03,120.646538,24.136096,2
2022,10,31,17,23,臺中市,西屯區,0,0,0,8,,,50,,,,,,,,,,,,,,,16,,,,,B03,,,1,,1,,,16,,1,12,,B03,120.621699,24.180155,3
2022,10,31,17,23,臺中市,梧棲區,0,0,0,6,,,50,,,,,,,,,,,,,,,16,,,,,C03,,,1,,1,,,16,,1,11,,C03,120.533713,24.261266,3
2022,10,31,17,24,臺中市,潭子區,0,2,0,6,2,5,50,14,12,1,4,4,5,7,4,4,1,4,4,1,13,16,2,8,1,1,C03,7,9,1,10,2,11,,16,16,1,22,8,C03,120.689382,24.220766,2
2022,10,31,17,25,臺中市,霧峰區,0,0,0,6,,,40,,,,,,,,,,,,,,,16,,,,,C03,,,1,,2,,,16,,1,18,,C03,120.710161,24.076641,3
2022,10,31,17,26,臺中市,大雅區,0,1,0,6,3,5,50,14,9,1,4,4,5,7,4,4,1,4,5,1,13,23,2,5,1,1,C03,7,9,1,10,2,11,,23,23,1,22,8,C03,120.613378,24.212868,2