年,月,日,時,分,縣市,區,死,受傷,2-30,天候,光線,道路類別,速限,道路型態,事故位置,路面鋪裝,路面狀態,路面缺陷,障礙物,視距,號誌種類,號誌動作,分向設施,快車道或一般車道間,快慢車道間,路面邊線,事故類型及型態,主要肇因,受傷程度,主要傷處,保護裝備,行動電話,當事者區分,車輛用途,當事者行動狀態,駕駛資格情形,駕駛執照種類,飲酒情形,車輛撞擊部位最初,車輛撞擊部位其他,肇事因素個別,肇事因素主要,肇事逃逸,職業,旅次目的,車種,GPS緯度,GPS經度,事故類別
2022,10,31,17,26,臺中市,東區,0,0,0,6,3,5,1,3,1,1,4,4,5,7,4,4,10,5,5,2,29,23,3,9,1,1,F01,7,15,8,20,7,16,,23,23,1,22,8,F01,120.690337,24.13035,3
2022,10,31,17,30,臺中市,大雅區,0,0,0,6,,,30,,,,,,,,,,,,,,,35,,,,,B12,,,1,,2,,,35,,1,21,,B12,120.623012,24.229471,3
2022,10,31,17,30,臺中市,大雅區,0,2,0,6,3,5,50,3,2,1,4,4,5,7,1,1,9,4,4,1,17,23,2,9,1,1,C03,7,9,1,10,2,12,,23,23,1,22,9,C03,120.6496,24.213288,2
2022,10,31,17,30,臺中市,西區,0,0,0,6,,,50,,,,,,,,,,,,,,,17,,,,,B03,,,1,,2,,,17,,1,22,,B03,120.662629,24.159101,3
2022,10,31,17,30,臺中市,霧峰區,0,0,0,6,,,30,,,,,,,,,,,,,,,12,,,,,B03,,,1,,2,,,12,12,1,12,,B03,120.715428,24.075913,3
2022,10,31,17,33,臺中市,北區,0,1,0,6,3,5,50,14,9,1,4,4,5,7,4,4,2,4,4,2,12,23,3,10,1,1,B03,7,9,1,10,2,2,,23,23,1,22,8,B03,120.685408,24.152483,2
2022,10,31,17,33,臺中市,西屯區,0,1,0,6,1,5,30,4,1,1,4,4,5,7,4,4,10,5,5,2,15,6,2,9,1,1,C03,7,9,1,10,2,12,,6,6,1,22,8,C03,120.644425,24.179678,2
2022,10,31,17,34,臺中市,西屯區,0,0,0,6,,,50,,,,,,,,,,,,,,,23,,,,,C03,,,1,,1,,,23,,1,21,,C03,120.647308,24.159155,3
2022,10,31,17,35,臺中市,霧峰區,0,1,0,6,2,5,40,14,9,1,4,4,5,7,4,4,10,5,5,1,13,23,2,9,1,1,C03,7,9,1,10,2,11,,23,23,1,18,8,C03,120.681462,24.054561,2
2022,10,31,17,36,臺中市,烏日區,0,1,0,6,3,5,80,10,7,1,4,4,5,7,4,4,1,4,5,1,13,23,3,10,1,1,B03,7,9,1,8,2,1,,23,23,1,21,8,B03,120.611158,24.100496,2
2022,10,31,17,37,臺中市,中區,0,2,0,6,3,5,50,3,1,1,4,4,5,7,4,4,5,4,5,2,12,19,2,9,1,1,C03,7,9,1,10,2,12,,44,19,1,22,9,C03,120.677602,24.139914,2
2022,10,31,17,38,臺中市,西屯區,0,1,0,6,3,5,50,3,1,1,4,4,5,7,4,4,10,5,5,2,16,6,2,9,3,4,C03,7,5,1,8,2,14,,6,6,1,22,8,C03,120.600793,24.174226,2
2022,10,31,17,40,臺中市,霧峰區,0,1,0,7,3,5,60,3,1,1,4,4,5,7,1,1,10,5,5,2,16,25,2,9,1,1,C03,7,5,1,10,2,13,,25,25,1,12,8,C03,120.692163,24.044829,2
2022,10,31,17,40,臺中市,大甲區,0,0,0,6,,,50,,,,,,,,,,,,,,,12,,,,,B03,,,1,,2,,,12,,1,22,,B03,120.62479,24.345055,3
2022,10,31,17,41,臺中市,西屯區,0,1,0,6,3,5,50,3,1,1,4,4,5,7,1,1,10,5,5,2,3,15,3,10,1,1,B02,7,5,1,8,2,8,,15,15,1,22,5,B02,120.634845,24.160867,2
2022,10,31,17,42,臺中市,潭子區,0,1,0,6,3,5,50,11,9,1,4,4,5,7,4,4,9,5,5,2,18,21,2,9,1,1,C03,7,9,1,10,7,12,,21,21,1,22,9,C03,120.685251,24.225144,2
2022,10,31,17,45,臺中市,清水區,0,0,0,6,,,50,,,,,,,,,,,,,,,23,,,,,B03,,,1,,2,,,23,,1,22,,B03,120.547237,24.26307,3
2022,10,31,17,46,臺中市,大里區,0,1,0,6,3,5,50,4,2,1,4,4,5,7,1,1,5,4,5,1,17,16,3,10,3,4,C03,7,9,1,10,2,11,,16,16,1,12,8,C03,120.690636,24.090063,2
2022,10,31,17,47,臺中市,大雅區,0,1,0,6,4,5,30,11,9,1,4,4,5,7,4,4,10,5,5,2,18,23,2,8,1,1,C03,7,9,1,10,2,12,,23,23,1,22,8,C03,120.598399,24.216719,2
2022,10,31,17,49,臺中市,清水區,0,0,0,6,,,30,,,,,,,,,,,,,,,19,,,,,B03,,,1,,2,,,19,,1,21,,B03,120.573192,24.270252,3
2022,10,31,17,50,臺中市,沙鹿區,0,0,0,6,,,50,,,,,,,,,,,,,,,16,,,,,B03,,,1,,2,,,16,16,1,21,,B03,120.579046,24.250166,3
2022,10,31,17,51,臺中市,北屯區,0,0,0,6,,,30,,,,,,,,,,,,,,,7,,,,,B03,,,1,,1,,,7,,1,21,,B03,120.668235,24.200499,3
2022,10,31,17,51,臺中市,豐原區,0,0,0,6,,,40,,,,,,,,,,,,,,,19,,,,,A12,,,1,,2,,,19,,1,22,,A12,120.745409,24.265016,3
2022,10,31,17,52,臺中市,大雅區,0,2,0,6,3,5,30,4,1,1,4,4,5,7,4,4,10,5,5,2,15,6,2,9,1,1,C03,7,9,1,10,2,11,,6,6,1,21,8,C03,120.668951,24.2335,2
2022,10,31,17,52,臺中市,北屯區,0,1,0,6,3,5,50,3,2,1,4,4,5,7,4,4,1,4,5,2,18,43,2,9,1,1,C03,7,9,1,10,2,12,,43,43,1,21,8,C03,120.664557,24.184997,2
2022,10,31,17,52,臺中市,烏日區,0,1,0,6,3,5,70,4,1,1,4,4,5,7,2,1,10,5,5,2,17,23,3,10,1,1,B03,7,14,1,8,2,7,,44,23,1,4,8,B03,120.600863,24.110785,2
2022,10,31,17,53,臺中市,大里區,0,4,0,6,3,5,50,14,9,1,4,4,5,7,4,4,5,5,5,1,13,44,3,10,1,1,B12,7,9,1,8,2,3,,44,44,1,22,9,B12,120.684811,24.090524,2
2022,10,31,17,55,臺中市,清水區,0,0,0,8,,,70,,,,,,,,,,,,,,,16,,,,,B03,,,1,,2,,,16,,1,22,,B03,120.588429,24.292745,3
2022,10,31,17,55,臺中市,神岡區,0,1,0,6,3,5,50,4,1,1,4,4,5,7,1,1,10,5,5,2,3,15,3,10,3,4,B03,7,5,1,8,2,8,,15,15,1,22,9,B03,120.696123,24.251908,2
2022,10,31,17,57,臺中市,南區,0,1,0,6,3,5,40,14,8,1,4,4,5,7,4,4,1,4,4,2,13,23,3,10,1,1,C03,7,9,1,10,2,11,,23,23,1,21,8,C03,120.654351,24.114561,2
2022,10,31,17,59,臺中市,西區,0,0,0,,,,50,,,,,,,,,,,,,,,12,,,,,B03,,,1,,1,,,12,,1,5,,B03,120.65656,24.154459,3
2022,10,31,18,0,臺中市,大雅區,0,2,0,6,1,5,50,3,1,1,4,4,5,7,1,1,9,4,4,1,17,25,2,9,1,1,C03,7,5,1,10,2,11,,6,23,1,22,9,C03,120.641082,24.219279,2
2022,10,31,18,0,臺中市,南區,0,0,0,,,,50,,,,,,,,,,,,,,,19,,,,,B03,,,1,,2,,,19,,1,21,,B03,120.669881,24.122729,3
2022,10,31,18,2,臺中市,潭子區,0,1,0,6,3,5,50,4,1,1,4,4,5,7,1,1,10,5,5,2,16,26,2,9,1,1,C03,7,5,1,10,2,14,,26,26,1,22,8,C03,120.710293,24.20001,2
2022,10,31,18,3,臺中市,北屯區,0,0,0,6,,,50,,,,,,,,,,,,,,,26,,,,,F01,,,8,,1,,,26,26,1,22,,F01,120.672835,24.177923,3
2022,10,31,18,5,臺中市,東勢區,0,1,0,6,1,5,50,14,9,1,4,4,5,7,4,4,5,5,5,1,13,23,3,10,1,1,B03,7,9,1,8,2,5,,23,23,1,5,8,B03,120.839213,24.193149,2
2022,10,31,18,6,臺中市,龍井區,0,0,0,6,,,50,,,,,,,,,,,,,,,23,,,,,B03,,,1,,2,,,23,,1,2,,B03,120.585153,24.184556,3
2022,10,31,18,7,臺中市,大雅區,0,1,0,6,3,5,50,4,1,1,4,4,5,7,1,1,10,5,5,2,17,6,3,10,1,1,B03,7,5,1,8,2,1,,6,6,1,22,8,B03,120.664835,24.235402,2
2022,10,31,18,7,臺中市,大肚區,0,0,0,,,,30,,,,,,,,,,,,,,,8,,,,,B03,,,1,,2,,,8,8,1,19,,B03,120.540639,24.152444,3
2022,10,31,18,10,臺中市,龍井區,0,1,0,6,3,5,50,4,1,1,4,4,5,7,1,1,10,5,5,2,16,8,3,10,1,1,C03,7,5,1,10,2,11,,8,8,1,18,8,C03,120.585002,24.18443,2
2022,10,31,18,11,臺中市,南屯區,0,0,0,,,,50,,,,,,,,,,,,,,,17,,,,,C03,,,1,,1,,,17,,1,4,,C03,120.616609,24.153725,3
2022,10,31,18,11,臺中市,北屯區,0,0,0,6,,,40,,,,,,,,,,,,,,,43,,,,,,,,,,,,,43,,1,,,,120.687501,24.172788,3
2022,10,31,18,14,臺中市,大甲區,0,1,0,6,3,5,50,3,1,1,4,4,5,7,1,1,10,4,4,1,17,25,3,10,1,1,F03,7,9,8,20,2,16,,25,25,1,22,8,F03,120.65185,24.38357,2
2022,10,31,18,15,臺中市,北屯區,0,2,0,6,3,5,50,4,4,1,4,4,5,7,1,1,5,4,5,2,17,16,2,9,1,1,C03,7,9,1,10,2,14,,16,23,1,5,8,C03,120.706053,24.169514,2
2022,10,31,18,20,臺中市,東區,0,0,0,6,3,5,50,4,1,1,4,4,5,7,1,1,10,2,4,2,17,10,3,10,1,1,B03,7,11,1,8,2,4,,10,10,1,22,8,B03,120.689253,24.131337,3
2022,10,31,18,22,臺中市,大里區,0,0,0,6,,,50,,,,,,,,,,,,,,,12,,,,,B03,,,1,,2,,,12,,1,5,,B03,120.68542,24.096529,3
2022,10,31,18,25,臺中市,南屯區,0,0,0,,,,40,,,,,,,,,,,,,,,12,,,,,B03,,,1,,2,,,12,,1,4,,B03,120.61302,24.148397,3
2022,10,31,18,29,臺中市,北屯區,0,2,0,6,3,5,50,4,2,1,4,4,5,7,1,1,3,4,5,2,13,23,2,9,1,1,C03,7,9,1,10,2,11,,23,23,1,22,8,C03,120.685498,24.172177,2
2022,10,31,18,30,臺中市,大雅區,0,1,0,7,3,5,50,14,9,1,4,4,5,7,4,4,5,5,5,1,17,19,3,10,1,1,F01,7,1,8,20,2,16,,19,19,1,15,8,F01,120.656778,24.22511,2
2022,10,31,18,30,臺中市,大雅區,0,1,0,6,1,5,50,3,1,1,4,4,5,7,4,4,9,4,4,1,17,6,3,10,1,1,B03,7,5,1,8,2,2,,6,6,1,22,9,B03,120.643294,24.219955,2
2022,10,31,18,30,臺中市,梧棲區,0,1,0,6,1,5,70,4,2,1,4,4,5,7,1,1,1,4,4,1,16,9,3,10,1,1,B03,7,6,3,18,2,6,,9,9,2,9,8,B03,120.536344,24.249771,2
2022,10,31,18,30,臺中市,神岡區,0,0,0,8,,,50,,,,,,,,,,,,,,,16,,,,,B03,,,1,,2,,,16,,1,12,,B03,120.703468,24.258122,3
2022,10,31,18,31,臺中市,東區,0,0,0,,,,80,,,,,,,,,,,,,,,16,,,,,B02,,,1,,2,,,16,,1,5,,B02,120.708419,24.134347,3
2022,10,31,18,35,臺中市,潭子區,0,0,0,6,3,5,50,4,1,1,4,4,5,7,2,1,10,5,5,2,16,23,,,,,B03,,,1,,2,,,23,,1,21,,B03,120.702617,24.191798,3
2022,10,31,18,37,臺中市,南屯區,0,2,0,6,3,5,50,4,2,1,4,4,5,7,1,1,1,4,5,2,17,42,2,8,1,1,C03,7,15,1,10,2,11,14,42,42,1,5,8,C03,120.647066,24.153483,2
2022,10,31,18,39,臺中市,西區,0,0,0,,,,50,,,,,,,,,,,,,,,23,,,,,C03,,,1,,1,,,23,,1,5,,C03,120.66168,24.145543,3
2022,10,31,18,39,臺中市,北區,0,1,0,6,4,5,50,4,2,1,4,4,5,7,4,4,4,1,5,2,11,26,3,10,1,1,B03,7,6,1,8,2,8,,26,26,1,4,8,B03,120.665359,24.166129,2
2022,10,31,18,39,臺中市,龍井區,0,1,0,6,3,5,50,3,1,1,4,4,5,7,4,4,10,5,5,2,17,6,3,10,3,4,B12,7,5,1,7,2,15,,6,6,1,9,9,B12,120.525221,24.202733,2
2022,10,31,18,40,臺中市,沙鹿區,0,0,0,6,,,50,,,,,,,,,,,,,,,12,,,,,B03,,,1,,2,,,12,,1,21,,B03,120.560169,24.243366,3
2022,10,31,18,41,臺中市,西屯區,0,1,0,6,1,5,50,3,1,1,4,4,5,7,1,1,1,3,4,2,16,25,3,10,1,1,B03,7,9,1,8,2,1,,25,25,1,22,8,B03,120.615998,24.189938,2
2022,10,31,18,41,臺中市,大里區,0,1,0,6,3,5,50,14,9,1,4,4,5,7,4,4,5,4,5,1,17,23,2,8,1,1,C04,7,14,1,11,2,11,,23,23,1,22,9,C04,120.674516,24.11358,2
2022,10,31,18,42,臺中市,西屯區,0,0,0,8,,,60,,,,,,,,,,,,,,,23,,,,,B03,,,1,,1,,,23,,1,22,,B03,120.6481,24.196235,3
2022,10,31,18,44,臺中市,大里區,0,0,0,6,,,50,,,,,,,,,,,,,,,23,,,,,B03,,,1,,2,,,23,23,1,5,,B03,120.685706,24.096726,3
2022,10,31,18,45,臺中市,大雅區,0,1,0,6,3,8,50,4,1,1,4,4,5,7,1,1,10,5,5,2,18,23,2,5,1,1,C03,7,9,1,10,2,12,,23,23,1,22,8,C03,120.656432,24.220792,2
2022,10,31,18,48,臺中市,西屯區,0,0,0,8,,,50,,,,,,,,,,,,,,,12,,,,,B03,,,1,,1,,,12,,1,22,,B03,120.601246,24.163134,3
2022,10,31,18,56,臺中市,北區,0,0,0,6,,,50,,,,,,,,,,,,,,,7,,,,,C03,,,1,,2,,,7,,1,22,,C03,120.671934,24.172249,3
2022,10,31,18,56,臺中市,西屯區,0,1,0,6,3,5,50,3,1,1,4,4,5,7,1,1,5,5,4,2,13,23,2,9,3,4,C03,7,9,1,10,2,11,,23,23,1,22,8,C03,120.608951,24.16992,2
2022,10,31,18,58,臺中市,西屯區,0,0,0,8,,,50,,,,,,,,,,,,,,,23,,,,,B03,,,1,,1,,,23,,1,12,,B03,120.637597,24.179933,3
2022,10,31,19,5,臺中市,東區,0,0,0,6,3,5,70,14,7,1,4,4,5,7,4,4,1,4,5,1,13,23,3,10,1,1,B03,7,9,1,8,2,1,,23,23,1,22,8,B03,120.708419,24.134347,3
2022,10,31,19,5,臺中市,西屯區,0,1,0,8,3,5,50,4,1,1,5,4,5,7,1,1,9,4,4,2,12,8,3,10,1,1,B03,7,9,1,8,2,1,,23,8,1,12,8,B03,120.637283,24.173182,2
2022,10,31,19,9,臺中市,北區,0,0,0,,,,,,,,,,,,,,,,,,,43,,,,,,,,,,,,,43,,1,,,,120.673028,24.168188,3
2022,10,31,19,9,臺中市,西屯區,0,0,0,6,,,50,,,,,,,,,,,,,,,23,,,,,C03,,,1,,1,,,23,,1,22,,C03,120.635165,24.182044,3
2022,10,31,19,10,臺中市,大雅區,0,1,0,6,3,5,50,3,1,1,4,4,5,7,1,1,9,4,5,1,17,43,3,10,1,1,B12,7,6,1,8,2,15,,43,43,1,22,9,B12,120.668617,24.219756,2
2022,10,31,19,11,臺中市,北屯區,0,0,0,6,,,50,,,,,,,,,,,,,,,23,,,,,B03,,,1,,1,,,23,,1,21,,B03,120.718558,24.170169,3
2022,10,31,19,12,臺中市,西屯區,0,1,0,6,3,5,50,4,2,1,4,4,5,7,2,1,5,5,5,2,17,9,3,10,3,4,B03,7,6,1,8,11,15,,9,9,1,22,8,B03,120.642495,24.178151,2
2022,10,31,19,15,臺中市,沙鹿區,0,1,0,6,3,5,50,14,9,1,4,4,5,7,4,4,10,5,5,2,18,23,2,9,1,1,C03,7,9,1,10,2,12,,23,23,1,21,8,C03,120.591281,24.218901,2
2022,10,31,19,17,臺中市,豐原區,0,1,0,6,3,5,50,4,7,1,4,4,5,7,1,1,1,2,5,2,13,23,2,9,1,1,C03,7,12,1,10,2,11,,23,23,1,21,8,C03,120.703361,24.238383,2
2022,10,31,19,18,臺中市,南區,0,0,0,6,,,50,,,,,,,,,,,,,,,23,,,,,B03,,,1,,2,,,23,,1,22,,B03,120.653573,24.122591,3
2022,10,31,19,19,臺中市,大里區,0,2,0,6,3,5,30,14,9,1,4,4,5,7,4,4,10,5,5,1,13,16,2,8,1,1,C03,7,9,1,10,2,11,,16,16,1,5,8,C03,120.658923,24.10047,2
2022,10,31,19,21,臺中市,西屯區,0,1,0,6,3,5,40,14,8,1,4,4,5,7,4,4,1,4,1,2,13,16,2,9,1,1,C03,7,9,1,10,2,11,,16,16,1,22,5,C03,120.63834,24.203176,2
2022,10,31,19,23,臺中市,東區,0,0,0,,,,50,,,,,,,,,,,,,,,12,,,,,B03,,,1,,2,,,12,,1,21,,B03,120.687827,24.14139,3
2022,10,31,19,23,臺中市,南屯區,0,0,0,6,,,50,,,,,,,,,,,,,,,7,,,,,B03,,,1,,1,,,7,,1,22,,B03,120.640453,24.141409,3
2022,10,31,19,30,臺中市,北屯區,0,1,0,6,3,5,50,3,2,1,4,4,5,7,4,4,5,4,4,2,16,6,3,10,1,1,B03,7,5,1,8,2,2,,6,6,1,22,8,B03,120.692844,24.176382,2
2022,10,31,19,30,臺中市,沙鹿區,0,1,0,6,3,5,50,14,8,1,4,4,5,7,4,4,9,5,5,2,18,23,2,9,1,1,C03,7,9,1,10,2,12,,23,23,1,21,8,C03,120.571467,24.199158,2
2022,10,31,19,42,臺中市,北屯區,0,0,0,6,,,50,,,,,,,,,,,,,,,23,,,,,B12,,,6,,2,,,23,,1,21,,B12,120.689655,24.17162,3
2022,10,31,19,48,臺中市,潭子區,0,1,0,7,3,5,50,4,1,1,4,4,5,7,2,1,10,5,5,2,16,6,3,10,1,1,B03,7,5,1,8,2,5,,6,6,1,19,8,B03,120.702417,24.194429,2
2022,10,31,19,55,臺中市,龍井區,0,0,0,6,,,50,,,,,,,,,,,,,,,43,,,,,C03,,,1,,1,,,43,,1,12,,C03,120.562108,24.195412,3
2022,10,31,20,1,臺中市,石岡區,0,2,0,7,4,5,40,3,9,1,5,4,5,7,4,4,1,4,4,1,3,42,2,9,1,1,C03,7,6,1,10,2,11,,42,42,1,22,9,C03,120.797474,24.266821,2
2022,10,31,20,2,臺中市,大里區,0,0,0,6,3,5,50,14,9,1,4,4,5,7,4,4,5,5,5,2,17,44,,,,,B03,,,1,,2,,,44,,1,22,,B03,120.673933,24.11571,3
2022,10,31,20,3,臺中市,南屯區,0,0,0,,,,40,,,,,,,,,,,,,,,17,,,,,B03,,,1,,2,,,17,,1,4,,B03,120.613294,24.141682,3
2022,10,31,20,7,臺中市,北區,0,0,0,8,,,50,,,,,,,,,,,,,,,23,,,,,C03,,,1,,11,,,23,,1,22,,C03,120.674731,24.172498,3
2022,10,31,20,20,臺中市,清水區,0,1,0,6,3,5,60,5,1,1,4,4,5,7,1,1,1,4,5,1,12,23,3,10,1,1,C03,7,9,1,10,2,12,,23,23,1,22,8,C03,120.552858,24.297236,2
2022,10,31,20,25,臺中市,南區,0,1,0,6,3,5,50,4,1,1,4,4,5,7,4,4,10,5,5,2,15,6,3,10,1,1,B03,7,9,1,8,2,5,,6,6,1,21,8,B03,120.673076,24.127348,2
2022,10,31,20,30,臺中市,南屯區,0,0,0,,,,50,,,,,,,,,,,,,,,9,,,,,B03,,,1,,2,,,9,,2,22,,B03,120.645068,24.132012,3
2022,10,31,20,31,臺中市,北屯區,0,0,0,6,,,50,,,,,,,,,,,,,,,8,,,,,B03,,,1,,2,,,8,8,1,5,,B03,120.71194,24.165405,3
2022,10,31,20,32,臺中市,清水區,0,1,0,8,3,5,30,4,1,1,5,4,5,7,4,4,10,5,5,1,15,6,3,10,1,1,B12,7,9,1,8,2,5,,6,6,1,21,8,B12,120.577463,24.287272,2
2022,10,31,20,35,臺中市,南區,0,1,0,7,3,5,50,14,9,1,4,4,5,7,4,4,5,5,5,2,17,21,2,9,1,1,C03,7,15,3,18,6,11,12,21,21,1,20,8,C03,120.677494,24.125731,2
2022,10,31,20,38,臺中市,南屯區,0,2,0,6,3,5,50,4,1,1,4,4,5,7,1,1,5,5,4,2,16,8,3,10,1,4,B01,7,5,1,4,2,6,,8,8,1,22,8,B01,120.648738,24.144933,2
2022,10,31,20,40,臺中市,北屯區,0,1,0,6,3,5,50,14,9,1,4,4,5,7,4,4,5,4,5,2,18,23,2,9,1,1,C03,7,9,1,10,2,11,,23,23,1,22,8,C03,120.725056,24.176038,2
2022,10,31,20,43,臺中市,豐原區,0,1,0,8,3,5,40,14,7,1,4,4,5,7,4,4,9,4,4,2,16,10,3,10,1,1,B03,7,11,1,8,2,8,,10,10,1,22,8,B03,120.705491,24.241966,2
2022,10,31,20,44,臺中市,烏日區,0,0,0,6,,,60,,,,,,,,,,,,,,,23,,,,,B12,,,1,,2,,,23,,1,4,,B12,120.630789,24.104828,3
2022,10,31,20,45,臺中市,霧峰區,0,1,0,6,3,5,30,14,9,1,4,4,5,7,4,4,10,5,5,1,18,42,2,1,3,4,C03,7,9,3,18,8,14,,42,42,1,20,8,C03,120.765633,24.046162,2
2022,10,31,20,50,臺中市,豐原區,0,1,0,6,3,5,50,14,7,1,4,4,5,7,4,4,5,5,4,2,16,10,3,10,1,1,B03,7,11,1,8,2,6,,10,10,1,21,8,B03,120.705933,24.251205,2
2022,10,31,20,52,臺中市,西屯區,0,1,0,6,3,5,40,14,8,1,4,4,5,7,4,4,1,4,4,2,18,42,2,9,1,1,C03,7,12,1,10,2,12,,42,42,1,21,8,C03,120.629923,24.180463,2
2022,10,31,21,0,臺中市,北區,0,2,0,6,3,5,50,14,9,1,4,4,5,7,4,4,1,4,5,2,16,19,2,9,1,1,C03,7,1,1,10,2,13,,19,19,1,21,8,C03,120.684903,24.167702,2
2022,10,31,21,0,臺中市,清水區,0,0,0,8,,,40,,,,,,,,,,,,,,,18,,,,,B03,,,1,,9,,,18,,1,21,,B03,120.576084,24.270913,3
2022,10,31,21,0,臺中市,沙鹿區,0,1,0,6,3,5,40,4,1,1,4,4,5,7,1,1,10,5,5,2,29,44,2,9,1,1,C03,7,6,1,10,2,11,,44,44,1,21,8,C03,120.564691,24.23969,2
2022,10,31,21,1,臺中市,潭子區,0,1,0,6,3,5,50,3,2,1,4,4,5,7,4,4,5,5,5,1,16,26,2,9,1,1,C03,7,9,1,10,2,14,,26,26,1,22,9,C03,120.701424,24.223038,2
2022,10,31,21,8,臺中市,沙鹿區,0,1,0,6,3,5,50,4,1,1,4,4,5,7,4,4,10,5,5,2,17,23,2,9,1,1,C03,7,9,1,10,2,14,,23,23,1,21,8,C03,120.565536,24.241773,2
2022,10,31,21,20,臺中市,南區,0,3,0,8,3,5,1,14,8,1,5,4,5,7,4,4,1,5,5,2,3,51,2,9,1,1,H01,8,18,8,20,11,16,,51,51,1,22,8,H01,120.655055,24.115622,2
2022,10,31,21,20,臺中市,太平區,0,0,0,6,,,50,,,,,,,,,,,,,,,18,,,,,B03,,,1,,2,,,18,18,1,19,,B03,120.717509,24.11754,3
2022,10,31,21,20,臺中市,豐原區,0,2,0,7,3,5,50,14,7,1,4,4,5,7,1,1,4,5,4,2,13,23,2,9,3,4,C03,7,9,2,18,2,15,,23,23,1,22,8,C03,120.745046,24.255279,2
2022,10,31,21,23,臺中市,烏日區,0,1,0,6,3,5,50,3,2,1,4,4,5,7,2,1,1,4,4,2,12,9,3,10,3,4,B03,7,6,1,8,2,15,,9,9,1,21,9,B03,120.625567,24.108842,2
2022,10,31,21,26,臺中市,潭子區,0,0,0,6,,,30,,,,,,,,,,,,,,,12,,,,,B03,,,1,,2,,,12,,1,22,,B03,120.678016,24.203623,3
2022,10,31,21,36,臺中市,沙鹿區,0,1,0,6,3,5,50,14,7,1,4,4,5,7,4,4,9,5,4,2,13,23,2,9,1,1,C03,7,9,1,10,2,11,,23,23,1,20,8,C03,120.57707,24.223761,2
2022,10,31,21,40,臺中市,大里區,0,2,0,6,3,5,50,4,1,1,4,4,5,7,1,1,5,4,4,2,17,8,2,9,3,4,C03,7,5,2,18,2,14,,8,8,1,22,8,C03,120.689048,24.080588,2
2022,10,31,21,45,臺中市,大里區,0,0,0,8,,,50,,,,,,,,,,,,,,,23,,,,,B03,,,1,,2,,,23,,1,9,,B03,120.693312,24.090832,3
2022,10,31,21,56,臺中市,大里區,0,1,0,6,3,5,50,14,9,1,4,4,5,7,4,4,5,5,5,2,16,26,3,10,1,1,B03,7,1,1,8,2,1,,26,26,1,22,9,B03,120.702366,24.109933,2
2022,10,31,22,2,臺中市,北屯區,0,0,0,6,,,30,,,,,,,,,,,,,,,43,,,,,,,,,,,,,43,,1,,,,120.700373,24.183148,3
2022,10,31,22,7,臺中市,東區,0,1,0,6,3,5,50,4,1,1,4,4,5,7,1,1,10,5,5,2,18,23,2,8,1,1,C03,7,9,1,10,2,14,,23,23,1,18,8,C03,120.706033,24.142768,2
2022,10,31,22,10,臺中市,西區,0,0,0,6,,,30,,,,,,,,,,,,,,,19,,,,,C03,,,1,,2,,,19,,1,5,,C03,120.673167,24.148354,3
2022,10,31,22,26,臺中市,西屯區,0,2,0,6,1,5,40,14,8,1,4,4,5,7,4,4,1,5,5,2,18,43,2,9,1,1,C03,7,9,1,10,2,14,,43,43,1,22,8,C03,120.612717,24.184419,2
2022,10,31,22,29,臺中市,北區,0,0,0,6,,,50,,,,,,,,,,,,,,,8,,,,,B03,,,1,,2,,,8,8,1,5,,B03,120.682352,24.158121,3
2022,10,31,22,33,臺中市,南區,0,1,0,6,3,5,50,3,1,1,4,4,5,7,3,1,10,5,5,2,16,6,3,10,1,1,B12,7,6,1,7,2,8,,6,6,1,21,8,B12,120.662148,24.117083,2
2022,10,31,22,52,臺中市,太平區,0,1,0,6,3,5,50,14,9,1,4,4,5,7,4,4,5,5,5,2,29,23,2,9,1,1,C03,7,9,1,10,2,11,12,23,23,1,21,8,C03,120.713391,24.14114,2
2022,10,31,22,53,臺中市,西區,0,2,0,6,3,5,50,3,1,1,4,4,5,7,4,4,10,5,5,2,16,26,2,9,1,1,C03,7,9,1,10,2,11,,26,26,1,4,8,C03,120.658226,24.158811,2
2022,10,31,22,56,臺中市,北屯區,0,0,0,6,,,50,,,,,,,,,,,,,,,7,,,,,B03,,,1,,1,,,7,,1,21,,B03,120.679203,24.201348,3
2022,10,31,23,5,臺中市,沙鹿區,0,2,0,8,3,5,30,4,1,1,4,4,5,7,4,4,10,5,5,2,15,6,2,9,1,1,C03,7,9,1,10,2,12,,6,6,1,18,8,C03,120.571125,24.224819,2
2022,10,31,23,32,臺中市,南屯區,0,1,0,6,3,5,50,4,1,1,4,4,5,7,1,1,5,4,5,2,13,16,2,9,3,4,C03,7,5,1,9,2,11,,16,16,1,22,9,C03,120.653025,24.13668,2
2022,10,31,23,32,臺中市,龍井區,0,0,0,8,,,40,,,,,,,,,,,,,,,23,,,,,B12,,,1,,2,,,23,,1,12,,B12,120.494315,24.213535,3